{"type":"FeatureCollection","features":[{"type":"Feature","id":"continents-0","properties":{"id":1,"name":"Westeros","layer":"continents","fid":"continents-0","slug":"westeros"},"geometry":{"type":"Polygon","coordinates":[[[16.40672301947538,39.47534753394846],[16.460888929009034,39.45400944837459],[16.446872153706654,39.38392557186269],[16.493594738047925,39.206379751365866],[16.60572894046697,39.10359006581507],[16.666468300110623,39.024161672434914],[16.731879918188397,38.95875005435714],[16.886064446514588,38.97276682965952],[17.05426575014316,38.98211134652777],[17.19443350316697,38.88866617784523],[17.30189544715189,38.711120357348406],[17.385996098966174,38.58496937962698],[17.521491593555854,38.50554098624682],[17.717726447789186,38.43545710973492],[17.871910976115377,38.34201194105238],[18.06347357191458,38.32332290731587],[18.245691650845533,38.32332290731587],[18.367170370132836,38.37004549165714],[18.521354898459023,38.38406226695952],[18.624144584009816,38.34201194105238],[18.703572977389978,38.29061709827698],[18.797018146072514,38.2065164464627],[18.960547191266958,38.12241579464841],[19.091370427422515,38.028970625965876],[19.306294315392357,37.832735771732544],[19.47916787745505,37.692568018708734],[19.586629821439974,37.44493832170001],[19.595974338308228,37.27673701807143],[19.567940787703463,37.14124152348175],[19.638024664215372,37.06181313010159],[19.694091765424893,37.00107377045794],[19.890326619658225,36.94967892768255],[20.030494372682035,36.93098989394604],[20.08656147389156,37.00107377045794],[20.212712451612987,37.02443506262858],[20.34353568776854,36.982384736721436],[20.446325373319336,37.094518939140485],[20.56313183417251,37.2019808831254],[20.600509901645523,37.309442827110324],[20.65190474442092,37.40756025422699],[20.750022171537584,37.48231638917302],[20.848139598654253,37.48231638917302],[20.862156373956633,37.351493153017465],[20.843467340220126,37.27206475963731],[20.9088789582979,37.18796410782302],[20.92756799203441,37.094518939140485],[21.086424778794726,37.09919119757461],[21.184542205911395,37.15525829878413],[21.231264790252663,37.26272024276905],[21.28265963302806,37.34214863614921],[21.315365442066952,37.463627355436515],[21.26397059929155,37.55240026568492],[21.240609307120916,37.706584794011114],[21.249953823989173,37.82806351329842],[21.32938221736933,37.916836423546826],[21.492911262563776,37.93552545728333],[21.59102868968044,37.930853198849206],[21.633079015587583,37.80002996269366],[21.689146116797104,37.64584543436746],[21.70783515053361,37.533711231948416],[21.7405409595725,37.39821573735874],[21.72652418427012,37.211325399993655],[21.805952577650277,37.07115764696985],[21.815297094518534,36.80483891622461],[21.810624836084404,36.62262083729366],[21.78726354391377,36.45441953366509],[21.703162892099485,36.37031888185081],[21.614389981851073,36.34695758968017],[21.483566745695516,36.459091792099215],[21.404138352315357,36.49646985957223],[21.334054475803455,36.473108567401596],[21.27798737459393,36.36564662341668],[21.268642857725677,36.12268918484207],[21.277987374593927,35.91243755530636],[21.19855898121377,35.74890851011192],[21.086424778794722,35.72087495950716],[21.025685419151074,35.62742979082462],[20.91822347516615,35.60406849865398],[20.84813959865425,35.44988397032779],[20.75002217153758,35.412505902854775],[20.72198862093282,35.309716217303986],[20.633215710684407,35.239632340792085],[20.57247635104076,35.11815362150478],[20.591165384777266,34.9826581269151],[20.684610553459805,34.89388521666669],[20.806089272747105,34.772406497379386],[20.81543378961536,34.632238744355575],[20.787400239010598,34.43133163168812],[20.7360053962352,34.30518065396669],[20.764038946839964,34.11361805816748],[20.83412282335187,34.010828372616686],[21.01166864384869,33.880005136461136],[21.147164138438374,33.84262706898812],[21.235937048686782,33.739837383437326],[21.221920273384402,33.65573673162304],[21.263970599291547,33.53893027076987],[21.282659633028057,33.35203993340478],[21.38077706014472,33.230561214117486],[21.432171902920118,33.132443787000824],[21.404138352315353,32.950225708069866],[21.478894487261385,32.81473021348019],[21.544306105339164,32.581117291773836],[21.5162725547344,32.41203993968881],[21.54897836377329,32.258731459819074],[21.581684172812185,32.10921918992702],[21.55365062220742,31.898967560391302],[21.60504546498282,31.82421142544527],[21.69381837523123,31.87560626822067],[21.866691937293925,31.922328852561936],[21.964809364410595,31.90363981882543],[22.039565499356623,31.782161099538126],[22.118993892736782,31.70273270615797],[22.32457326383837,31.740110773630985],[22.47408553373043,31.74478303206511],[22.651631354227256,31.660682380250826],[22.815160399421696,31.581253986870667],[23.016067512089162,31.57658172843654],[23.118857197639954,31.45510300914924],[23.202957849454243,31.385019132637336],[23.427226254292336,31.352313323598445],[23.49263787237011,31.25419589648178],[23.553377232013762,31.170095244667497],[23.65149465913043,31.174767503101624],[23.69354498503757,31.142061694062733],[23.819695962758995,31.15140621093099],[23.917813389875665,31.216817829008765],[23.931830165178045,31.352313323598445],[24.04396436759709,31.42239720011035],[24.1841321206209,31.413052683242096],[24.399056008590744,31.450430750715114],[24.539223761614554,31.520514627227016],[24.782181200189154,31.581253986870667],[24.931693470081218,31.57658172843654],[25.053172189368517,31.529859144095273],[25.10923929057804,31.445758492280987],[25.12792832431455,31.32895203142781],[25.26809607733836,31.226162345877018],[25.305474144811374,31.10001136815559],[25.28211285264074,30.97853264886829],[25.235390268299472,30.91779328922464],[25.26342381890423,30.80565908680559],[25.41760834723042,30.68418036751829],[25.45031415626931,30.618768749440513],[25.45031415626931,30.548684872928607],[25.394247055059786,30.483273254850833],[25.45031415626931,30.427206153641308],[25.52974254964947,30.31974420965639],[25.52974254964947,30.081459029515912],[25.403591571928043,30.011375153004007],[25.50170899904471,29.768417714429408],[25.370885762889152,29.54414930959131],[25.305474144811374,29.329225421621473],[25.221373492997092,29.254469286675437],[25.109239290578046,29.062906690876233],[25.11391154901217,28.946100230023063],[25.04849993093439,28.871344095077028],[24.96439927912011,28.754537634223855],[24.89521302861278,28.620008813792946],[24.901323790259386,28.562975038424646],[24.934029599298274,28.36674018419132],[24.854601205918115,28.147144037787346],[24.83123991374748,27.96025370042227],[24.859273464352242,27.80606917209608],[24.859273464352242,27.581800767257988],[24.83123991374748,27.51638914918021],[24.789189587840337,27.50237237387783],[24.667710868553037,27.563111733521477],[24.550904407699864,27.6705736775064],[24.555576666133987,27.810741430530207],[24.574265699870498,27.98828725102703],[24.536887632397484,28.105093711880208],[24.406064396241927,28.23591694803576],[24.392047620939547,28.45551309443973],[24.284585676954627,28.464857611307984],[24.177123732969708,28.49289116191275],[24.022939204643517,28.525596970951632],[23.92482177752685,28.62838665650243],[23.89211596848796,28.534941487819886],[23.901460485356214,28.329362116718304],[23.836048867278443,28.263950498640526],[23.859410159449073,28.17984984682624],[23.80801531667368,28.10042145344608],[23.723914664859393,27.97427047572465],[23.67719208051812,27.83877498113497],[23.723914664859393,27.665901419072274],[23.672519822083995,27.48835559857545],[23.621124979308597,27.352860103985766],[23.55571336123082,27.22670912626434],[23.51366303532368,27.10523040697704],[23.392184316036378,27.067852339504025],[23.209966237105427,27.067852339504025],[23.01840364130622,27.049163305767514],[22.910941697321302,26.927684586480215],[22.915613955755425,26.77817231658815],[22.89225266358479,26.670710372603228],[22.77544620273162,26.563248428618312],[22.677328775614953,26.535214878013548],[22.644622966576062,26.493164552106403],[22.555850056327653,26.4744755183699],[22.485766179815748,26.46980325993577],[22.46240488764511,26.558576170184182],[22.364287460528445,26.684727147905615],[22.24280874124115,26.829567159363545],[22.17739712316337,26.8389116762318],[22.06526292074432,26.8903065190072],[21.887717100247496,26.979079429255613],[21.77558289782845,26.979079429255613],[21.67746547071178,27.05383556420164],[21.654104178541147,26.908995552743704],[21.71017127975067,26.815550384061165],[21.79427193156496,26.787516833456408],[21.906406133984007,26.740794249115133],[21.999851302666542,26.62398778826196],[22.00452356110067,26.530542619579425],[21.962473235193528,26.479147776804023],[21.784927414696703,26.48849229367228],[21.738204830355436,26.451114226199266],[21.831649999037975,26.381030349687357],[21.883044841813373,26.296929697873075],[21.90173387554988,26.208156787624663],[21.817633223735594,26.133400652678628],[21.621398369502263,26.128728394244504],[21.588692560463375,26.077333551469106],[21.663448695409404,25.97921612435244],[21.724188055053055,25.91847676470879],[21.78025515626258,25.76896449481673],[21.85501129120861,25.694208359870693],[21.99050678579829,25.61010770805641],[22.182069381597493,25.544696089978633],[22.280186808714163,25.45592317973022],[22.261497774977656,25.156898639946093],[22.415682303303843,25.035419920658796],[22.420354561737973,24.946647010410384],[22.39699326956734,24.89057990920086],[21.89706161711575,24.881235392332606],[21.859683549642735,24.801806998952447],[21.89706161711575,24.65696698749451],[22.074607437612578,24.45605987482705],[22.270842291845906,24.45605987482705],[22.336253909923684,24.446715357958794],[22.368959718962575,24.283186312764354],[22.434371337040353,24.283186312764354],[22.481093921381618,24.227119211554825],[22.457732629210984,24.08227920009689],[22.50445521355225,23.99350628984848],[22.56986683163003,23.895388862731814],[22.64929522501019,23.843994019956416],[22.826841045507013,23.862683053692926],[22.868891371414158,23.81596046935166],[22.850202337677647,23.689809491630225],[22.906269438887172,23.587019806079432],[22.95766428166257,23.540297221738165],[22.967008798530824,23.386112693411974],[22.887580405150665,23.36275140124134],[22.854874596111777,23.311356558465945],[22.990370090701457,23.222583648217533],[23.004386866003838,23.096432670496107],[22.995042349135584,22.974953951208803],[22.87823588828241,22.876836524092138],[22.840857820809394,22.792735872277852],[22.864219112980027,22.689946186727056],[23.116521068422884,22.591828759610394],[23.18660494493479,22.376904871640548],[23.597763687137963,22.353543579469914],[23.60243594557209,22.246081635484998],[23.667847563649868,22.18067001740722],[23.850065642580816,22.10124162402706],[24.083678564287165,22.021813230646902],[24.26122438478399,21.975090646305635],[24.392047620939543,21.895662252925476],[24.345325036598275,21.83959515171595],[24.30327471069113,21.755494499901666],[24.186468249837958,21.71344417399452],[24.027611463077644,21.774183533638173],[23.845393384146693,21.820906117979444],[23.67719208051812,21.905006769793726],[23.36882302386574,21.858284185452458],[23.163243652764155,21.886317736057222],[23.01373138287209,21.99845193847627],[22.87356362984828,22.00312419691039],[22.705362326219706,22.035830005949283],[22.54650553945939,22.077880331856427],[22.457732629210977,22.218048084880234],[22.326909393055427,22.15263646680246],[22.168052606295106,22.15263646680246],[22.018540336403046,22.190014534275473],[21.911078392418123,22.283459702958012],[21.7335325719213,22.283459702958012],[21.588692560463365,22.362888096338168],[21.383113189361776,22.47035004032309],[21.238273177903842,22.40961068067944],[21.275651245376856,22.23673711861674],[21.336390605020508,22.110586140895315],[21.369096414059396,22.021813230646902],[21.303684795981617,21.909679028227856],[21.238273177903842,21.760166758335796],[21.07941639114352,21.56393190410246],[21.070071874275268,21.38171382517151],[20.985971222460986,21.246218330581826],[20.92990412125146,21.12941186972865],[20.971954447158605,20.989244116704842],[20.967282188724475,20.722925385959606],[20.934576379685588,20.620135700408813],[20.79440862666178,20.475295688950883],[20.76637507605702,20.344472452795326],[20.743013783886386,20.246355025678657],[20.663585390506228,20.13422082325961],[20.59350151399432,20.003397587104054],[20.588829255560196,19.88659112625088],[20.509400862180037,19.81650724973898],[20.44398924410226,19.713717564188187],[20.327182783249086,19.56887755273025],[20.27111568203956,19.48477690091596],[20.20103180552766,19.494121417784218],[20.046847277201465,19.48944915935009],[19.93938533321655,19.4567433503112],[19.850612422968137,19.480104642481834],[19.761839512719725,19.508138193086598],[19.67773886090544,19.4567433503112],[19.56560465848639,19.39133173223342],[19.472159489803854,19.279197529814372],[19.355353028950677,19.283869788248502],[19.26190786026814,19.321247855721516],[19.1684626915856,19.41469302440406],[19.15444591628322,19.536171743691355],[19.08903429820544,19.61092787863739],[18.976900095786394,19.620272395505644],[18.939522028313377,19.582894328032626],[18.855421376499095,19.587566586466753],[18.804026533723697,19.620272395505644],[18.74328717408005,19.59223884490088],[18.612463937924492,19.508138193086598],[18.486312960203062,19.433382058140563],[18.35548972404751,19.279197529814372],[18.34147294874513,19.199769136434213],[18.271389072233223,19.143702035224692],[18.205977454155445,19.031567832805646],[18.145238094511793,19.01287879906914],[18.07515421799989,19.082962675581044],[18.01441485835624,19.134357518356435],[17.95834775714672,19.171735585829456],[17.836869037859415,19.185752361131836],[17.75276838604513,19.251163979209615],[17.748096127611003,19.447398833442943],[17.748096127611003,19.55018851899374],[17.776129678215764,19.685684013583423],[17.808835487254655,19.79314595756834],[17.762112902913383,19.80716273287072],[17.556533531811798,19.835196283475483],[17.4350548125245,19.923969193723895],[17.393004486617354,20.096842755786593],[17.402349003485607,20.255699542546907],[17.34160964384196,20.564068599199288],[17.32759286853958,20.797681520905638],[17.29021480106656,20.891126689588177],[17.178080598647515,21.017277667309603],[17.051929620926085,21.08736154382151],[17.04725736249196,20.93317701549532],[17.037912845623705,20.76030345343262],[17.037912845623705,20.62480795884294],[17.084635429964973,20.479967947385003],[17.07529091309672,20.30242212688818],[17.033240587189578,20.22299373350802],[16.92577864320466,20.13422082325961],[16.81831669921974,20.012742103972307],[16.75290508114196,19.905280159987388],[16.76692185644434,19.769784665397705],[16.790283148614975,19.624944653939767],[16.771594114878468,19.517482709954848],[16.673476687761802,19.4053485075358],[16.570687002211006,19.293214305116752],[16.64544313715704,19.167063327395326],[16.631426361854658,19.064273641844533],[16.486586350396724,19.045584608108022],[16.33707408050466,19.082962675581044],[16.266990203992755,19.050256866542153],[16.178217293744343,18.89140007978184],[16.14083922627133,18.727871034587395],[16.173545035310216,18.48958585444692],[16.18288955217847,18.3307290676866],[16.098788900364184,18.27466196647708],[16.04739405758879,18.19990583153105],[16.066083091325297,18.10646066284851],[16.04739405758879,18.017687752600093],[15.991326956379265,17.99899871886359],[15.897881787696724,18.10646066284851],[15.804436619014187,18.064410336941368],[15.743697259370537,17.91022580861518],[15.7203359671999,17.73267998811835],[15.622218540083233,17.592512235094546],[15.603529506346726,17.438327706768355],[15.678285641292758,17.33553802121756],[15.67361338285863,17.214059301930263],[15.5988572479126,17.19537026819375],[15.505412079230059,17.143975425418354],[15.341883034035616,17.115941874813593],[15.206387539445934,17.07856380734058],[15.173681730407045,16.96642960492153],[15.122286887631649,16.756177975385818],[15.126959146065776,16.658060548269148],[15.309177224996727,16.55527086271836],[15.327866258733236,16.41510310969455],[15.39795013524514,16.260918581368358],[15.468034011757045,16.11607856991042],[15.561479180439584,16.092717277739787],[15.79976436058006,16.097389536173914],[15.893209529262597,16.055339210266773],[15.92124307986736,15.952549524715977],[16.0146882485499,15.868448872901695],[16.206250844349103,15.873121131335822],[16.332401822070533,15.96189404158423],[16.44453602448958,16.045994693398512],[16.636098620288784,16.10206179460804],[16.93979541850704,16.148784378949316],[17.093979946833226,16.16280115425169],[17.30890383480307,16.17214567111995],[17.42571029565624,16.111406311476294],[17.54718901494354,16.083372760871534],[17.663995475796717,16.069355985569153],[17.715390318572112,16.139439862081055],[17.654650958928464,16.232885030763597],[17.6266174083237,16.321657941012006],[17.64530644206021,16.475842469338197],[17.762112902913383,16.522565053679465],[17.9209696896737,16.536581828981845],[18.075154217999888,16.50854827837709],[18.149910352945923,16.42911988499693],[18.252700038496716,16.368380525353274],[18.38352327465227,16.373052783787408],[18.425573600559414,16.42911988499693],[18.4582794095983,16.517892795245345],[18.439590375861794,16.61133796392788],[18.528363286110206,16.704783132610416],[18.514346510807826,16.788883784424705],[18.593774904187985,16.868312177804867],[18.78533749998719,16.901017986843755],[18.930177511445123,16.863639919370733],[19.079689781337187,16.788883784424705],[19.187151725322106,16.756177975385818],[19.243218826531628,16.802900559727085],[19.36469754581893,16.933723795882642],[19.490848523540357,16.933723795882642],[19.673066602471312,16.929051537448515],[19.81744496891188,16.98018554222955],[19.815570484712186,16.994463155526297],[19.91135178261179,17.062210902821143],[19.97909952990663,17.146311554635425],[20.06787244015504,17.232748335666777],[20.144964704318138,17.279470920008045],[20.238409873000677,17.31918511669813],[20.29914923264433,17.365907701039397],[20.373905367590357,17.372916088690587],[20.45566989018758,17.300496082961615],[20.532762154350674,17.272462532356855],[20.619198935382023,17.342546408868763],[20.799080885095904,17.445336094419552],[20.976626705592732,17.529436746233834],[21.135483492353046,17.56214255527273],[21.182206076694314,17.52009222936558],[21.210239627299078,17.447672223636616],[21.147164138438367,17.379924476341778],[21.0934331664459,17.321521245915186],[21.011668643848683,17.239756723317967],[20.920559604383207,17.172008976023122],[20.911215087514954,17.09491671186003],[20.94392089655384,17.043521869084636],[21.03035767758519,17.027168964565192],[21.119130587833602,17.064547032038206],[21.219584144167335,17.092580582642967],[21.317701571283997,17.12995865011598],[21.40413835231535,17.146311554635425],[21.47655835804432,17.08790832420884],[21.509264167083206,17.05286638595289],[21.56533126829273,17.09491671186003],[21.577011914378044,17.17668123445725],[21.64709579088995,17.24676511096915],[21.740540959572492,17.293487695310425],[21.845666774340344,17.30283221217868],[21.892389358681616,17.244428981752094],[21.95546484754233,17.202378655844953],[22.0979687297832,17.207050914279073],[22.186741640031613,17.24676511096915],[22.387648752699075,17.281807049225108],[22.5908919945836,17.391605122427087],[22.693681680134393,17.44299996520249],[22.72872361839034,17.480378032675503],[22.712370713870897,17.585503847443363],[22.731059747607407,17.641570948652884],[22.78712684881693,17.671940628474708],[22.94131137714312,17.676612886908835],[23.04176493347685,17.739688375769553],[23.160907523547085,17.78641096011082],[23.268369467532008,17.830797415235025],[23.340789473260976,17.891536774878674],[23.478621097067723,17.891536774878674],[23.59075529948677,17.940595488437012],[23.649158529913354,17.996662589646533],[23.716906277208196,18.00834323573185],[23.744939827812956,17.954612263739392],[23.72858692329351,17.898545162529864],[23.707561760339942,17.828461286017962],[23.61178046244034,17.742024504986617],[23.50665464767248,17.68829353299415],[23.43423464194351,17.683621274560025],[23.315092051873275,17.587839976660426],[23.144554619027645,17.48505029110963],[22.990370090701454,17.433655448334235],[22.98803396148439,17.335538021217573],[22.938975247926056,17.260781886271538],[22.871227500631218,17.179017363674312],[22.7123707138709,17.15098381306956],[22.597900382234794,17.08089993655765],[22.50211908433519,16.989790897092178],[22.33391778070662,17.01081606004574],[22.270842291845902,16.959421217270354],[22.14001905569035,16.882328953107255],[22.067599049961384,16.78654765520765],[22.01854033640305,16.702447003393367],[22.067599049961384,16.681421840439796],[22.203094544551064,16.679085711222733],[22.305884230101857,16.693102486525113],[22.3736319773967,16.725808295564],[22.460068758428047,16.73281668321519],[22.532488764157016,16.74683345851757],[22.611917157537174,16.809908947378283],[22.66331200031257,16.870648307021938],[22.73105974760741,16.877656694673128],[22.81749652863876,16.884665082324318],[22.89225266358479,16.91269863292908],[22.94598363557725,16.975774121789797],[22.94598363557725,17.083236065774713],[23.006722995220898,17.12995865011598],[23.1282017145082,17.176681234457256],[23.245008175361377,17.23508446488384],[23.36648689464868,17.33787415043463],[23.431898512726452,17.363571571822334],[23.469276580199473,17.363571571822334],[23.506654647672487,17.293487695310425],[23.487965613935977,17.21405930193027],[23.44124302959471,17.136967037767178],[23.36181463621455,17.083236065774713],[23.26136107988082,17.003807672394558],[23.26369720909788,16.917370891363205],[23.20763010788836,16.856631531719557],[23.202957849454233,16.784211525990592],[23.144554619027645,16.723472166346937],[22.97168105696495,16.644043772966782],[22.88758040515066,16.594985059408444],[22.79179910725106,16.53658182898186],[22.71003458465384,16.555270862718366],[22.618925545188365,16.506212149160035],[22.54416941024233,16.431456014214007],[22.50445521355225,16.319321811794957],[22.404001657218522,16.197843092507654],[22.296539713233603,16.109070182259245],[22.270842291845902,16.06468372713504],[22.32924552227249,16.03431404731321],[22.4694132752963,16.05533921026678],[22.532488764157016,16.08337276087154],[22.628270062056618,16.07636437322035],[22.733395876824474,16.088045019305675],[22.79647136568519,16.13009534521281],[22.8595468545459,16.19550696329059],[22.936639118708996,16.22354051389535],[23.02073977052328,16.256246322934246],[23.1795965572836,16.354363750050908],[23.310419793439152,16.471170210904084],[23.443579158811772,16.578632154889007],[23.513663035323674,16.62769086844733],[23.609444333223276,16.700110874176303],[23.709897889557006,16.730480553998134],[23.768301119983594,16.80990894737829],[23.80801531667367,16.87999282389019],[23.896788226922087,16.908026374494952],[23.96687210343399,16.964093475704473],[24.10003146880661,17.015488318479875],[24.177123732969704,17.057538644387016],[24.240199221830416,17.048194127518762],[24.27056890165224,17.03184122299932],[24.263560514001053,16.973437992572727],[24.209829542008592,16.908026374494952],[24.188804379055018,16.85896766093662],[24.088350822721296,16.812245076595346],[23.95752758656574,16.756177975385825],[23.93183016517804,16.69076635730805],[23.96219984499987,16.644043772966782],[23.95051919891455,16.597321188625507],[23.85707403023201,16.5272373121136],[23.770637249200664,16.47584246933821],[23.65149465913042,16.405758592826302],[23.518335293757804,16.286616002756062],[23.380503669951057,16.1884985756394],[23.361814636214554,16.14411212051519],[23.392184316036378,16.120750828344555],[23.530015939843125,16.116078569910435],[23.630469496176854,16.141775991298125],[23.69588111425463,16.19550696329059],[23.786990153720108,16.26325471058543],[23.82904047962725,16.335674716314394],[23.852401771797883,16.42444762656281],[23.96453597421693,16.48051472777233],[24.079006305853042,16.454817306384633],[24.158434699233197,16.45948956481876],[24.247207609481613,16.52256505367948],[24.328972132078835,16.594985059408444],[24.52754311552923,16.730480553998127],[24.798534104708594,16.908026374494952],[24.934029599298274,17.01081606004574],[25.01112186346137,17.127622520898917],[25.09989477370978,17.13696703776717],[25.174650908655813,17.12295026246479],[25.20034833004351,17.078563807340586],[25.162970262570493,16.996799284743368],[25.10456703214391,16.987454767875107],[25.029810897197876,16.922043149797332],[24.994768958941922,16.86363991937074],[24.856937335135182,16.751505716951698],[24.693408289940734,16.644043772966782],[24.525206986312163,16.52256505367948],[24.459795368234392,16.45248117716757],[24.464467626668515,16.368380525353288],[24.408400525458994,16.270263098236626],[24.291594064605817,16.204851480158844],[24.142081794713754,16.186162446422337],[24.02527533386058,16.14411212051519],[23.978552749519313,16.05533921026678],[23.945846940480426,15.90115468194059],[23.819695962758992,15.81238177169218],[23.707561760339946,15.782012091870357],[23.487965613935977,15.772667575002103],[23.380503669951057,15.723608861443772],[23.26136107988082,15.683894664753694],[23.11418493920582,15.67221401866837],[22.948319764794316,15.66754176023425],[22.780118461165745,15.641844338846546],[22.623597803622488,15.597457883722342],[22.53015263493995,15.534382394861623],[22.42736294938916,15.424584321659644],[22.317564876187177,15.310113990023531],[22.207766802985187,15.190971399953298],[22.151699701775666,15.102198489704882],[22.121330021953842,15.008753321022347],[21.976490010495905,14.840552017393776],[21.95312871832527,14.75878749479655],[22.037229370139556,14.756451365579487],[22.151699701775666,14.777476528533057],[22.23580035358995,14.803173949920762],[22.39465714035027,14.814854596006072],[22.450724241559794,14.88493847251798],[22.495110696684,14.936333315293375],[22.579211348498283,14.992400416502903],[22.70302619700265,15.034450742410044],[22.81048814098757,15.12322365265846],[22.87823588828241,15.193307529170362],[22.91795008497249,15.24003011351163],[22.990370090701457,15.242366242728693],[23.046437191910982,15.174618495433847],[23.20551646716816,15.160156743137748],[23.305747535005025,15.197979787604488],[23.469276580199466,15.310113990023531],[23.58374691183558,15.349828186713609],[23.705225631122882,15.310113990023531],[23.864082417883196,15.321794636108855],[24.050972755248278,15.338147540628299],[24.244871480264543,15.380197866535433],[24.450450851366128,15.49934045660568],[24.508854081792716,15.54839917016401],[24.644349576382396,15.590449496071152],[24.805542492359777,15.602130142156476],[24.870954110437555,15.648852726497744],[24.980752183639538,15.711928215358455],[25.074197352322077,15.732953378312025],[25.160634133353426,15.767995316567983],[25.235390268299458,15.861440485250519],[25.33817995385025,15.940868878630674],[25.40359157192803,15.933860490979484],[25.47367544843993,15.88947403585528],[25.47834770687406,15.831070805428695],[25.450314156269297,15.777339833436237],[25.328835436981993,15.693239181621948],[25.300801886377236,15.641844338846553],[25.289121240291916,15.588113366854088],[25.359205116803825,15.497004327388616],[25.377894150540328,15.443273355396151],[25.373221892106205,15.38720625418663],[25.33584382463319,15.384870124969567],[25.279776723423666,15.363844962015996],[25.261087689687155,15.307777860806475],[25.221373492997078,15.272735922550524],[25.115079613620686,15.279744310201714],[25.085877998407398,15.227181402817784],[25.02163444493815,15.15826559091441],[24.895483467216724,15.145416880220559],[24.870954110437555,15.10687074813901],[24.883802821131404,15.068324616057467],[24.875833621545485,15.060782337877932],[24.888475079565538,14.980719770417586],[24.858034215750926,14.959791676545045],[24.858105399743696,14.959694607464002],[24.825399590704805,14.915308152339797],[24.832407978355995,14.842888146610832],[24.790357652448858,14.786821045401304],[24.749542228634652,14.785363351693654],[24.696912483766315,14.77046814088186],[24.545064084657188,14.786821045401304],[24.460963432842906,14.77046814088186],[24.444610528323462,14.73542620262591],[24.49133311266473,14.709728781238205],[24.610475702734966,14.730753944191783],[24.685231837681,14.714401039672339],[24.764660231061157,14.73542620262591],[24.802692414714954,14.757012036591576],[24.828350490768482,14.748459344573732],[24.832407978356013,14.695712005935839],[24.76232410184411,14.625628129423937],[24.696912483766333,14.513493927004895],[24.706257000634587,14.438737792058859],[24.7436350681076,14.382670690849338],[24.846424753658393,14.387342949283465],[24.9165086301703,14.396687466151718],[24.97257573137982,14.47611585953188],[25.000609281984584,14.560216511346162],[25.094054450667123,14.644317163160451],[25.271600271163948,14.742434590277114],[25.351028664544106,14.798501691486635],[25.402423507319504,14.807846208354889],[25.46783512539728,14.770468140881874],[25.486524159133786,14.700384264369973],[25.477179642265533,14.616283612555684],[25.29496156333458,14.499477151702514],[25.2809447880322,14.438737792058859],[25.318322855505215,14.415376499888225],[25.458490608529022,14.429393275190606],[25.575297069382202,14.36398165711283],[25.626691912157593,14.256519713127908],[25.60529296852928,14.20983110884795],[25.602162555378417,14.188771965833055],[25.601578523074153,14.00772195151064],[25.58113739242485,13.897339846004385],[25.536166904996378,13.7927980635408],[25.507119732785164,13.79532390460264],[25.507112614150728,13.795305536312753],[25.430457057924265,13.798638386583463],[25.276272529598074,13.761260319110448],[25.061348641628232,13.644453858257279],[24.92118088860442,13.630437082954899],[24.902491854867918,13.597731273916011],[25.023970574155218,13.560353206442997],[25.145449293442518,13.53231965583823],[25.178155102481405,13.494941588365215],[25.12676025970601,13.438874487155694],[25.00528154041871,13.345429318473158],[24.85109701209252,13.219278340751721],[24.659534416293315,13.13517768893744],[24.547400213874266,13.088455104596171],[24.346493101206807,12.985665419045382],[24.225014381919504,12.985665419045382],[24.028779527686176,13.027715744952516],[23.893284033096492,12.980993160611249],[23.865250482491728,12.840825407587445],[23.855905965623478,12.724018946734269],[23.79983886441395,12.532456350935064],[23.678360145126653,12.35491053043824],[23.430730448117924,12.247448586453316],[23.131705908333796,12.194545111698012],[23.018463577726262,12.14319798371497],[22.9006177965877,12.070614043697127],[22.56209190123832,11.922822310046591],[22.865082072194692,12.01931690500507],[23.089655582426655,12.079247282824745],[23.295234953528244,12.046541473785858],[23.407369155947286,12.046541473785858],[23.528847875234586,12.051213732219985],[23.841889190321094,12.149331159336647],[23.944678875871887,12.210070518980302],[24.103535662632204,12.210070518980302],[24.276409224694902,12.210070518980302],[24.4492827867576,12.298843429228711],[24.612811831952044,12.443683440686648],[24.724946034371094,12.443683440686648],[24.90716411330204,12.429666665384268],[25.103398967535373,12.443683440686648],[25.257583495861564,12.396960856345373],[25.519229968172677,12.467044732857282],[26.00047258688775,12.424994406950141],[26.182690665818704,12.434338923818395],[26.290152609803624,12.364255047306486],[26.271463576067116,12.205398260546168],[26.210724216423465,12.055885990654112],[26.103262272438542,11.953096305103315],[26.079900980267908,11.878340170157287],[26.056539688097274,11.803584035211252],[25.972439036282992,11.71948338339697],[25.8696493507322,11.672760799055702],[25.734153856142516,11.668088540621568],[25.673414496498864,11.644727248450934],[25.654725462762357,11.541937562900145],[25.579969327816325,11.471853686388236],[25.430457057924265,11.420458843612842],[25.285617046466328,11.32234141649618],[25.126760259706007,11.214879472511257],[24.967903472945693,11.130778820696975],[24.809046686185376,11.074711719487446],[24.734290551239347,11.079383977921573],[24.73896280967347,11.140123337565221],[24.73896280967347,11.327013674930306],[24.720273775936963,11.406442068310461],[24.66420667472744,11.434475618915222],[24.53338343857189,11.345702708666813],[24.430593753021096,11.247585281550144],[24.332476325904427,11.158812371301735],[24.29509825843141,11.051350427316812],[24.243703415656014,10.999955584541418],[24.14558598853935,11.004627842975545],[24.117552437934584,11.093400753223953],[24.075502112027444,11.205534955643003],[23.97271242647665,11.303652382759665],[23.893284033096492,11.406442068310461],[23.827872415018714,11.406442068310461],[23.547536908971097,11.406442068310461],[23.384007863776652,11.387753034573954],[23.164411717372687,11.308324641193792],[23.06162203182189,11.289635607457292],[23.01489944748062,11.23824076468189],[23.028916222783007,11.186845921906496],[23.108344616163162,11.177501405038242],[23.22047881858221,11.135451079131094],[23.332613021001258,11.07003946105332],[23.407369155947286,11.05602268575094],[23.561553684273477,10.915854932727129],[23.617620785483002,10.808392988742213],[23.566225942707607,10.738309112230304],[23.43540270655205,10.626174909811262],[23.346629796303638,10.504696190523958],[23.323268504133004,10.369200695934275],[23.40269689751316,10.31780585315888],[23.617620785483002,10.285100044119993],[23.74844402163856,10.28977230255412],[23.83254467345284,10.219688426042211],[23.84656144875522,10.088865189886661],[23.771805313809185,9.981403245901738],[23.552209167405223,9.972058729033485],[23.36064657160601,9.972058729033485],[23.192445267977448,9.92066388625809],[23.11301687459729,9.785168391668414],[23.019571705914746,9.60762257117159],[22.940143312534587,9.546883211527934],[22.81399233481316,9.359992874162856],[22.589723929975065,9.168430278363651],[22.304716165493318,9.02826252533984],[22.103809052825863,8.97219542413032],[21.926263232329035,9.004901233169214],[21.744045153398083,8.944161873525566],[21.585188366637766,8.822683154238256],[21.426331579877452,8.785305086765248],[21.267474793117135,8.785305086765248],[21.127307040093324,8.846044446408897],[21.043206388279042,8.869405738579523],[20.95443347803063,8.818010895804129],[20.837627017177457,8.738582502423967],[20.575980544866344,8.696532176516833],[20.323678589423487,8.682515401214452],[20.2395779376092,8.710548951819206],[20.066704375546507,8.7432547608581],[19.884486296615552,8.785305086765248],[19.72095725142111,8.864733480145404],[19.562100464660794,8.911456064486671],[19.356521093559206,8.953506390393812],[19.23037011583778,8.948834131959686],[19.13692494715524,8.874077997013657],[19.314470767652065,8.789977345199368],[19.468655295978255,8.687187659648579],[19.62751208273857,8.528330872888262],[19.79571338636714,8.500297322283494],[19.931208880956824,8.369474086127937],[20.202199870136187,8.364801827693817],[20.356384398462378,8.285373434313662],[20.43114053340841,8.23397859153826],[20.547946994261583,8.271356659011268],[20.683442488851266,8.369474086127937],[20.804921208138566,8.397507636732705],[20.90771089368936,8.434885704205719],[21.057223163581423,8.458246996376353],[21.220752208775867,8.472263771678733],[21.356247703365547,8.495625063849367],[21.57117159133539,8.486280546981114],[21.748717411832214,8.406852153600958],[21.94028000763142,8.374146344562071],[21.987002591972686,8.308734726484289],[22.16454841246951,8.23397859153826],[22.48693424442427,8.247995366840641],[22.617757480579826,8.369474086127937],[22.856042660720302,8.570381198795403],[23.099000099294894,8.659154109043811],[23.32326850413299,8.860061221711263],[23.454091740288547,8.883422513881904],[23.659671111390132,8.944161873525552],[23.818527898150446,9.02826252533984],[23.949351134306003,9.17310253679777],[24.07550211202743,9.294581256085074],[24.34182084277267,9.38802642476761],[24.402560202416318,9.476799335016025],[24.46329956205997,9.57024450369856],[24.552072472308378,9.705739998288244],[24.622156348820287,9.77115161636602],[24.762324101844094,9.79451290853666],[24.86044152896076,9.930008403126337],[24.939869922340918,9.962714212165231],[25.06134864162822,10.121570998925542],[25.10807122596949,10.144932291096175],[25.19217187778377,10.116898740491422],[25.201516394652028,10.004764538072372],[25.112743484403612,9.883285818785069],[24.977247989813943,9.705739998288244],[24.972575731379816,9.504832885620786],[24.897819596433784,9.355320615728722],[24.893147337999654,9.098346401851742],[24.851097012092513,9.051623817510468],[24.7623241018441,8.953506390393805],[24.70625700063458,8.878750255447777],[24.561416989176642,8.752599277726347],[24.435266011455216,8.682515401214438],[24.402560202416325,8.61243152470253],[24.524038921703628,8.60775926626841],[24.64551764099093,8.603087007834283],[24.724946034371087,8.514314097585867],[24.738962809673467,8.4489024795081],[24.678223450029815,8.383490861430317],[24.55207247230839,8.34144053552317],[24.360509876509184,8.21528955780174],[24.234358898787754,8.07044954634381],[24.117552437934577,7.883559208978731],[24.01476275238378,7.8134753324668225],[23.748444021638548,7.790114040296196],[23.66434336982426,7.822819849335083],[23.52884787523458,7.827492107769203],[23.47745303245918,7.780769523427935],[23.50081432462982,7.687324354745392],[23.48212529089331,7.6032237029311105],[23.38400786377664,7.519123051116821],[22.874731694456806,7.528467567985082],[22.767269750471883,7.5004340173803214],[22.75792523360363,7.444366916170793],[22.842025885417915,7.388299814961272],[22.83735362698379,7.262148837239849],[22.715874907696488,7.145342376386672],[22.351438749834582,7.145342376386672],[22.26266583958617,7.196737219162067],[22.159876154035377,7.187392702293806],[21.86552387268538,7.047224949270003],[21.687978052188555,6.925746229982707],[21.669289018452044,6.836973319734291],[21.683305793754425,6.692133308276354],[21.627238692544903,6.505242970911276],[21.52444900699411,6.4491758697017545],[21.41231480457506,6.351058442585092],[21.32354189432665,6.262285532336669],[21.155340590698078,6.1314622961811125],[21.169357366000458,5.995966801591436],[21.080584455752046,5.851126790133499],[20.968450253333,5.710959037109696],[20.97312251176713,5.682925486504928],[21.094601231054426,5.734320329280322],[21.174029624434585,5.795059688923978],[21.29083608528776,5.916538408211281],[21.402970287706808,5.939899700381908],[21.580516108203632,6.0286726106303306],[21.65994450158379,6.075395194971598],[21.701994827490932,6.042689385932711],[21.70666708592506,5.90719389134302],[21.58986062507189,5.8184209810946115],[21.47772642265284,5.762353879885083],[21.346903186497283,5.61751386842716],[21.295508343721885,5.5427577334811176],[21.295508343721885,5.393245463589061],[21.35624770336554,5.299800294906518],[21.346903186497283,5.1689770587509685],[21.262802534682997,5.084876406936679],[21.169357366000458,5.028809305727151],[21.052550905147285,4.944708653912876],[20.959105736464753,4.841918968362066],[20.886685730735785,4.664373147865241],[20.87033282621634,4.479818939717234],[20.85865218013102,4.4307602261589025],[20.818937983440946,4.416743450856522],[20.730165073192534,4.358340220429923],[20.685778618068326,4.234525371925564],[20.61569474155642,4.145752461677155],[20.529257960525076,4.145752461677155],[20.41945988732309,4.131735686374775],[20.349376010811184,4.0709963267311196],[20.262939229779835,4.07800471438231],[20.216216645438568,4.124727298723585],[20.241914066826265,4.192475046018423],[20.2909727803846,4.2321892427085],[20.370401173764755,4.299936990003346],[20.393762465935392,4.381701512600564],[20.386754078284202,4.428424096941832],[20.321342460206424,4.44944925989541],[20.2909727803846,4.379365383383501],[20.192855353267934,4.325634411391036],[20.12977986440722,4.2321892427085],[20.029326308073486,4.1784582707160425],[19.926536622522693,4.159769236979535],[19.793377257150077,4.131735686374775],[19.681243054731027,4.117718911072387],[19.63452047038976,4.157433107762472],[19.622839824304442,4.234525371925564],[19.566772723094918,4.246206018010881],[19.52822578346216,4.222802518948136],[19.51021359140512,4.132741558662929],[19.4437183663028,4.003907060027188],[19.389690995907166,3.9290999317870785],[19.5268373976807,3.845980900409174],[19.655671896316445,3.7420821111867966],[19.663983799454233,3.634027370395536],[19.51852549454291,3.559220242155426],[19.51852549454291,3.492725017053104],[19.414626705320536,3.368046469986254],[19.381379092769375,3.368046469986254],[19.40215885061385,3.314019099590624],[19.50190168826733,3.251679826057199],[19.6099564290586,3.255835777626089],[19.734634976125445,3.343110760572891],[19.826065910641137,3.405450034106309],[19.913340893587932,3.3389548090039867],[20.058799198499255,3.343110760572891],[20.204257503410577,3.4262297919507816],[20.345559856753006,3.4511655013641587],[20.38296342087306,3.4844131139153163],[20.428678888130907,3.480257162346426],[20.49101816166433,3.5342845327420562],[20.723751449522446,3.530128581173159],[20.79024667462477,3.584155951568789],[20.985576398362827,3.596623806275474],[21.047915671896252,3.6298714188266388],[21.264025153478794,3.634027370395536],[21.367923942701164,3.658963079808899],[21.397015603683432,3.7046785470667487],[21.579877472714806,3.7254583049112284],[21.621436988403758,3.7628618690312763],[21.667152455661604,3.7628618690312763],[21.77520719645287,3.862604706684756],[21.79183100272845,3.912476125511496],[21.862482179399667,3.962347544338236],[21.953913113915355,3.9665034959071264],[21.99131667803541,3.9290999317870785],[21.958069065484253,3.870916609822544],[21.96638096862204,3.7794856753068586],[21.879105985675245,3.671430934515591],[21.854170276261875,3.584155951568789],[21.867549563934368,3.521788932355122],[21.947615444944276,3.519751450574468],[22.020597543368762,3.5695024289765627],[22.208255207476547,3.5701969412795336],[22.238149350788113,3.5165016480884788],[22.330352014641498,3.5240304002854472],[22.393077467345165,3.60333935763682],[22.46570832037014,3.604920296913143],[22.496078000191932,3.6960293363785297],[22.556817359835524,3.7801299881927193],[22.57120042996208,3.757608454898474],[22.622228977913238,3.766113212890332],[22.687640595990942,3.7287351454173674],[22.746043826417473,3.752096437587973],[22.802110927626938,3.7754577297585783],[22.83948899509991,3.8081635387974373],[22.853505770402275,3.9039448366969367],[22.883875450224068,3.9483312918210984],[22.958631585170025,3.938986774952845],[22.97965674812357,4.027759685201161],[23.04039610776716,4.07681839875945],[23.309050967729174,4.083826786410626],[23.353437422853336,4.167927438224822],[23.449218720752835,4.209977764131914],[23.51579840343907,4.317439708116723],[23.70268874080395,4.509002303915729],[23.716705516106316,4.672531349109995],[23.819495201657002,4.779993293094805],[23.852201010695854,4.943522338289078],[23.786789392618147,5.05098428227388],[23.77277261731578,5.125740417219831],[23.69801648236983,5.219185585902274],[23.712033257672193,5.289269462414104],[23.75408358357929,5.343000434406505],[23.754083583579295,5.415420440135399],[23.709697128455133,5.473823670561934],[23.672319060982154,5.5812856145467435],[23.618588088989753,5.667722395577989],[23.623260347423876,5.803217890167531],[23.65596615646273,5.831251440772263],[23.742402937493985,5.821906923904024],[23.835848106176428,5.726125626004524],[23.854537139912914,5.67473078322918],[24.011057797456,5.476159799778991],[24.034419089626613,5.385050760313618],[23.999377151370695,5.333655917538273],[24.020402314324247,5.268244299460562],[24.095158449270198,5.179471389212239],[24.15589780891379,5.132748804871028],[24.167578454999088,5.0977068666151055],[24.30307394958863,4.971555888893818],[24.317090724890996,4.836060394304276],[24.270368140549778,4.714581675017094],[24.218973297774433,4.670195219892939],[24.144217162828483,4.572077792776383],[24.07880554475077,4.532363596086341],[24.036755218843673,4.431910039752722],[23.997041022153635,4.366498421675011],[24.018066185107187,4.240347443953716],[23.950318437812417,4.149238404488344],[23.833511976959368,4.032431943635295],[23.775108746532844,4.002062263813492],[23.716705516106313,3.8969364490457536],[23.68633583628452,3.805827409580367],[23.646621639594485,3.72639901620029],[23.599899055253264,3.5909035216107554],[23.639613251943302,3.513811257447742],[23.644285510377422,3.408685442679996],[23.646621639594485,3.2264673637492436],[23.56018485856323,3.1260138074156103],[23.462067431446666,3.1143331613303076],[23.434033880841934,3.0746189646402726],[23.282185481732967,3.0606021893379065],[23.277513223298847,2.9998628296943224],[23.317227419988885,2.983509925174893],[23.33124419529125,2.7942834585929504],[23.37796677963247,2.5630066661039024],[23.51346227422201,2.651779576352226],[23.544140008955402,2.6793895376122805],[23.584622960291924,2.782621063520409],[23.834588786517703,2.81766300177636],[23.836924915734766,2.623764276760099],[23.95840363502206,2.509293945123993],[24.065865579006978,2.5256468496434366],[24.215377848899035,2.6284365351942256],[24.290133983845063,2.623764276760099],[24.388251410961725,2.5490081418140704],[24.509730130249018,2.5326552372946267],[24.551780456156163,2.4765881360851125],[24.624200461885124,2.4695797484339153],[24.70129272604822,2.352773287580746],[24.62887272031925,2.2896977987200344],[24.507394001031958,2.287361669502971],[24.451326899822433,2.2429752143787667],[24.3321843097522,2.2219500514252033],[24.290133983845063,2.1892442423863088],[24.36021786035696,2.1261687535255973],[24.43263786608593,1.9860010005018012],[24.437310124520053,1.8995642194704487],[24.362553989574025,1.8294803429585471],[24.262100433240303,1.7827577586172794],[24.22939462420142,1.7173461405395045],[24.271444950108563,1.6612790393299832],[24.390587540178796,1.5748422582986308],[24.418621090783553,1.5631616122133138],[24.43731012452006,1.4650441850966587],[24.411612703132363,1.4300022468407008],[24.38124302331054,1.3552461118946724],[24.322839792883958,1.322540302855785],[24.213041719681975,1.3575822411117429],[24.142957843170077,1.3505738534605456],[24.082218483526425,1.3178680444216653],[24.042504286836348,1.273481589297461],[24.042504286836348,1.1987254543514325],[23.935042342851435,1.0865912519323828],[23.769177168439935,1.0795828642811998],[23.69909329192803,1.070238347412939],[23.66045570902696,1.061513731919149],[23.654817751761417,1.0602406447946748],[23.626673286199065,1.0538854428934954],[23.439782948833994,1.070238347412939],[23.308959712678448,1.1309777070565872],[23.1524390551352,1.1566751284442915],[23.070674532537982,1.1309777070565872],[23.063666144886792,1.0585577013276293],[23.210842285561785,0.9090454314355725],[23.36035455545384,0.7338357401558255],[23.400068752143916,0.6871131558145578],[23.400068752143916,0.6240376669538463],[23.381379718407405,0.5749789533955081],[23.402404881360976,0.5002228184494797],[23.45379972413637,0.4278028127205218],[23.495850050043515,0.37640796994512726],[23.502858437694705,0.23390408770426063],[23.400068752143913,0.16148408197528852],[23.301951325027254,0.07738343016100657],[23.299615195810187,0.021316328951485275],[23.329984875632015,-0.1328681993746983],[23.306623583461377,-0.26836369396437476],[23.252892611468923,-0.39918693011990314],[23.24354809460067,-0.4996404864536359],[23.19448938104234,-0.602430172004425],[23.131413892181627,-0.6841946946016364],[23.06600227410385,-0.7706314756329888],[23.00059065602608,-0.8266985768425101],[22.82304483552926,-0.8220263184083834],[22.74128031293204,-0.8056734138889396],[22.645499015032442,-0.7425979250282211],[22.580087396954667,-0.747270183462355],[22.556726104784033,-0.8220263184083834],[22.493650615923325,-0.8547321274472708],[22.415690753932154,-0.8485307747888768],[22.21944744907049,-0.8862698718776585],[22.07227130839549,-0.8488918044046372],[21.97181775206176,-0.8512279336217077],[21.873700324945094,-0.9002866471800388],[21.794271931564936,-1.0357821417697153],[21.761566122526048,-1.0895131137621803],[21.794271931564936,-1.1432440857546453],[21.92275903850343,-1.159596990274089],[22.03255711170541,-1.2787395803443218],[21.99284291501533,-1.351159586073294],[21.920422909286362,-1.4446047547558294],[21.833986128255017,-1.4889912098800338],[21.794271931564936,-1.568419603260189],[21.777919027045492,-1.6431757382062173],[21.862019678859774,-1.6922344517645556],[22.01153194875184,-1.6969067101986823],[22.15870808942684,-1.6758815472451118],[22.25215325810938,-1.6244867044697173],[22.364287460528427,-1.5847725077796326],[22.471749404513343,-1.6011254122990835],[22.5511777978935,-1.652520255074478],[22.68900942170025,-1.6385034797720976],[22.740404264475647,-1.6758815472451118],[22.79880749490223,-1.7623183282764643],[22.873563629848263,-1.8300660755713025],[22.929630731057788,-1.9375280195562254],[22.91795008497247,-2.0146202837193172],[22.92495847262366,-2.14077126144074],[22.97868944461612,-2.2038467503014587],[23.041764933476834,-2.2458970762085926],[23.230991400058976,-2.2575777222939166],[23.27304172596612,-2.2155273963867685],[23.254352692229613,-2.168804812045501],[23.15857139433001,-2.0239648005875637],[23.142218489810567,-1.9258473734709014],[23.177260428066514,-1.8580996261760632],[23.27304172596612,-1.8137131710518517],[23.37349528229985,-1.7412931653228867],[23.47862109706771,-1.682889934896295],[23.565057878099054,-1.6338312213379638],[23.644486271479213,-1.6268228336867736],[23.660839175998657,-1.7412931653228867],[23.63514175461096,-1.8207215587030419],[23.681864338952227,-1.858099626176056],[23.819695962758974,-1.8604357553931195],[23.96453597421691,-1.977242216246296],[24.11404824410897,-2.068351255711768],[24.214501800442704,-2.152451907526057],[24.317291485993497,-2.206182879518522],[24.417745042327226,-2.2388886885574095],[24.541559890831593,-2.222535784037966],[24.630332801080005,-2.1431073906578035],[24.677055385421273,-2.0239648005875637],[24.70976119446016,-1.9982673791998735],[24.761156037235555,-2.0216286713705074],[24.805542492359763,-2.1080654524018527],[24.90132379025937,-2.068351255711775],[24.962063149903017,-2.007611896068127],[25.05784444780262,-1.8978138228661479],[25.169978650221665,-1.86978027226138],[25.244734785167697,-1.8020325249665419],[25.27510446498952,-1.8137131710518588],[25.389574796625634,-1.9328557611220916],[25.585809650858966,-1.9678976993780495],[25.627859976766107,-2.012284154502254],[25.721305145448646,-2.0099480252851976],[25.754010954487537,-2.049662221975268],[25.758683212921664,-2.133762873789557],[25.711960628580393,-2.2085190087355855],[25.67458256110738,-2.283275143681614],[25.67224643189032,-2.320653211154635],[25.53675093730063,-2.3790564415812128],[25.42695286409865,-2.4491403180931215],[25.22370962221413,-2.600988717202256],[25.207356717694683,-2.63135839702408],[25.127928324314524,-2.661728076845904],[25.048499930934362,-2.7691900208308198],[25.01579412189548,-2.867307447947489],[24.980752183639524,-2.9817777795836022],[24.866281852003414,-3.040181010010187],[24.740130874281988,-3.089239723568518],[24.663038610118893,-3.142970695560983],[24.462131497451434,-3.119609403390342],[24.35466955346651,-3.1406345663439055],[24.289257935388733,-3.227071347375258],[24.249543738698655,-3.353222325096688],[24.17245147453556,-3.509742982639935],[24.142081794713736,-3.598515892888358],[24.05798114289945,-3.712986224524464],[23.9715443618681,-3.787742359470492],[23.93883855282921,-3.8508178483312108],[23.999577912472866,-3.9442630170137463],[24.020603075426436,-4.014346893525655],[24.0930230811554,-4.117136579076444],[24.08601469350421,-4.2456236860149374],[24.062653401333577,-4.290010141139135],[24.018266946209373,-4.339068854697473],[24.048636626031197,-4.4512030571165155],[23.9972417832558,-4.49558951224072],[23.913141131441517,-4.518950804411361],[23.824368221193104,-4.556328871884382],[23.698217243471678,-4.556328871884382],[23.59309142870382,-4.60305145622565],[23.46460432176533,-4.610059843876833],[23.347797860912152,-4.670799203520481],[23.2169746247566,-4.642765652915735],[23.093159776252232,-4.661454686652242],[23.02307589974033,-4.677807591171685],[22.992706219918507,-4.7081772709935095],[22.892252663584774,-4.7081772709935095],[22.81516039942168,-4.680143720388742],[22.798807494902235,-4.6007153270085865],[22.887580405150647,-4.500261770674861],[22.93663911870898,-4.434850152597086],[22.960000410879616,-4.33906885469748],[22.91795008497247,-4.283001753487952],[22.773110073514538,-4.336732725480417],[22.68433716326612,-4.294682399573276],[22.611917157537157,-4.243287556797881],[22.47875779216454,-4.268984978185571],[22.378304235830807,-4.222262393844304],[22.350270685226047,-4.1381617420300145],[22.277850679497078,-4.051724960998676],[22.203094544551046,-3.995657859789148],[21.950792589108193,-4.184884326371282],[21.824641611386763,-4.184884326371282],[21.700826762882397,-4.07975851160343],[21.579348043595097,-4.070413994735183],[21.497583520997875,-4.09377528690581],[21.404138352315336,-4.030699798045099],[21.34807125110581,-3.995657859789148],[21.149500267655416,-4.033035927262162],[21.011668643848672,-4.168531421851839],[20.946257025770894,-4.163859163417719],[20.794408626661767,-4.0774223823863665],[20.642560227552647,-4.126481095944705],[20.528089895916533,-4.061069477866923],[20.40661117662923,-3.995657859789148],[20.315502137163755,-3.881187528153035],[20.303821491078438,-3.7713894549510485],[20.261771165171297,-3.7176584829585906],[20.3061576202955,-3.6148687974077873],[20.310829878729628,-3.521423628725252],[20.226729226915342,-3.4396591061280333],[20.112258895279233,-3.4349868476938994],[19.99545243442606,-3.395272651003829],[19.89499887809233,-3.4046171678720754],[19.86696532748757,-3.523759757942308],[19.782864675673284,-3.6452384772296114],[19.731469832897886,-3.7106500953073933],[19.722125316029633,-3.829792685377626],[19.75950338350265,-3.937254629362542],[19.682411119339555,-3.9933217305720703],[19.500193040408604,-4.075086253169296],[19.33666399521416,-4.173203680285958],[19.245554955748684,-4.133489483595881],[19.14977365784908,-4.063405607083979],[19.04932010151535,-3.9582797923161266],[18.955874932832813,-3.9512714046649293],[18.82738782589432,-4.042380444130401],[18.745623303297098,-4.140497871247071],[18.65918652226575,-4.159186904983585],[18.547052319846703,-4.1498423881153315],[18.453607151164164,-4.077422382386359],[18.37885101621813,-4.044716573347472],[18.306431010489163,-3.990985601355014],[18.24802778006258,-3.955943663099063],[18.138229706860592,-4.009674635091514],[17.98871743696853,-4.082094640820486],[17.857894200812975,-4.1568507757665145],[17.83453290864234,-4.2292707814954795],[17.846213554727658,-4.311035304092705],[17.972364532449088,-4.383455309821677],[17.984045178534405,-4.572681776403819],[17.939658723410197,-4.729202433947066],[17.94199485262726,-4.878714703839137],[17.88125549298361,-4.930109546614524],[17.781716548135243,-4.945256777352313],[17.72590290004889,-5.043411813642109],[17.690860961792936,-5.09247052720044],[17.62544934371516,-5.115831819371081],[17.595079663893333,-5.167226662146476],[17.506306753644925,-5.178907308231793],[17.43622287713302,-5.206940858836553],[17.438559006350083,-5.2793608645655254],[17.515651270513178,-5.379814420899251],[17.50397062442786,-5.4662512019306035],[17.45724804008659,-5.526990561574252],[17.368475129838178,-5.555024112179012],[17.258677056636195,-5.5503518537448855],[17.21429060151199,-5.599410567303224],[17.20260995542667,-5.746586707978217],[17.204946084643733,-5.849376393529013],[17.23064350603143,-5.9288047869091685],[17.076458977705244,-6.029258343242901],[16.964324775286194,-6.153073191747275],[16.89891315720842,-6.2465183604298105],[16.856862831301274,-6.3189383661587755],[16.803131859308817,-6.377341596585367],[16.7400563704481,-6.461442248399642],[16.73304798279691,-6.552551287865128],[16.824157022262387,-6.599273872206396],[16.954980258417944,-6.592265484555199],[17.025064134929845,-6.5595596755163115],[17.169904146387783,-6.480131282136156],[17.27502996115564,-6.442753214663142],[17.35679448375286,-6.470786765267903],[17.38482803435762,-6.540870641779804],[17.466592556954847,-6.557223546299248],[17.527331916598495,-6.6202990351599595],[17.78664225969254,-6.645996456547664],[17.961851950972303,-6.60861838907465],[18.099683574779046,-6.603946130640523],[18.253868103105237,-6.650668714981798],[18.33563262570246,-6.685710653237749],[18.459447474206826,-6.662349361067108],[18.592606839579442,-6.6670216195012415],[18.735110721820316,-6.737105496013136],[18.812202985983408,-6.739441625230199],[18.971059772743725,-6.645996456547664],[19.101883008899282,-6.594601613772269],[19.17663914384531,-6.592265484555213],[19.232706245054835,-6.645996456547664],[19.2350423742719,-6.650668714981798],[19.29578173391555,-6.75345840053258],[19.41726045320285,-6.807189372525045],[19.513041751102453,-6.893626153556397],[19.800385644801263,-6.912315187292897],[19.93821726860801,-6.959037771634165],[20.055023729461183,-6.966046159285362],[20.15314115657785,-6.952029383982982],[20.206872128570307,-6.914651316509961],[20.283964392733402,-6.914651316509961],[20.340031493942927,-6.935676479463538],[20.396098595152452,-6.909979058075834],[20.440485050276656,-6.9496932547659185],[20.42179601654015,-7.038466165014327],[20.475526988532607,-7.101541653875039],[20.459174084013167,-7.2323648900305955],[20.538602477393326,-7.29777650810837],[20.755862494580228,-7.344499092449645],[20.940416702728243,-7.323473929496075],[21.0899289726203,-7.3585158677520255],[21.225424467209983,-7.290768120457187],[21.335222540411966,-7.260398440635363],[21.466045776567523,-7.099205524657982],[21.540801911513555,-7.071171974053215],[21.620230304893713,-7.075844232487341],[21.72769224887863,-7.115558429177426],[21.804784513041728,-7.087524878572658],[21.884212906421887,-7.12490294604568],[21.942616136848468,-7.192650693340518],[22.008027754926246,-7.248717794550039],[22.085120019089345,-7.283759732805997],[22.169220670903627,-7.342162963232575],[22.2860271317568,-7.400566193659174],[22.386480688090533,-7.440280390349244],[22.493942632075452,-7.461305553302822],[22.638782643533386,-7.456633294868688],[22.73222781221593,-7.505692008427033],[22.816328464030214,-7.505692008427033],[22.982193638441718,-7.381877159922674],[23.115353003814338,-7.3515074801008495],[23.197117526411564,-7.353843609317913],[23.295234953528226,-7.288431991240131],[23.45642786950561,-7.269742957503624],[23.545200779754023,-7.227692631596476],[23.676024015909576,-7.143591979782194],[23.75311628007267,-7.050146811099651],[23.858242094840527,-6.959037771634179],[23.965704038825447,-6.935676479463545],[24.10820792106632,-6.851575827649256],[24.243703415656,-6.73710549601315],[24.292762129214335,-6.578248709252819],[24.40489633163338,-6.552551287865128],[24.507686017184174,-6.550215158648065],[24.650189899425044,-6.4334086977948886],[24.755315714192903,-6.367997079717114],[24.818391203053615,-6.400702888755994],[24.837080236790126,-6.4777951529191],[24.827735719921872,-6.573576450818699],[24.752979584975837,-6.631979681245284],[24.650189899425044,-6.706735816191312],[24.61281183195203,-6.776819692703221],[24.61281183195203,-6.90063454120758],[24.63150086568854,-6.952029383982982],[24.715601517502822,-6.870264861385756],[24.80203829853417,-6.867928732168693],[24.88146669191433,-6.802517114090918],[24.890811208782583,-6.655340973415925],[24.96089508529449,-6.606282259857593],[24.991264765116316,-6.559559675516319],[25.08237380458179,-6.46377837761672],[25.12208800127187,-6.35865256284886],[25.21086091152028,-6.311929978507585],[25.29028930490044,-6.269879652600451],[25.33233963080758,-6.197459646871479],[25.409431894970677,-6.192787388437345],[25.400087378102423,-6.3609886920659235],[25.383734473582983,-6.46377837761672],[25.358037052195282,-6.580584838469889],[25.34168414767584,-6.695055170106002],[25.234222203690916,-6.807189372525045],[25.23655833290798,-6.916987445727031],[25.220205428388535,-7.0337939065802075],[25.19217187778377,-7.141255850565123],[25.215533169954405,-7.185642305689328],[25.25057510821036,-7.173961659604011],[25.28795317568338,-7.087524878572665],[25.40475963653655,-7.001088097541313],[25.45849060852901,-6.88895389512227],[25.533246743475043,-6.800180984873862],[25.619683524506392,-6.776819692703221],[25.664069979630597,-6.767475175834974],[25.67341449649885,-6.8235422770444885],[25.64070868745996,-6.902970670424651],[25.598658361552822,-6.942684867114735],[25.56828868173099,-7.00809648519251],[25.533246743475043,-7.080516490921475],[25.488860288350836,-7.1482642382163135],[25.519229968172663,-7.176297788821074],[25.5869777154675,-7.1482642382163135],[25.675750625715914,-7.13191133369687],[25.769195794398453,-7.080516490921475],[25.790220957352023,-7.047810681882588],[25.853296446212735,-7.040802294231398],[25.90235515977107,-6.989407451456003],[25.97243903628297,-6.968382288502426],[26.000472586887735,-6.975390676153623],[25.99813645767067,-7.180970047255208],[25.97010290706591,-7.2744152159377435],[25.91403580585639,-7.358515867752033],[25.832271283259164,-7.412246839744483],[25.780876440483766,-7.470650070171075],[25.727145468491308,-7.582784272590125],[25.724809339274245,-7.708935250311555],[25.713128693188928,-7.825741711164717],[25.706120305537738,-7.91217849219607],[25.605666749204005,-7.9892707563591685],[25.572960940165117,-8.050010116002824],[25.521566097389723,-8.155135930770676],[25.43512931635837,-8.225219807282585],[25.318322855505198,-8.299975942228613],[25.161802197961947,-8.342026268135754],[25.04265960789171,-8.367723689523459],[24.914172500953217,-8.468177245857177],[24.841752495224252,-8.55461402688853],[24.778677006363534,-8.620025644966312],[24.759987972627027,-8.72982371816829],[24.79035765244885,-8.830277274502023],[24.785685394014724,-8.954092123006383],[24.734290551239326,-9.017167611867102],[24.640845382556787,-9.096596005247257],[24.58010602291314,-9.124629555852025],[24.456291174408772,-9.10126826368139],[24.386207297896867,-9.075570842293693],[24.30911503373377,-9.089587617596074],[24.243703415655997,-9.187705044712743],[24.175955668361155,-9.276477954961145],[24.129233084019884,-9.23209149983694],[24.045132432205598,-9.264797308875835],[24.024107269252028,-9.31619215165123],[24.143249859322264,-9.463368292326223],[24.147922117756394,-9.615216691435357],[24.096527274980996,-9.631569595954808],[24.017098881600838,-9.696981214032583],[23.93066210056949,-9.785754124280992],[23.830208544235756,-9.825468320971076],[23.739099504770284,-9.832476708622266],[23.645654336087745,-9.811451545668689],[23.566225942707582,-9.839485096273457],[23.46110012793973,-9.84182122549052],[23.416713672815522,-9.970308332429006],[23.41437754359846,-10.094123180933373],[23.358310442388934,-10.150190282142894],[23.288226565877032,-10.201585124918296],[23.29523495352822,-10.320727714988536],[23.218142689365127,-10.35109739481036],[23.096663970077824,-10.330072231856782],[23.075638807124257,-10.271669001430205],[22.933134924883383,-10.271669001430205],[22.70419426161116,-10.20392125413536],[22.671488452572273,-10.285685776732578],[22.592060059192114,-10.344089007159162],[22.47525359833894,-10.344089007159162],[22.395825204958783,-10.332408361073853],[22.337421974532194,-10.285685776732578],[22.262665839586163,-10.295030293600831],[22.180901316988944,-10.327736102639719],[21.844498709731802,-10.332408361073853],[21.673961276886168,-10.323063844205599],[21.48707093952109,-10.323063844205592],[21.36325609101673,-10.283349647515507],[21.232432854861173,-10.234290933957176],[21.106281877139747,-10.208593512569479],[21.02451735454252,-10.159534799011148],[20.919391539774665,-10.143181894491704],[20.849307663262763,-10.161870928228211],[20.80024894970443,-10.23662706317424],[20.75352636536316,-10.28568577673257],[20.65774506746356,-10.269332872213127],[20.524585702090942,-10.220274158654796],[20.41011537045483,-10.187568349615901],[20.347039881594114,-10.206257383352416],[20.288636651167526,-10.290358035166705],[20.185846965616733,-10.297366422817895],[20.083057280065937,-10.316055456554409],[20.001292757468715,-10.341752877942099],[19.893830813483795,-10.395483849934564],[19.74899080202586,-10.407164496019881],[19.60882304900205,-10.397819979151627],[19.508369492668322,-10.390811591500437],[19.428941099288163,-10.327736102639719],[19.34717657669094,-10.302038681252029],[19.33315980138856,-10.173551574313535],[19.256067537225466,-10.152526411359958],[19.122908171852846,-10.140845765274648],[18.93134557605364,-10.061417371894485],[18.83089201971991,-10.033383821289718],[18.74912749712269,-10.010022529119091],[18.70941330043261,-10.010022529119091],[18.674371362176657,-10.082442534848049],[18.65568232844015,-10.168879315879401],[18.648673940788964,-10.416509012888127],[18.61363200253301,-10.428189658973444],[18.529531350718724,-10.488929018617092],[18.43375005281912,-10.561349024346065],[18.394035856129044,-10.615079996338523],[18.29124617057825,-10.63376903007503],[18.169767451290948,-10.64311354694329],[18.071650024174282,-10.671147097548044],[17.933818400367535,-10.748239361711143],[17.863734523855634,-10.813650979788918],[17.80065903499492,-10.90008776082027],[17.711886124746506,-10.846356788827805],[17.639466119017538,-10.804306462920671],[17.644138377451664,-10.664138709896854],[17.590407405459207,-10.617416125555586],[17.49228997834254,-10.512290310787733],[17.328760933148093,-10.463231597229395],[17.13486220813183,-10.477248372531776],[16.898913157208412,-10.465567726446473],[16.72837572436278,-10.439870305058768],[16.639602814114365,-10.451550951144085],[16.618577651160795,-10.544996119826628],[16.585871842121907,-10.671147097548058],[16.501771190307622,-10.741230974059953],[16.4457040890981,-10.745903232494086],[16.382628600237382,-10.724878069540509],[16.307872465291354,-10.766928395447657],[16.200410521306434,-10.811314850571861],[15.980814374902467,-10.785617429184171],[15.892041464654053,-10.743567103277023],[15.716831773374293,-10.743567103277023],[15.586008537218737,-10.764592266230594],[15.47387433479969,-10.78094517075003],[15.338378840210007,-10.79496194605241],[15.221572379356836,-10.855701305696066],[15.132799469108422,-10.895415502386143],[15.023001395906437,-10.883734856300826],[14.920211710355645,-10.844020659610742],[14.859472350711995,-10.811314850571854],[14.84311944619255,-10.73889484484289],[14.70061556395168,-10.678155485199241],[14.607170395269138,-10.63376903007503],[14.525405872671918,-10.596390962602015],[14.415607799469933,-10.533315473741304],[14.291792950965569,-10.610407737904396],[14.109574872034619,-10.722541940323445],[14.025474220220334,-10.773936783098847],[13.901659371715969,-10.888407114734953],[13.794197427731048,-10.958490991246855],[13.658701933141366,-10.995869058719876],[13.516198050900494,-11.03558325540996],[13.425089011435018,-11.086978098185348],[13.32697158431835,-11.098658744270672],[13.149425763821528,-11.098658744270672],[12.98356058941002,-11.098658744270672],[12.845728965603275,-11.084641968968285],[12.752283796920736,-11.03791938462701],[12.665847015889387,-11.04025551384408],[12.595763139377482,-11.098658744270665],[12.485965066175499,-11.15939810391432],[12.418217318880659,-11.15005358704606],[12.343461183934625,-11.093986485836538],[12.219646335430262,-11.03791938462701],[12.156570846569549,-11.030910996975827],[12.037428256499311,-11.05193615992939],[11.89025211582431,-11.16407036234844],[11.81549598087828,-11.222473592775032],[11.759428879668755,-11.192103912953208],[11.6543030649009,-11.131364553309552],[11.581883059171933,-11.079969710534158],[11.423026272411615,-11.042591643061144],[11.36695917120209,-10.970171637332179],[11.261833356434236,-10.907096148471467],[11.170724316968759,-10.858037434913129],[11.12400173262749,-10.780945170750037],[11.06326237298384,-10.715533552672262],[11.021212047076697,-10.652458063811544],[11.05859011454971,-10.50294579391948],[10.988506238037807,-10.416509012888127],[11.009531400991378,-10.299702552034951],[10.993178496471932,-10.178223832747655],[11.03055656394495,-10.077770276413922],[11.01653978864257,-9.951619298692492],[11.032892693162013,-9.837148967056386],[11.079615277503283,-9.743703798373843],[11.135682378712806,-9.647922500474245],[11.114657215759236,-9.528779910404005],[11.02354817629376,-9.421317966419082],[10.904405586223522,-9.348897960690124],[10.862355260316379,-9.30918376400004],[10.86936364796757,-9.227419241402814],[10.948792041347726,-9.19704956158099],[10.976825591952489,-9.143318589588539],[10.969817204301298,-9.056881808557186],[11.05625398533265,-9.007823094998848],[11.187077221488202,-8.982125673611158],[11.229127547395345,-8.923722443184559],[11.212774642875901,-8.806915982331397],[11.289866907038995,-8.722815330517108],[11.29921142390725,-8.533588863934966],[11.362286912767964,-8.472849504291318],[11.385648204938601,-8.381740464825839],[11.409009497109235,-8.288295296143296],[11.390320463372728,-8.260261745538536],[11.36649194535868,-8.260261745538536],[11.327244974512016,-8.30932045909686],[11.27585013173662,-8.40276562777941],[11.18941335070527,-8.489202408810755],[11.07494301906916,-8.594328223578614],[10.836657838928685,-8.725151459734171],[10.81329654675805,-8.778882431726629],[10.824977192843367,-8.888680504928608],[10.79227138380448,-8.991470190479404],[10.729195894943764,-9.033520516386545],[10.577347495834639,-9.031184387169482],[10.476893939500908,-9.061554066991306],[10.395129416903687,-9.145654718805588],[10.322709411174719,-9.19704956158099],[10.280659085267576,-9.271805696527018],[10.203566821104483,-9.33488118538773],[10.152171978329084,-9.376931511294877],[10.077415843383054,-9.376931511294877],[10.030693259041785,-9.477385067628603],[9.948928736444564,-9.528779910404005],[9.925567444273929,-9.5801747531794],[9.836794534025517,-9.668947663427808],[9.710643556304088,-9.664275404993688],[9.57047580328028,-9.603536045350033],[9.46301385929536,-9.61755282065242],[9.346207398442186,-9.650258629691308],[9.336862881573932,-9.776409607412738],[9.262106746627902,-9.832476708622252],[9.178006094813616,-9.837148967056386],[9.163989319511234,-9.935266394173048],[9.117266735169965,-9.944610911041302],[8.981771240580283,-9.921249618870668],[8.748158318873934,-9.823132191754006],[8.645368633323143,-9.846493483924633],[8.547251206206475,-9.963299944777809],[8.435117003787429,-9.97731672008019],[8.355688610407269,-10.028711562855591],[8.266915700158858,-10.080106405630985],[8.192159565212826,-10.089450922499239],[8.136092464003303,-10.047400596592098],[8.070680845925525,-9.902560585134161],[8.075353104359653,-9.776409607412738],[8.080025362793778,-9.640914112823047],[8.014613744716002,-9.514763135101624],[7.967891160374732,-9.425990224853216],[7.907151800731082,-9.332545056170666],[7.729605980234257,-9.281150213395279],[7.575421451908067,-9.23909988748813],[7.519354350698543,-9.10360439289844],[7.40254788984537,-9.014831482650038],[7.332464013333465,-8.884008246494481],[7.250699490736244,-8.799907594680192],[7.192296260309656,-8.666748229307572],[7.075489799456482,-8.584983706710354],[7.04044786120053,-8.468177245857177],[7.003069793727514,-8.374732077174642],[6.883927203657277,-8.26960626240679],[6.848885265401324,-8.141119155468296],[6.848885265401324,-8.021976565398056],[6.9072884958279115,-7.94021204280083],[6.984380759991007,-7.8934894584595625],[7.096514962410054,-7.877136553940119],[7.171271097356084,-7.78836364369171],[7.241354973867989,-7.713607508745682],[7.334800142550527,-7.6645487951873505],[7.358161434721163,-7.5570868512024205],[7.41656466514775,-7.482330716256392],[7.488984670876719,-7.433272002698061],[7.549724030520369,-7.433272002698061],[7.575421451908067,-7.335154575581392],[7.608127260946956,-7.265070699069497],[7.636160811551718,-7.216011985511159],[7.636160811551718,-7.124902946045687],[7.67821113745886,-7.078180361704419],[7.668866620590607,-6.963710030068306],[7.678211137458861,-6.893626153556397],[7.7039085588465595,-6.863256473734573],[7.696900171195368,-6.760466788183777],[7.608127260946957,-6.795508726439728],[7.526362738349735,-6.872600990602827],[7.402547889845371,-6.916987445727038],[7.276396912123943,-6.947357125548862],[7.14090141753426,-7.064163586402032],[6.9633555970374355,-7.204331339425842],[6.767120742804103,-7.3398268340155255],[6.626952989780294,-7.37720490148854],[6.533507821097755,-7.437944261132188],[6.393340068073947,-7.447288778000441],[6.134029724979901,-7.379541030705603],[5.916769707792996,-7.276751345154807],[5.839677443629902,-7.187978434906398],[5.884063898754108,-7.068835844836158],[5.879391640319981,-6.970718417719489],[5.884063898754108,-6.87493711981989],[5.874719381885853,-6.825878406261552],[5.825660668327521,-6.783828080354418],[5.8817277695370445,-6.664685490284171],[5.8817277695370445,-6.606282259857593],[5.762585179466807,-6.414719664058389],[5.538316774628713,-6.031594472459965],[5.503274836372761,-5.893762848653225],[5.512619353241015,-5.781628646234175],[5.601392263489426,-5.723225415807583],[5.683156786086649,-5.655477668512738],[5.729879370427918,-5.562032499830202],[5.734551628862046,-5.473259589581794],[5.631761943311252,-5.347108611860371],[5.648114847830696,-5.291041510650842],[5.722870982776727,-5.258335701611948],[5.804635505373949,-5.153209886844088],[5.879391640319981,-4.992016970866715],[5.933122612312441,-4.900907931401235],[5.989189713521965,-4.716353723253228],[6.028903910212043,-4.660286622043699],[6.047592943948551,-4.522454998236952],[6.0989877867239475,-4.494421447632192],[6.218130376794186,-4.508438222934572],[6.260180702701327,-4.464051767810368],[6.278869736437835,-4.31220336870124],[6.337272966864423,-4.267816913577036],[6.461087815368788,-4.228102716886951],[6.5475245964001365,-4.256136267491719],[6.771793001238231,-4.356589823825445],[6.83253236088188,-4.361262082259572],[7.021758827464023,-4.17203561567743],[7.061473024154102,-4.115968514467909],[7.0638091533711656,-3.980473019878218],[7.052128507285848,-3.8917001096298094],[7.019422698246959,-3.8519859129397247],[7.061473024154102,-3.786574294861957],[7.115203996146562,-3.7491962273889428],[7.152582063619577,-3.709482030698858],[7.13389302988307,-3.64874267105521],[7.110531737712435,-3.625381378884576],[7.152582063619577,-3.5482891147214772],[7.185287872658466,-3.4595162044730685],[7.253035619953307,-3.4057852324806035],[7.278733041341005,-3.312340063798068],[7.320783367248148,-3.2329116704179057],[7.432917569667195,-3.174508439991314],[7.472631766357274,-3.137130372518307],[7.470295637140211,-3.03200455775044],[7.533371126000925,-2.9782735857579894],[7.624480165466401,-2.903517450811954],[7.708580817280685,-2.807736152912348],[7.738950497102511,-2.7399884056175168],[7.762311789273147,-2.6956019504933053],[7.799689856746162,-2.6792490459738545],[7.855756957955686,-2.6792490459738545],[7.897807283862829,-2.704946467361559],[7.911824059165209,-2.800727765261165],[7.988916323328303,-2.88716454629251],[7.977235677242986,-3.001634877928616],[8.110395042615606,-3.0623742375722713],[8.168798273042192,-3.0740548836575954],[8.273924087810048,-3.0436852038357642],[8.37671377336084,-3.0390129454016375],[8.495856363431079,-3.041349074618701],[8.596309919764808,-3.0623742375722713],[8.689755088447349,-3.0810632713087784],[8.734141543571555,-3.048357462269891],[8.757502835742189,-2.940895518284968],[8.738813802005682,-2.842778091168306],[8.614998953501317,-2.772694214656404],[8.491184104996952,-2.6979380797103687],[8.297285379980684,-2.590476135725453],[8.182815048344573,-2.4970309670429103],[8.117403430266796,-2.380224506189734],[8.082361492010843,-2.2961238543754448],[8.075353104359653,-2.2634180453365573],[8.11506730104973,-2.2026786856929093],[8.1874873067787,-2.1676367474369584],[8.318310542934254,-2.2166954609952896],[8.38138603179497,-2.181653522739346],[8.460814425175126,-2.09988900014212],[8.530898301687031,-2.0111160898937115],[8.614998953501317,-2.0298051236302257],[8.750494448090999,-2.1115696462274443],[8.822914453819966,-2.09988900014212],[8.949065431541394,-2.0578386742349792],[9.02615769570449,-2.097552870925064],[9.105586089084648,-1.9830825392889508],[9.159317061077108,-1.9410322133818028],[9.142964156557664,-1.8545954323504645],[9.103249959867584,-1.7751670389703023],[8.981771240580283,-1.6910663871560132],[8.857956392075918,-1.6279908982953017],[8.77151961104457,-1.5672515386516537],[8.689755088447349,-1.5742599263028367],[8.633687987237824,-1.5485625049151466],[8.593973790547746,-1.4481089485814138],[8.551923464640604,-1.3756889428524488],[8.62434347036957,-1.2915882910381598],[8.589301532113618,-1.2285128021774483],[8.530898301687031,-1.1397398919290325],[8.456142166741,-1.1514205380143565],[8.425772486919175,-1.1981431223556243],[8.297285379980684,-1.2074876392238707],[8.159453756173939,-1.1000256952389549],[8.115067301049733,-1.0673198862000675],[8.00526922784775,-1.0883450491536308],[7.902479542296955,-1.0509669816806237],[7.84407631187037,-1.011252784990539],[7.806698244397353,-0.8944463241373626],[7.748295013970767,-0.8453876105790314],[7.701572429629497,-0.7729676048500664],[7.696900171195369,-0.7192366328576014],[7.503001446179101,-0.698211469904038],[7.365169822372356,-0.6701779192992703],[7.089506574758865,-0.686530823818714],[7.00540592294458,-0.6047663012214883],[6.947002692517993,-0.4645985481976851],[6.872246557571961,-0.3828340256004594],[6.876918816006088,-0.3150862783056141],[6.90495236661085,-0.2753720816155436],[6.907288495827913,-0.15856562076236713],[6.900280108176722,-0.10249851955283873],[6.715725900028708,0.11242536841700002],[6.605927826826724,0.26894602596024697],[6.412029101810455,0.4371473295888251],[6.365306517469186,0.4815337847130152],[6.362970388252123,0.551617661224924],[6.27419747800371,0.6520712175586567],[6.304567157825536,0.7268273525046851],[6.311575545476726,0.7899028413654037],[6.3676426466862495,0.8179363919701572],[6.4307181355469645,0.8085918751019108],[6.545188467183074,0.9090454314356435],[6.6479781527338675,1.0305241507229397],[6.631625248214423,1.0912635103665878],[6.5732220177878355,1.212742229653891],[6.519491045795376,1.31553191520468],[6.472768461454107,1.3482377242435746],[6.391003938856884,1.3645906287630183],[6.2438277981818855,1.4767248311820609],[6.2438277981818855,1.5327919323915893],[6.393340068073948,1.675295814632463],[6.402684584942202,1.7220183989737308],[6.351289742166805,1.8481693766951608],[6.341945225298551,1.9252616408582526],[6.421373618678709,1.988337129718964],[6.423709747895773,2.1051435905721405],[6.327928449996171,2.1892442423864296],[6.302231028608473,2.2780171526348383],[6.304567157825536,2.3948236134880148],[6.398012326508075,2.4602352315657896],[6.46809620301998,2.4602352315657896],[6.526499433446567,2.5139662035582475],[6.626952989780297,2.5139662035582475],[6.6666671864703755,2.570033304767776],[6.657322669602121,2.672822990318565],[6.715725900028708,2.710201057791579],[6.806834939494183,2.9111081704590376],[6.8442130069672,2.985864305405073],[6.811507197928311,3.112015283126503],[6.841876877750137,3.2171410978943555],[6.841876877750137,3.2965694912745107],[6.904755093476963,3.4046414245549954],[6.918969141913233,3.529014348372357],[6.816179456362439,3.673854359830294],[6.750767838284662,3.7719717869469562],[6.769456872021171,3.842055663458858],[6.900280108176725,3.9355008321414076],[7.068481411805295,4.000912450219175],[7.101187220844184,4.117718911072352],[7.035775602766408,4.262558922530289],[6.979708501556884,4.491499585802508],[7.0778259286735485,4.603633788221558],[7.222665940131485,4.697078956904093],[7.260044007604502,4.84191896836203],[7.316111108814026,4.949380912346953],[7.3020943335116435,5.154960283448538],[7.330127884116405,5.267094485867581],[7.278733041341009,5.3605396545501165],[7.269388524472755,5.491362890705673],[7.124548513014819,5.374556429852511],[6.918969141913233,5.402589980457272],[6.7367510629822815,5.430623531062025],[6.5311716918806955,5.369884171418377],[6.372314905120378,5.248405452131074],[6.372314905120378,5.159632541882665],[6.260180702701331,5.112909957541397],[6.082634882204506,5.028809305727108],[6.012551005692602,4.991431238254101],[5.86303873580054,4.991431238254101],[5.750904533381493,4.95405317078108],[5.671476140001334,4.893313811137432],[5.573358712884668,4.893313811137432],[5.526636128543398,4.958725429215207],[5.484585802636255,5.010120271990601],[5.50794709480689,5.154960283448538],[5.825660668327523,5.397917722023138],[5.86303873580054,5.4913628907056875],[5.788282600854509,5.631530643729491],[5.858366477366412,5.767026138319167],[5.919105837010063,5.879160340738217],[5.951811646048952,5.972605509420752],[6.040584556297364,6.009983576893774],[6.134029724979903,6.019328093762034],[6.334936837647363,6.009983576893774],[6.479776849105299,6.154823588351711],[6.554532984051329,6.262285532336627],[6.605927826826726,6.407125543794564],[6.704045253943393,6.444503611267585],[6.858229782269582,6.472537161872339],[6.993725276859265,6.547293296818381],[6.984380759991011,6.547293296818381],[7.096514962410058,6.673444274539804],[7.203976906394978,6.762217184788213],[7.404884019062438,6.7482004094858326],[7.498329187744977,6.7482004094858326],[7.577757581125135,6.7715617016564735],[7.647841457637039,6.869679128773143],[7.741286626319579,6.967796555889798],[7.759975660056086,7.061241724572348],[7.848748570304499,7.135997859518376],[8.026294390801324,7.252804320371553],[8.068344716708467,7.29952690471282],[8.035638907669577,7.346249489054088],[7.960882772723546,7.332232713751708],[7.881454379343388,7.435022399302497],[7.872109862475134,7.57051789389218],[7.8627653456068805,7.734046939086632],[7.951538255855292,7.930281793319956],[8.077689233576718,8.121844389119161],[8.10572278418148,8.201272782499316],[8.13842859322037,8.430213445771543],[8.161789885391004,8.570381198795346],[8.208512469732273,8.645137333741388],[8.208512469732273,8.74325476085805],[8.278596346244179,8.850716704842974],[8.283268604678305,8.930145098223129],[8.353352481190209,8.96752316569615],[8.479503458911637,8.96752316569615],[8.502864751082273,9.149741244627094],[8.605654436633065,9.285236739216778],[8.67573831314497,9.416059975372328],[8.741149931222749,9.532866436225504],[8.717788639052113,9.60762257117154],[8.605654436633065,9.799185166970744],[8.540242818555289,9.873941301916773],[8.376713773360844,9.948697436862801],[8.301957638414812,10.028125830242963],[8.287940863112432,10.121570998925499],[8.358024739624337,10.252394235081056],[8.41409184083386,10.364528437500105],[8.404747323965607,10.481334898353275],[8.46081442517513,10.490679415221528],[8.624343470369574,10.481334898353275],[8.755166706525129,10.621502651377085],[8.95140156075846,10.602813617640578],[9.035502212572746,10.649536201981846],[9.133619639689412,10.644863943547719],[9.245753842108458,10.551418774865184],[9.385921595132269,10.52805748269455],[9.423299662605285,10.471990381485021],[9.591500966233856,10.406578763407246],[9.656912584311632,10.439284572446134],[9.694290651784648,10.53272974112867],[9.867164213847346,10.52805748269455],[10.035365517475917,10.54674651643105],[10.184877787367979,10.518712965826296],[10.27365069761639,10.537401999562796],[10.4138184506402,10.630847168245339],[10.591364271137024,10.738309112230255],[10.740876541029088,10.728964595362008],[10.895061069355277,10.724292336927881],[10.979161721169563,10.635519426679465],[11.05859011454972,10.644863943547719],[11.208102384441784,10.55609103329931],[11.25949722721718,10.598141359206451],[11.362286912767972,10.724292336927881],[11.47442111518702,10.747653629098515],[11.623933385079082,10.864460089951692],[11.708034036893368,10.92519944959534],[11.85754630678543,10.957905258634234],[11.89025211582432,11.046678168882643],[11.965008250770353,11.168156888169946],[12.021075351979876,11.345702708666764],[12.109848262228287,11.46250916951994],[12.170587621871936,11.47652594482232],[12.193948914042572,11.43447561891518],[12.33411666706638,11.429803360481053],[12.39485602671003,11.406442068310419],[12.450923127919555,11.443820135783433],[12.450923127919555,11.537265304465976],[12.586418622509237,11.616693697846138],[12.670519274323523,11.644727248450891],[12.759292184571935,11.621365956280258],[12.848065094820347,11.635382731582638],[12.946182521937013,11.691449832792166],[12.99757736471241,11.710138866528673],[13.02561091531717,11.826945327381843],[13.109711567131455,11.911045979196125],[13.109711567131455,12.009163406312794],[13.179795443643359,12.074575024390576],[13.217173511116375,12.191381485243745],[13.179795443643359,12.284826653926288],[13.147089634604471,12.424994406950091],[13.109711567131455,12.527784092500887],[13.109711567131455,12.62122926118343],[13.161106409906852,12.724018946734219],[13.193812218945741,12.86418669975803],[13.203156735813996,12.966976385308826],[13.147089634604471,13.027715744952474],[13.114383825565582,13.055749295557234],[12.960199297239392,13.242639632922312],[12.857409611688599,13.30337899256596],[12.637813465284633,13.354773835341362],[12.348133442368763,13.354773835341362],[12.282721824290984,13.37346286907787],[12.221982464647336,13.350101576907235],[12.184604397174319,13.289362217263587],[12.11919277909654,13.177228014844538],[12.039764385716383,13.135177688937397],[11.89025211582432,13.093127363030256],[11.754756621234637,13.097799621464382],[11.680000486288607,13.069766070859615],[11.656639194117972,13.027715744952474],[11.656639194117972,12.920253800967558],[11.539832733264799,12.89222025036279],[11.488437890489402,12.86418669975803],[11.357614654333847,12.882875733494537],[11.287530777821942,12.822136373850888],[11.25949722721718,12.752052497338987],[11.16605205853464,12.742707980470733],[11.011867530208452,12.77541378950962],[10.89038881092115,12.789430564812001],[10.778254608502102,12.88754799192867],[10.754893316331469,12.97632090217708],[10.712842990424326,13.074438329293741],[10.67546492295131,13.163211239542157],[10.703498473556072,13.233295116054066],[10.670792664517183,13.322068026302475],[10.68948169825369,13.42485771185327],[10.78292686693623,13.574369981745328],[10.838993968145754,13.574369981745328],[10.895061069355277,13.560353206442947],[11.035228822379086,13.560353206442947],[11.22679141817829,13.691176442598504],[11.394992721806862,13.817327420319934],[11.50712692422591,13.859377746227075],[11.69401726159099,13.882739038397709],[11.703361778459241,13.915444847436596],[11.698689520025114,14.008890016119139],[11.871563082087812,14.167746802879456],[11.899596632692575,14.265864229996119],[11.89025211582432,14.396687466151675],[11.834185014614796,14.490132634834218],[11.745412104366386,14.527510702307232],[11.619261126644956,14.541527477609613],[11.563194025435433,14.620955870989768],[11.539832733264799,14.723745556540564],[11.49311014892353,14.807846208354846],[11.399664980240988,14.980719770417544],[11.399664980240988,15.032114613192945],[11.27351400251956,15.120887523441354],[11.23146367661242,15.256383018031038],[11.23146367661242,15.312450119240559],[11.25949722721718,15.405895287923101],[11.203430126007657,15.485323681303264],[11.081951406720357,15.60680240059056],[10.955800428998927,15.62081917589294],[10.895061069355277,15.644180468063574],[10.834321709711626,15.616146917458813],[10.731532024160833,15.611474659024687],[10.670792664517183,15.630163692761194],[10.66144814764893,15.704919827707222],[10.666120406083058,15.742297895180236],[10.624070080175914,15.775003704219131],[10.535297169927501,15.76098692891675],[10.479230068717978,15.765659187350877],[10.39980167533782,15.873121131335793],[10.297011989787027,16.036650176530244],[10.254961663879882,16.120750828344526],[10.203566821104486,16.1160785699104],[10.086760360251313,16.265590839802464],[9.937248090359251,16.405758592826267],[9.755030011428298,16.52723731211357],[9.586828707799729,16.648716031400873],[9.404610628868777,16.74216120008341],[9.23173706680608,16.835606368765944],[9.086897055348143,16.872984436238966],[8.974762852929096,16.872984436238966],[8.904678976417193,16.80757281816119],[8.778527998695765,16.81224507659531],[8.680410571579099,16.802900559727064],[8.549587335423542,16.7234721663469],[8.451469908306876,16.66740506513738],[8.311302155283068,16.653388289835],[8.227201503468782,16.62535473923024],[8.147773110088623,16.564615379586584],[8.059000199840211,16.57863215488897],[7.759975660056086,16.59732118862547],[7.610463390164023,16.592648930191345],[7.381522726891802,16.54125408741595],[7.23201045699974,16.508548278377063],[7.143237546751327,16.40108633439214],[7.096514962410058,16.307641165709597],[6.984380759991011,16.321657941011978],[6.881591074440218,16.363708266919126],[6.797490422625932,16.382397300655626],[6.741423321416408,16.41510310969452],[6.64797815273387,16.38706955908976],[6.521827175012442,16.349691491616746],[6.44707104006641,16.307641165709597],[6.367642646686252,16.368380525353253],[6.297558770174348,16.40108633439214],[6.260180702701332,16.461825694035795],[6.190096826189428,16.480514727772295],[6.021895522560857,16.433792143431027],[5.760249050249747,16.40108633439214],[5.634098072528319,16.391741817523886],[5.531308386977526,16.45715343560166],[5.391140633953717,16.52723731211357],[5.283678689968797,16.64404377296674],[5.208922555022766,16.70945539104452],[5.180889004418004,16.80757281816119],[5.1014606110378455,16.95241282961912],[5.045393509828322,17.05053025673579],[5.045393509828322,17.186025751325467],[5.148183195379115,17.414966414597693],[5.255645139364035,17.513083841714355],[5.32572901587594,17.583167718226264],[5.38646837551959,17.7280077296842],[5.456552252031495,17.85883096583975],[5.479913544202129,18.017687752600068],[5.587375488187049,18.07842711224372],[5.699509690606097,18.167200022492132],[5.750904533381493,18.255972932740544],[5.783610342420381,18.330729067686573],[5.9284503538783175,18.456880045408006],[5.975172938219587,18.578358764695302],[6.026567780994983,18.727871034587363],[6.101323915941015,18.802627169533398],[6.236819410530696,18.86803878761117],[6.344281354515617,18.825988461704032],[6.414365231027521,18.779265877362757],[6.479776849105299,18.741887809889743],[6.503138141275933,18.615736832168317],[6.638633635865615,18.48958585444689],[6.764784613587043,18.475569079144506],[6.825523973230694,18.53163618035403],[6.928313658781487,18.550325214090538],[7.012414310595773,18.508274888183394],[7.091842703975931,18.391468427330224],[7.129220771448947,18.2840064833453],[7.199304647960851,18.213922606833396],[7.3394724009846595,18.18121679779451],[7.493656929310849,18.162527764058005],[7.5637408058227535,18.25597293274054],[7.759975660056086,18.344745842988953],[7.830059536567991,18.452207786973872],[7.858093087172752,18.51761940505165],[7.778664693792593,18.615736832168317],[7.699236300412435,18.63909812433895],[7.4889846708767225,18.695165225548475],[7.395539502194183,18.73254329302149],[7.442262086535452,18.774593618928634],[7.545051772086246,18.779265877362757],[7.6758750082418,18.840005237006405],[7.886126637777513,18.919433630386564],[8.030966649235449,18.947467180991328],[8.217856986600527,19.031567832805614],[8.423436357702114,19.14370203522466],[8.577620886028303,19.325920114155615],[8.624343470369574,19.461415608745295],[8.610326695067192,19.568877552730214],[8.755166706525127,19.69970078888577],[8.895334459548936,19.723062081056405],[9.068208021611634,19.727734339490535],[9.142964156557666,19.723062081056405],[9.208375774635442,19.6529782045445],[9.32050997705449,19.59691110333498],[9.395266112000522,19.615600137071485],[9.507400314419568,19.634289170807993],[9.684946134916393,19.695028530451644],[9.778391303598934,19.783801440700053],[9.843802921676708,19.718389822622278],[9.90454228132036,19.68568401358339],[9.93724809035925,19.624944653939735],[9.93724809035925,19.550188518993707],[10.044710034344169,19.536171743691323],[10.282995214484645,19.59691110333498],[10.38111264160131,19.615600137071485],[10.48857458558623,19.727734339490535],[10.670792664517183,19.7557678900953],[10.75022105789734,19.779129182265933],[11.016539788642579,19.788473699134183],[11.27351400251956,19.807162732870694],[11.42769853084575,19.92396919372387],[11.558521767001306,19.952002744328627],[11.698689520025114,20.036103396142916],[11.768773396537018,20.031431137708786],[11.84352953148305,19.97536403649926],[11.918285666429082,19.97536403649926],[12.04443664415051,20.050120171445297],[12.15189858813543,20.09217049735244],[12.240671498383843,20.171598890732596],[12.240671498383843,20.218321475073868],[12.193948914042572,20.279060834717516],[12.11919277909654,20.367833744965928],[11.885579857390194,20.391195037136562],[11.53516047483067,20.48931246425323],[11.399664980240988,20.451934396780217],[11.240808193480671,20.32111116062466],[11.184741092271148,20.255699542546882],[11.072606889852102,20.22766599194212],[10.988506238037816,20.265044059415136],[10.881044294052895,20.255699542546882],[10.619397821741787,20.13422082325958],[10.497919102454485,20.10151501422069],[10.395129416903693,20.026758879274663],[10.189550045802106,20.036103396142916],[10.110121652421947,19.98003629493339],[10.063399068080678,20.012742103972275],[9.941920348793376,20.026758879274663],[9.73634097769179,20.008069845538152],[9.47469450538068,20.036103396142913],[9.301820943317983,20.096842755786565],[9.236409325240205,20.199632441337357],[9.114930605952905,20.28840535158577],[9.03082995413862,20.344472452795294],[8.974762852929096,20.255699542546882],[8.909351234851318,20.185615666034977],[8.792544773998143,20.185615666034977],[8.619671211935445,20.218321475073868],[8.526226043252906,20.157582115430213],[8.526226043252906,20.08749823891831],[8.442125391438621,20.059464688313547],[8.404747323965607,20.012742103972275],[8.311302155283068,19.928641452157994],[8.110395042615608,19.85388531721196],[7.87678212090926,19.87257435094847],[7.526362738349738,19.844540800343708],[7.36750595158942,19.844540800343708],[7.3020943335116435,19.90528015998736],[7.288077558209262,20.003397587104022],[7.2460272323021195,20.106187272654818],[7.250699490736247,20.218321475073868],[7.101187220844186,20.241682767244498],[7.026431085898154,20.31643890219053],[6.844213006967202,20.428573104609576],[6.8115071979283135,20.71825312752545],[6.685356220206886,20.755631194998465],[6.531171691880696,20.821042813076243],[6.428382006329903,20.909815723324655],[6.400348455725141,21.00326089200719],[6.400348455725141,21.15744542033338],[6.437726523198157,21.213512521542906],[6.489121365973554,21.311629948659572],[6.498465882841807,21.409747375776238],[6.456415556934664,21.517209319761157],[6.33960909608149,21.596637713141316],[6.269525219569587,21.708771915560362],[6.082634882204508,21.88631773605719],[6.073290365336255,22.194686792709568],[6.035912297863238,22.320837770430998],[6.054601331599746,22.49838359092782],[6.04992907316562,22.643223602385756],[6.04992907316562,22.72732425420004],[6.082634882204508,22.797408130711947],[6.054601331599746,22.830113939750834],[5.979845196653714,22.8067526475802],[5.8163161514592705,22.80208038914607],[5.722870982776732,22.79273587227782],[5.615409038791812,22.722651995765915],[5.564014196016415,22.6338790855175],[5.447207735163241,22.647895860819887],[5.3631070833489565,22.531089399966707],[5.3631070833489565,22.456333265020678],[5.260317397798162,22.395593905377027],[5.134166420076735,22.3395268041675],[5.0453935098283225,22.3909216469429],[4.979981891750545,22.432971972850044],[5.003343183921181,22.521744883098453],[5.06408254356483,22.689946186727024],[5.1014606110378455,22.811424906014327],[5.1762167459838775,22.90019781626274],[5.227611588759273,22.984298468077025],[5.1108051279061,23.012332018681786],[5.022032217657688,23.096432670496075],[4.937931565843402,23.147827513271466],[4.914570273672767,23.2225836482175],[4.867847689331497,23.320701075334167],[4.961292858014037,23.36742365967544],[4.961292858014037,23.446852053055594],[4.928587048975149,23.50291915426512],[4.965965116448164,23.62439787355242],[4.961292858014037,23.69915400849845],[4.881864464633878,23.769237885010355],[4.881864464633878,23.858010795258767],[4.919242532106894,23.90473337960004],[4.933259307409275,24.07293468322861],[4.9893264086187985,24.14301855974051],[5.073427060433084,24.22244695312067],[5.1108051279061,24.339253413973843],[5.115477386340228,24.470076650129403],[5.171544487549751,24.57753859411432],[5.143510936944989,24.769101189913528],[5.162199970681497,24.871890875464317],[5.316384499007687,25.016730886922254],[5.339745791178322,25.156898639946064],[5.447207735163241,25.273705100799237],[5.447207735163241,25.36247801104765],[5.456552252031496,25.465267696598442],[5.503274836372765,25.62412448335876],[5.545325162279908,25.675519326134157],[5.564014196016416,25.84372062976273],[5.671476140001336,25.895115472538123],[5.690165173737844,25.951182573747644],[5.825660668327526,26.077333551469078],[5.933122612312446,26.142745169546856],[6.054601331599748,26.142745169546856],[6.162063275584667,26.14741742798098],[6.227474893662445,26.091350326771458],[6.423709747895778,26.105367102073842],[6.5825665346560935,25.913804506274637],[6.741423321416411,25.909132247840507],[6.862902040703712,25.825031596026225],[7.063809153371172,25.815687079157968],[7.185287872658472,25.75027546108019],[7.283405299775138,25.78298127011908],[7.348816917852916,25.8390483713286],[7.376850468457677,25.993232899654796],[7.302094333511645,26.058644517732574],[7.194632389526726,26.082005809903208],[7.15725432205371,26.208156787624635],[7.213321423263234,26.292257439438917],[7.330127884116408,26.343652282214315],[7.423573052798948,26.34832454064844],[7.437589828101327,26.525870361145266],[7.414228535930692,26.661365855734946],[7.250699490736249,26.759483282851615],[7.115203996146568,26.852928451534154],[7.082498187107679,26.93235684491431],[7.133893029883075,26.983751687689708],[7.1665988389219635,27.049163305767486],[7.320783367248154,27.067852339503993],[7.442262086535455,27.007112979860345],[7.61980790703228,26.960390395519074],[7.802025985963229,26.974407170821454],[7.876782120909261,26.99309620455796],[7.839404053436245,27.11924718227939],[7.750631143187832,27.292120744342085],[7.5263627383497385,27.36220462085399],[7.432917569667199,27.4322884973659],[7.302094333511644,27.48368334014129],[7.194632389526723,27.469666564838914],[7.110531737712438,27.51638914918018],[7.143237546751327,27.614506576296847],[7.180615614224344,27.693934969677006],[7.203976906394978,27.740657554018274],[7.358161434721168,27.778035621491288],[7.484312412442596,27.75000207088653],[7.6198079070322775,27.801396913661925],[7.689891783544182,27.88549756547621],[7.703908558846563,27.99763176789526],[7.6945640419783095,28.067715644407162],[7.820715019699738,28.142471779353194],[7.879794486434009,28.113180279039565],[7.928176963684663,28.254605981772247],[7.914160188382282,28.394773734796054],[7.844076311870378,28.469529869742086],[7.872109862475139,28.58633633059526],[7.788009210660854,28.6797814992778],[7.806698244397362,28.777898926394464],[7.6805472666759345,28.89003312881351],[7.722597592583077,29.03020088183732],[7.797353727529107,29.132990567388113],[7.830059536567996,29.245124769807155],[7.909487929948154,29.343242196923825],[7.839404053436249,29.478737691513505],[7.74595888475371,29.60956092766906],[7.63849694076879,29.693661579483347],[7.540379513652124,29.745056422258745],[7.488984670876728,29.833829332507158],[7.297422075077521,29.885224175282552],[7.035775602766412,29.917929984321443],[6.942330434083873,29.95063579336033],[6.8395407485330795,29.959980310228584],[6.769456872021175,30.048753220476996],[6.816179456362445,30.09080354638414],[6.820851714796572,30.15154290602779],[6.923641400347365,30.296382917485726],[6.979708501556888,30.361794535563504],[7.189960131092602,30.343105501826997],[7.325455625682284,30.389828086168272],[7.465623378706092,30.37113905243176],[7.568413064256886,30.520651322323825],[7.652513716071171,30.60475197413811],[7.675875008241806,30.716886176557157],[7.755303401621964,30.707541659688903],[7.830059536567996,30.628113266308745],[7.876782120909265,30.45056744581192],[7.974899548025932,30.352450018695254],[8.152445368522756,30.216954524105574],[8.306629896848946,30.118837096988905],[8.36269699805847,30.13285387229129],[8.358024739624343,30.03940870360875],[8.437453133004501,29.9272745011897],[8.465486683609264,29.838501590941288],[8.493520234214024,29.717022871653988],[8.680410571579102,29.57685511863018],[8.783200257129897,29.492754466815896],[8.937384785456086,29.48340994994764],[9.06820802161164,29.399309298133357],[9.152308673425926,29.28250283728018],[9.119602864387037,29.1984021854659],[9.030829954138625,29.090940241480975],[9.026157695704498,28.997495072798436],[9.16165319029418,28.969461522193672],[9.325182235488624,28.96011700532542],[9.456005471644177,28.941427971588915],[9.502728055985449,28.857327319774626],[9.74568549456005,28.876016353511137],[9.811097112637828,28.992822814364306],[9.801752595769575,29.072251207744465],[9.773719045164812,29.156351859558754],[9.932575831925128,29.25446928667542],[10.049382292778303,29.30119187101669],[10.166188753631477,29.324553163187325],[10.203566821104491,29.380620264396846],[10.413818450640205,29.403981556567484],[10.563330720532267,29.49742672525002],[10.549313945229887,29.63759447827383],[10.666120406083062,29.740384163824622],[10.572675237400523,29.880551916848432],[10.530624911493378,29.997358377701605],[10.516608136190998,30.09547580481827],[10.432507484376712,30.193593231934937],[10.465213293415601,30.226299040973828],[10.455868776547348,30.296382917485733],[10.413818450640205,30.40851711990478],[10.455868776547348,30.49729003015319],[10.43250748437671,30.604751974138114],[10.446524259679093,30.75426424403018],[10.47923006871798,30.83836489584446],[10.488574585586234,30.931810064527],[10.549313945229885,30.941154581395256],[10.596036529571155,30.87107070488335],[10.568002978966392,30.82434812054208],[10.572675237400519,30.74959198559605],[10.63341459704417,30.707541659688907],[10.591364271137026,30.64213004161113],[10.582019754268774,30.572046165099223],[10.624070080175915,30.525323580757956],[10.652103630780678,30.450567445811924],[10.647431372346551,30.34777776026113],[10.68013718138544,30.28703840061748],[10.722187507292583,30.22629904097383],[10.689481698253694,30.156215164461926],[10.764237833199726,30.128181613857162],[10.84833848501401,30.109492580120655],[10.923094619960043,30.128181613857162],[10.960472687433057,30.08613128795002],[10.979161721169566,30.006702894569862],[11.01653978864258,29.941291276492084],[11.119329474193373,29.857190624677802],[11.147363024798135,29.857190624677802],[11.175396575402898,29.72169513008812],[11.236135935046548,29.726367388522245],[11.2968752946902,29.833829332507165],[11.366959171202103,29.857190624677802],[11.437043047714008,29.899240950584943],[11.507126924225911,30.016047411438116],[11.595899834474324,30.044080962042877],[11.628605643513213,30.006702894569862],[11.708034036893372,29.908585467453197],[11.810823722444164,29.819812557204784],[11.871563082087814,29.777762231297643],[11.94164695859972,29.791779006600024],[11.99771405980924,29.82448481563891],[12.04910890258464,29.866535141546056],[12.053781161018765,29.91792998432145],[12.161243105003686,30.034736445174627],[12.259360532120354,30.090803546384148],[12.315427633329877,30.118837096988912],[12.427561835748925,30.04408096204288],[12.492973453826702,29.96465256866272],[12.553712813470352,29.969324827096848],[12.614452173114003,30.011375153003993],[12.656502499021144,30.025391928306373],[12.703225083362415,30.160887422896057],[12.731258633967178,30.24966033314447],[12.806014768913208,30.230971299407962],[12.86675412855686,30.235643557842085],[12.918148971332256,30.18424871506669],[12.974216072541779,30.188920973500817],[12.974216072541779,30.33843324339288],[13.025610915317175,30.41318937833891],[13.105039308697332,30.49261777171907],[13.221845769550507,30.572046165099227],[13.310618679798921,30.726230693425418],[13.376030297876696,30.81500360367383],[13.40406384848146,30.89443199705399],[13.366685781008444,30.99722168260478],[13.315290938233048,31.123372660326208],[13.254551578589396,31.188784278403986],[13.189139960511618,31.2775571886524],[13.189139960511618,31.333624289861923],[13.32930771353543,31.43174171697859],[13.366685781008444,31.529859144095255],[13.40406384848146,31.61395979590954],[13.492836758729872,31.670026897119065],[13.548903859939397,31.70740496459208],[13.562920635241776,31.79617787484049],[13.628332253319554,31.842900459181763],[13.633004511753683,31.92700111099605],[13.576937410544158,31.978395953771443],[13.590954185846538,32.08585789775636],[13.586281927412411,32.17463080800478],[13.525542567768762,32.25873145981906],[13.455458691256856,32.34283211163334],[13.343324488837808,32.43627728031589],[13.259223837023525,32.487672123091286],[13.165778668340986,32.51103341526192],[13.119056083999714,32.54373922430081],[13.119056083999714,32.65120116828572],[13.184467702077493,32.70259601106112],[13.305946421364792,32.71194052792938],[13.427425140652094,32.73530182010001],[13.492836758729872,32.83341924721668],[13.492836758729872,32.90350312372858],[13.586281927412411,32.96424248337223],[13.740466455738602,32.95022570806985],[13.838583882855266,32.973587000240485],[14.01612970335209,33.09039346109366],[14.15162519794177,33.17449411290795],[14.23572584975606,33.300645090629374],[14.263759400360819,33.43614058521905],[14.35253231060923,33.45015736052144],[14.530078131106057,33.426796068350804],[14.576800715447325,33.41745155148254],[14.754346535944151,33.43614058521905],[14.824430412456055,33.426796068350804],[14.857136221494944,33.520241237033346],[14.829102670890181,33.63237543945239],[14.824430412456055,33.74918190030556],[14.829102670890181,33.823938035251594],[14.922547839572722,33.87066061959286],[14.9879594576505,33.98279482201191],[15.039354300425897,34.06689547382619],[15.128127210674307,34.14165160877223],[15.193538828752084,34.21173548528413],[15.179522053449706,34.26780258649366],[15.100093660069547,34.27247484492778],[14.978614940782245,34.221080002152384],[14.796396861851292,34.20239096841588],[14.665573625695739,34.18370193467937],[14.544094906408436,34.2397690358889],[14.366549085911613,34.24444129432302],[14.118919388902885,34.36592001361032],[14.067524546127489,34.41264259795159],[13.889978725630662,34.42665937325397],[13.791861298513995,34.403298081083335],[13.642349028621934,34.33788646300556],[13.544231601505267,34.33321420457143],[13.41808062378384,34.30518065396667],[13.333979971969555,34.30518065396667],[13.268568353891776,34.375264530478574],[13.26389609545765,34.43600389012222],[13.273240612325903,34.52477680037064],[13.114383825565588,34.711667137735716],[13.01626639844892,34.78175101424762],[12.932165746634634,34.875196182930154],[12.74060315083543,34.93593554257381],[12.605107656245748,34.98265812691508],[12.651830240587017,35.052742003426985],[12.731258633967174,35.080775554031746],[12.894787679161618,35.080775554031746],[12.95552703880527,35.141514913675394],[12.950854780371142,35.33774976790873],[13.030283173751302,35.32840525104047],[13.105039308697332,35.323732992606345],[13.235862544852887,35.379800093815874],[13.343324488837807,35.449883970327775],[13.413408365349712,35.51062332997142],[13.511525792466378,35.54332913901031],[13.604970961148918,35.524640105273804],[13.684399354529075,35.477917520932536],[13.777844523211616,35.421850419723015],[13.918012276235425,35.42652267815714],[13.974079377444948,35.44521171189365],[13.983423894313201,35.5760349480492],[13.932029051537805,35.65546334142936],[13.824567107552884,35.67415237516587],[13.69374387139733,35.716202701073016],[13.581609668978283,35.80964786975555],[13.497509017163997,35.90776529687221],[13.385374814744951,35.95448788121348],[13.296601904496539,35.945143364345235],[13.240534803287014,35.90776529687221],[13.151761893038602,35.935798847476974],[13.114383825565588,35.987193690252376],[13.025610915317175,36.01055498242301],[12.848065094820349,36.00588272398888],[12.791997993610826,35.973176914949995],[12.656502499021144,36.02457175772539],[12.572401847206859,36.015227240857136],[12.544368296602098,35.973176914949995],[12.502317970694955,35.973176914949995],[12.408872802012416,36.015227240857136],[12.310755374895749,35.9918659486865],[12.165915363437815,35.96850465651587],[12.105176003794163,35.85637045409682],[12.10984826222829,35.72087495950714],[12.161243105003686,35.61341301552222],[12.114520520662419,35.5760349480492],[11.936974700165592,35.58070720648333],[11.838857273048925,35.51062332997142],[11.726723070629879,35.491934296234916],[11.661311452552102,35.44053945345952],[11.712706295327498,35.37045557694761],[11.698689520025116,35.31438847573809],[11.57253854230369,35.2629936329627],[11.577210800737816,35.18823749801666],[11.60057209290845,35.15085943054365],[11.553849508567183,35.08544781246587],[11.474421115187024,34.95929683474444],[11.460404339884642,34.828473598588886],[11.432370789279881,34.758389722076984],[11.306219811558453,34.76306198051111],[10.946455912130675,34.501415508200004],[10.857683001882265,34.42198711481984],[10.792271383804486,34.314525170834926],[10.722187507292583,34.221080002152384],[10.656775889214805,34.10427354129921],[10.591364271137026,34.108945799733334],[10.427835225942585,34.16968515937699],[10.311028765089409,34.16501290094286],[10.208239079538616,34.02484514791905],[10.152171978329093,33.87066061959286],[10.058726809646556,33.781887709344446],[9.98864293313465,33.74918190030556],[9.876508730715603,33.71647609126667],[9.815769371071953,33.77721545091032],[9.77371904516481,33.837954810553974],[9.661584842745762,33.73049286656905],[9.544778381892588,33.80057674308095],[9.427971921039413,33.95943352984128],[9.26444287584497,34.122962575035714],[9.100913830650526,34.12763483346984],[8.998124145099736,34.14165160877223],[9.00746866196799,34.28181936179604],[8.979435111363227,34.3799367889127],[8.843939616773543,34.48272647446349],[8.661721537842594,34.585516160014286],[8.549587335423546,34.69297810399921],[8.470158942043389,34.67896132869683],[8.217856986600532,34.83781811545714],[8.185151177561643,34.98265812691508],[8.124411817917991,35.15085943054365],[8.073016975142595,35.22561556548968],[7.9702272895918025,35.11815362150476],[7.830059536567993,35.05741426186111],[7.699236300412439,35.127498138373014],[7.6338246823346605,35.23028782392381],[7.563740805822756,35.253649116094444],[7.531034996783868,35.57136268961508],[7.484312412442598,35.6788246336],[7.395539502194185,35.75358076854603],[7.115203996146569,35.8703872293992],[6.909624625044982,35.88907626313571],[6.680683961772761,35.83768142036031],[6.521827175012444,35.76292528541428],[6.353625871383874,35.78161431915079],[6.34428135451562,35.79563109445317],[6.288214253306096,35.744236251677776],[6.1900968261894285,35.76759754384841],[6.0919793990727635,35.84235367879444],[6.063945848468002,35.90776529687222],[6.003206488824351,36.08998337580317],[6.021895522560858,36.29089048847063],[5.975172938219589,36.379663398719046],[5.8677109942346695,36.496469859572215],[5.783610342420384,36.54786470234761],[5.638770330962448,36.55253696078174],[5.484585802636258,36.496469859572215],[5.367779341783084,36.4590917920992],[5.311712240573561,36.496469859572215],[5.25097288092991,36.585242769820624],[5.288350948402926,36.725410522844435],[5.264989656232291,36.865578275868245],[5.288350948402926,36.93566215238015],[5.437863218294989,37.0664853885357],[5.461224510465623,37.17861959095475],[5.489258061070386,37.28140927650554],[5.428518701426734,37.360837669885704],[5.423846442992608,37.50567768134364],[5.363107083348957,37.65051769280157],[5.409829667690226,37.75330737835237],[5.479913544202132,37.81871899643015],[5.6060645219235585,37.88880287294205],[5.71352646590848,37.91683642354681],[5.8490219604981615,37.98224804162459],[5.891072286405303,38.11774353621427],[5.998534230390224,38.23454999706745],[5.970500679785462,38.3139783904476],[5.909761320141812,38.491524210944426],[5.825660668327527,38.659725514573],[5.839677443629908,38.75784294168966],[5.732215499644988,38.89801069471348],[5.540652903845781,39.13629587485395],[5.54065290384578,39.27179136944363],[5.610736780357684,39.41663138090156],[5.629425814094193,39.53343784175474],[5.5873754881870505,39.63155526887141],[5.578030971318797,39.767050763461086],[5.507947094806891,39.83246238153887],[5.423846442992605,39.83246238153887],[5.293023206837051,39.907218516484896],[5.115477386340228,39.935252067089664],[4.905225756804514,40.108125629152354],[4.774402520648959,40.248293382176165],[4.559478632679118,40.477234045448384],[4.321193452538644,40.62207405690632],[4.082908272398169,40.69215793341823],[3.9754463284132497,40.743552776193624],[3.480186934395791,41.079955383450766],[3.265263046425951,41.407013473839655],[3.050339158456111,41.64529865398013],[2.905499146998175,41.972356744369016],[2.7559868771061122,42.22465869981187],[2.6204913825164304,42.327448385362665],[2.372861685507701,42.383515486572186],[2.2140048987473846,42.36015419440155],[2.0411313366846873,42.299414834757904],[1.835551965583101,42.45827162151822],[1.3823428974727856,42.724590352263455],[1.139385458898183,42.93016972336504],[0.9011002787577078,43.14042135290076],[0.9431506046648508,49.078861822676124],[18.375346822392544,49.10222311484676],[18.370674563958417,48.9013160021793],[18.342641013353656,48.812543091930884],[18.277229395275878,48.71442566481422],[18.281901653710005,48.32195595634756],[18.230506810934607,48.228510787665016],[18.16509519285683,48.0696540009047],[18.066977765740166,47.98088109065629],[18.02959969826715,47.87341914667137],[18.020255181398895,47.74259591051581],[18.034271956701275,47.56972234845311],[18.123044866949687,47.44357137073169],[18.095011316344927,47.27537006710312],[17.950171304886993,46.95765649358248],[17.870742911506834,46.81748874055867],[17.86139839463858,46.6492874369301],[17.866070653072708,46.44370806582852],[17.940826788018736,46.322229346541214],[17.912793237413975,46.247473211595185],[17.833364844033817,46.121322233873755],[17.688524832575883,46.02320480675709],[17.64647450666874,45.84565898626026],[17.5530293379862,45.64475187359281],[17.557701596420326,45.569995738646774],[17.62778547293223,45.415811210320584],[17.632457731366358,45.13547570427296],[17.370811259055248,44.72431696206979],[17.24466028133382,44.210368534315826],[17.230643506031438,43.85527689332218],[17.16990414638779,43.71043688186424],[17.16990414638779,43.616991713181704],[17.062442202402867,43.48149621859202],[16.93629122468144,43.39739556677774],[16.749400887316362,43.364689757738844],[16.716695078277475,43.29927813966107],[16.67464475237033,43.07500973482298],[16.571855066819538,43.032959408915836],[16.441031830663984,42.93016972336504],[16.31955311137668,42.86943036372139],[16.156024066182237,42.822707779380124],[16.13733503244573,42.7152458353952],[16.184057616787,42.598439374542025],[16.174713099918744,42.44425484621584],[16.13733503244573,42.369498711269806],[16.1326627740116,42.20596966607536],[16.062578897499698,42.0050625534079],[15.973805987251286,41.84153350821346],[15.861671784832238,41.678004463019015],[15.842982751095729,41.54250896842933],[15.824293717359222,41.43037476601029],[15.674781447467158,41.29020701298648],[15.646747896862395,41.18741732743568],[15.693470481203667,41.07061086658251],[15.744865323979063,40.97249343946584],[15.805604683622715,40.68281341654997],[15.833638234227477,40.59404050630156],[15.814949200490966,40.48657856231664],[15.791587908320333,40.37911661833172],[15.847655009529856,40.26698241591267],[15.917738886041763,40.18755402253251],[15.927083402910014,40.047386269508706],[15.955116953514777,39.921235291787276],[16.095284706538585,39.79975657249997],[16.21209116739176,39.739017212856325],[16.27283052703541,39.739017212856325],[16.35225892041557,39.62221075200315],[16.45504860596636,39.49138751584759],[16.40672301947538,39.47534753394846]]]}},{"type":"Feature","id":"continents-1","properties":{"id":2,"name":"Essos","layer":"continents","fid":"continents-1","slug":"essos"},"geometry":{"type":"Polygon","coordinates":[[[66.37511247437433,-11.048010164995048],[66.53435861600413,-10.941846070575174],[66.60911475095016,-10.782989283814857],[66.66518185215969,-10.680199598264075],[66.63714830155493,-10.52134281150375],[66.69321540276445,-10.446586676557722],[66.82403863892,-10.325107957270419],[66.88945025699778,-10.222318271719622],[66.9268283244708,-10.054116968091058],[66.9642063919438,-9.97001631627677],[66.97355090881207,-9.904604698198995],[67.1884747967819,-9.755092428306924],[67.27257544859619,-9.69902532709741],[67.24454189799143,-9.558857574073599],[66.9268283244708,-9.568202090941853],[66.62780378468666,-9.61492467528312],[66.41287989671683,-9.540168540337092],[66.03909922198667,-9.558857574073599],[65.82417533401684,-9.633613709019627],[65.6279404797835,-9.783125978911698],[65.32891593999938,-9.820504046384706],[65.20743722071208,-9.820504046384706],[65.00185784961049,-9.932638248803755],[64.82431202911366,-9.941982765672009],[64.68414427608985,-10.00739438374979],[64.5206152308954,-10.044772451222798],[64.36175844413509,-10.11018406930058],[64.2192545618942,-10.243343434673193],[63.91789389289302,-10.273713114495024],[63.75436484769858,-10.36715828317756],[63.637558386845406,-10.418553125952961],[63.36189513923191,-10.586754429581525],[63.254433195246996,-10.586754429581525],[63.13762673439382,-10.708233148868828],[63.0301647904089,-10.867089935629146],[62.92270284642398,-10.867089935629146],[62.777862834966044,-10.88577896936566],[62.707778958454135,-10.941846070575174],[62.60498927290334,-11.007257688652956],[62.460149261445416,-10.988568654916442],[62.394737643367634,-10.89979574466804],[62.348015059026366,-10.736266699473589],[62.371376351197,-10.50265377776725],[62.399409901801754,-10.36715828317756],[62.3199815084216,-10.222318271719622],[62.23120859817319,-10.26436859762677],[62.08636858671525,-10.339124732572799],[61.97423438429621,-10.441914418123588],[61.72660468728748,-10.540031845240257],[61.572420158961286,-10.619460238620412],[61.47430273184462,-10.76430025007835],[61.390202080030335,-10.89045122779978],[61.175278192060496,-11.011929947087083],[61.05379947277319,-11.14275318324264],[60.745430416120826,-11.43710546459264],[60.754774932989065,-11.65436548177955],[60.502472977546226,-11.810886139322797],[60.18475940402559,-12.007120993556128],[60.08664197690892,-12.189339072487087],[59.867045830504956,-12.371557151418031],[59.724336017798414,-12.512187404012266],[59.586710324457336,-12.577136522519623],[59.53064322324781,-12.72664879241168],[59.418509020828765,-12.8598081577843],[59.26198836328552,-12.992967523156906],[59.15686254851765,-13.10977398401009],[59.1218206102617,-13.268630770770407],[59.072761896703376,-13.436832074398986],[58.95128317741607,-13.511588209345021],[58.83214058734583,-13.520932726213267],[58.77373735691924,-13.432159815964852],[58.7129979972756,-13.308344967460492],[58.77373735691925,-13.203219152692625],[58.83914897499702,-13.10977398401009],[58.84615736264822,-12.927555905079146],[58.764392840050995,-12.852799770133117],[58.6616031545002,-12.782715893621209],[58.596191536422424,-12.7126320171093],[58.5588134689494,-12.549102971914856],[58.399956682189085,-12.436968769495806],[58.297166996638296,-12.42762425262756],[58.11027665927321,-12.474346836968827],[57.98412568155179,-12.539758455046602],[57.80190760262083,-12.598161685473187],[57.596328231519244,-12.633203623729145],[57.39074886041766,-12.679926208070412],[57.28795917486688,-12.773371376752948],[57.23189207365735,-12.857472028567237],[57.26226175347917,-13.032681719846998],[57.20385852305259,-13.137807534614858],[57.1197578712383,-13.203219152692625],[57.026312702555764,-13.324697871979936],[56.970245601346235,-13.436832074398986],[56.99962774650414,-13.49400626652718],[56.998279151950996,-13.654092091585888],[56.89548946640021,-13.707823063578346],[56.88728383652003,-13.784975602562703],[56.89782559561728,-13.890041142509297],[56.79269978084942,-14.00918373257953],[56.781019134764094,-14.156359873254544],[56.87603013784859,-14.251266604456106],[56.89081720796609,-14.32689730610015],[56.87680043266369,-14.399317311829137],[56.837086235973615,-14.499770868162855],[56.83708623597362,-14.618913458233095],[56.914178500136714,-14.76375346969104],[56.85811139892718,-14.974005099226758],[56.81606107302004,-15.198273504064844],[56.837086235973615,-15.357130290825154],[56.93987592152441,-15.485617397763662],[57.11041335437004,-15.65148257217517],[57.26459788269623,-15.69353289808231],[57.41411015258829,-15.581398695663253],[57.53091661344146,-15.515987077585478],[57.65555868751244,-15.500527724067837],[57.778546310450196,-15.42721416733707],[57.839285670093844,-15.459919976375957],[57.99347019842003,-15.525331594453732],[58.08224310866844,-15.58607095409738],[58.18503279421924,-15.70754967338469],[58.2831502213359,-15.763616774594212],[58.37192313158432,-15.7963225836331],[58.507418626173994,-15.7963225836331],[58.68963670510495,-15.815011617369606],[58.7503760647486,-15.85238968484262],[58.829804458128756,-15.913129044486269],[58.9232496268113,-16.00190195473469],[59.00267802019145,-16.198136808968016],[59.040056087664475,-16.286909719216425],[59.01669479549384,-16.333632303557692],[58.97464446958669,-16.39904392163548],[59.040056087664475,-16.436421989108496],[59.03538382923034,-16.555564579178736],[59.026039312362094,-16.679379427683088],[59.012022537059714,-16.798522017753328],[58.93259414367955,-16.94569815842833],[58.857838008733516,-17.00176525963785],[58.71767025570971,-17.025126551808484],[58.59385540720535,-17.12090784970809],[58.446679266530346,-17.057832360847385],[58.42331797435972,-16.992420742769596],[58.39528442375495,-16.8709420234823],[58.29716699663828,-16.76815233793151],[58.250444412297014,-16.66069039394658],[58.1172850469244,-16.602287163520003],[57.97945342311765,-16.50183360718627],[57.874327608349795,-16.441094247542622],[57.790226956535506,-16.45978328127913],[57.67809275411646,-16.45744715206206],[57.58231145621686,-16.39437166320134],[57.470177253797814,-16.44576650597675],[57.41878241102241,-16.553228449961665],[57.46083273692956,-16.651345877078327],[57.46083273692956,-16.763480079497384],[57.51689983813908,-16.819547180706905],[57.58698371465099,-16.880286540350554],[57.68510114176765,-16.931681383125948],[57.727151467674794,-17.081193653018005],[57.778546310450196,-17.179311080134667],[57.91404180503988,-17.30546205785609],[57.99814245685417,-17.436285294011654],[58.105604400839084,-17.58579756390371],[58.245772153862895,-17.697931766322753],[58.36725087315019,-17.77736015970291],[58.46069604183273,-17.908183395858472],[58.45835991261566,-18.174502126603713],[58.36257861471607,-18.26794729528625],[58.38126764845258,-18.45483763265132],[58.39995668218908,-18.623038936279897],[58.315856030374796,-18.800584756776715],[58.25511667073115,-18.95944154353704],[58.29249473820416,-19.207071240545773],[58.25978892916527,-19.32854995983307],[58.2644611875994,-19.478062229725126],[58.25978892916527,-19.669624825524338],[58.199049569521634,-19.78409515716045],[58.065890204149,-19.81212870776521],[57.85496179142741,-19.821158546365538],[57.80891599027203,-19.851842904455296],[57.64538694507758,-19.83081774150172],[57.50755532127083,-19.73970870203624],[57.484194029100195,-19.60654933666362],[57.43980757397599,-19.471053842073943],[57.38841273120059,-19.31453318453069],[57.381404343549406,-19.2117434989799],[57.46550499536369,-19.101945425777913],[57.53792500109265,-18.968786060405293],[57.596328231519244,-18.87066863328863],[57.57296693934861,-18.77722346460608],[57.49353854596845,-18.67910603748942],[57.37205982668115,-18.63238345314815],[57.21086691070377,-18.69545894200887],[57.10106883750179,-18.807593144427912],[56.998279151950996,-18.940752509800532],[56.9725817305633,-19.04354219535132],[56.86745591579544,-19.104281554994984],[56.80204429771766,-19.19772672367752],[56.57543976366249,-19.26781060018942],[56.40957458925099,-19.18370994837514],[56.40723846003392,-19.0575589706537],[56.36518813412678,-18.889357667025138],[56.26940683622718,-18.721156363396574],[56.11187661549595,-18.714864765608866],[55.93066809975298,-18.732837009481898],[55.8909539030629,-18.623038936279897],[55.8909539030629,-18.552955059767996],[55.82087002655099,-18.468854407953714],[55.713408082566076,-18.44549311578308],[55.57791258797639,-18.510904733860855],[55.47045064399147,-18.609022160977517],[55.34429966627005,-18.683778295923545],[55.22749320541687,-18.632383453148165],[55.08732545239306,-18.54828280133387],[55.04060286805179,-18.482871183256094],[54.91445189033037,-18.4314763404807],[54.7649396204383,-18.422131823612446],[54.610755092112115,-18.464182149519587],[54.45189830535179,-18.53893828446563],[54.33509184449862,-18.559963447419193],[54.14586537791647,-18.471190537170784],[54.01810951536342,-18.3762458610545],[53.881882776388295,-18.33335891336405],[53.66228662998433,-18.188518901906107],[53.447362742014484,-18.08105695792119],[53.23711111247878,-17.985275660021586],[53.1203046516256,-17.856788553083092],[53.02218722450893,-17.73063757536167],[52.91472528052402,-17.62784788981088],[52.933414314260524,-17.553091754864838],[52.87267495461687,-17.490016266004133],[52.926405926609334,-17.380218192802147],[52.91939753895815,-17.223697535258893],[52.79791881967084,-17.057832360847385],[52.69512913412005,-16.999429130420793],[52.56196976874743,-16.983076225901357],[52.47553298771608,-17.099882686754526],[52.38442394825061,-17.296117540987865],[52.237247807575606,-17.291445282553738],[52.12511360515656,-17.352184642197386],[51.98494585213275,-17.41759626027516],[51.86346713284546,-17.536738850345387],[51.816744548504175,-17.70260402475691],[51.77235809337997,-17.84043564856364],[51.70928260451926,-18.029662115145783],[51.63452646957323,-18.160485351301347],[51.566778722278386,-18.216552452510868],[51.46165290751053,-18.151140834433093],[51.363535480393864,-18.04835114888229],[51.3611993511768,-17.915191783509684],[51.44062774455696,-17.555427884081908],[51.527064525588315,-17.361529159065626],[51.58313162679783,-17.19332785543706],[51.669568407829175,-16.969059450598976],[51.80272777320181,-16.69573233220254],[51.95691230152799,-16.452774893627947],[52.12978586359069,-16.24953165174341],[52.23724780757561,-16.160758741495002],[52.41479362807244,-16.053296797510086],[52.54561686422799,-15.922473561354522],[52.568978156398636,-15.829028392671987],[52.58299493170101,-15.684188381214057],[52.62971751604228,-15.548692886624366],[52.713818167856566,-15.44123094263945],[52.91939753895814,-15.17491221189421],[52.947431089562905,-14.880559930544209],[52.952103347997024,-14.717030885349772],[52.91005302208989,-14.595552166062475],[52.80259107810497,-14.450712154604531],[52.67176784194942,-14.371283761224376],[52.582994931700995,-14.319888918448981],[52.494222021452586,-14.15635987325453],[52.39143233590179,-13.780243069307318],[52.22790329070735,-13.642411445500564],[52.16249167262958,-13.548966276818028],[52.11576908828831,-13.483554658740253],[52.026996178039894,-13.357403681018823],[51.99662649821806,-13.168177214436696],[52.043349082559345,-13.013992686110505],[52.12511360515656,-12.918211388210892],[52.16482780184664,-12.808413315008913],[52.1484748973272,-12.66590943276804],[52.06437424551291,-12.572464264085504],[51.91486197562085,-12.54209458426368],[51.72797163825577,-12.479019095402968],[51.60649291896847,-12.469674578534708],[51.54108130089068,-12.530413938178356],[51.44530000299109,-12.593489427039067],[51.416565613621195,-12.683196788974314],[51.35419096352561,-12.70328750024106],[51.34484644665736,-12.880833320737878],[51.25140127797482,-13.002312040025181],[51.092544491214504,-13.002312040025181],[50.94770447975657,-12.932228163513273],[50.83790640655457,-12.887841708389068],[50.667368973708946,-12.894850096040265],[50.57859606346054,-13.002312040025181],[50.443100568870854,-13.044362365932322],[50.25153797307165,-13.08641269183947],[50.11604247848197,-13.170513343653745],[49.971202467024035,-13.254613995468034],[49.86841278147324,-13.219572057212083],[49.82402632634902,-13.128463017746611],[49.83103471400022,-12.913539129776765],[49.95251343328752,-12.852799770133117],[49.961857950155775,-12.726648792411687],[50.16276506282324,-12.754682343016448],[50.17678183812562,-12.698615241806927],[50.284243782110536,-12.689270724938673],[50.37535282157601,-12.630867494512088],[50.42908379356847,-12.507052646007722],[50.41973927670022,-12.32483456707677],[50.37301669235895,-12.151961005014073],[50.29358829897878,-11.988431959819621],[50.204815388730374,-11.880970015834713],[50.19547087186212,-11.715104841423212],[50.214159905598635,-11.53522289170931],[50.22584055168395,-11.432433206158521],[50.12772312456728,-11.315626745305345],[50.00858053449705,-11.110047374203752],[49.873085039907366,-11.067997048296611],[49.68152244410816,-11.063324789862484],[49.55303533716967,-11.126400278723196],[49.38950629197523,-11.049308014560104],[49.25634692660261,-10.890451227799787],[49.25634692660261,-10.829711868156139],[49.22364111756372,-10.689544115132321],[49.06011207236928,-10.666182822961694],[49.01806174646214,-10.568065395845025],[49.022734004896265,-10.48863700246487],[49.08814562297403,-10.46060345186011],[49.162901757920075,-10.418553125952961],[49.18159079165658,-10.371830541611693],[49.13019594888118,-10.241007305456137],[49.013389488028004,-10.180267945812489],[48.83117140909705,-10.166251170510108],[48.695675914507376,-10.100839552432326],[48.55083590304944,-10.040100192788685],[48.541491386181185,-9.955999540974389],[48.61391139191015,-9.892924052113678],[48.62559203799547,-9.84152920933829],[48.49944106027404,-9.717714360833916],[48.35460104881611,-9.661647259624395],[48.20041652048992,-9.59623564154662],[48.12098812710976,-9.48410143912757],[48.074265542768494,-9.227127225250591],[47.976148115651824,-9.122001410482724],[47.807946812023246,-9.054253663187893],[47.57199776109984,-9.06593430927321],[47.44117452494428,-9.026220112583125],[47.33838483939349,-8.951463977637097],[47.35006548547881,-8.853346550520428],[47.41314097433952,-8.797279449310906],[47.579006148751034,-8.80662396617916],[47.73319067707722,-8.827649129132737],[47.75655196924786,-8.7785904155744],[47.73786293551135,-8.717851055930751],[47.61171195778992,-8.608052982728772],[47.49724162615381,-8.54264136465099],[47.32670419330818,-8.453868454402574],[47.234311490520966,-8.419551164795898],[47.039360299609335,-8.432843291448975],[46.89919254658553,-8.507599426395004],[46.7216467260887,-8.685145246891828],[46.68193252939863,-8.895396876427533],[46.56045381011132,-9.002858820412456],[46.3058157254514,-9.15937947795571],[46.17032023086172,-9.15937947795571],[46.05584989922561,-9.037900758668414],[45.861951174209345,-9.00753107884659],[45.630674381720056,-9.002858820412449],[45.5442376006887,-9.100976247529125],[45.357347263323625,-9.238807871335865],[45.17279305517561,-9.311227877064837],[45.048978206671244,-9.414017562615626],[44.83171818948435,-9.54717692798826],[44.51166848674665,-9.572874349375944],[44.11919877827999,-9.549513057205317],[44.01640909272919,-9.512134989732296],[43.810829721627606,-9.456067888522774],[43.74541810354983,-9.390656270445],[43.59123357522364,-9.37663949514262],[43.49311614810698,-9.4093453041815],[43.37163742881967,-9.549513057205317],[43.24081419266412,-9.792470495779916],[43.24081419266412,-9.932638248803727],[43.22212515892761,-10.030755675920389],[43.22679741736173,-10.110184069300551],[43.32725097369546,-10.222318271719594],[43.378645816470865,-10.357813766309278],[43.35294839508317,-10.451258934991813],[43.26417548483476,-10.528351199154905],[43.09597418120619,-10.507326036201341],[42.993184495655385,-10.47929248559658],[42.918428360709356,-10.49798151933308],[42.87170577636809,-10.544704103674356],[42.7876051245538,-10.57740991271325],[42.72686576491015,-10.563393137410856],[42.60071478718873,-10.558720878976736],[42.43251348356015,-10.675527339829905],[42.367101865482375,-10.717577665737053],[42.29935411818754,-10.761964120861258],[42.17553926968317,-10.797006059117216],[42.02369087057405,-10.801678317551342],[41.941926347976825,-10.740938957907687],[41.780733431999444,-10.642821530791025],[41.614868257587936,-10.49798151933308],[41.50273405516889,-10.47929248559658],[41.30182694250143,-10.47929248559658],[41.203709515384766,-10.404536350650545],[41.11493660513634,-10.339124732572763],[40.99112175663198,-10.346133120223968],[40.91402949246889,-10.257360209975552],[40.820584323786356,-10.07280600182753],[40.7598449641427,-10.012066642183882],[40.657055278591905,-9.988705350013241],[40.60098817738238,-9.946655024106107],[40.56361010990937,-9.81583178795055],[40.4654926827927,-9.743411782221578],[40.27159395777644,-9.724722748485078],[40.245896536388734,-9.544840798771183],[40.13843459240382,-9.456067888522767],[39.98425006407762,-9.376639495142612],[39.75764553002247,-9.285530455677133],[39.61981390621572,-9.245816258987055],[39.52716914901911,-9.242706526324376],[39.4422680857189,-9.208438191514034],[39.38620098450937,-9.124337539699752],[39.23668871461731,-9.035564629451336],[39.10119322002763,-8.974825269807688],[38.970369983872075,-8.988842045110069],[38.858235781453025,-9.019211724931893],[38.697042865475645,-9.037900758668414],[38.7507738374681,-8.939783331551737],[38.8535635230189,-8.862691067388646],[38.94469063950258,-8.805915057833083],[38.99606740525977,-8.708506539062455],[38.94000030405025,-8.64309492098468],[38.914302882662554,-8.554322010736271],[38.76946287120462,-8.50292716796087],[38.57322801697128,-8.523952330914433],[38.42739065803996,-8.503313527792926],[38.299900898574855,-8.540305235433884],[38.11067443199271,-8.540305235433884],[37.89341441480581,-8.535632976999757],[37.70418794822367,-8.596372336643412],[37.57336471206811,-8.713178797496589],[37.45188599278081,-8.708506539062455],[37.26870083791468,-8.698509537225846],[37.218273071074464,-8.720187185147779],[37.06175241353122,-8.715514926713652],[36.92392078972447,-8.67112847158944],[36.78375303670065,-8.699162022194209],[36.61087947463796,-8.839329775218012],[36.40062784510224,-8.907077522512857],[36.213737507737164,-8.937447202334681],[35.97261108935979,-8.928797210368806],[35.84930134987526,-8.881380101125153],[35.65306649564194,-8.904741393295794],[35.51289874261812,-9.030892371017217],[35.43580647845503,-9.033228500234273],[35.36805873116019,-8.970153011373569],[35.24658001187289,-8.91408591016404],[35.16194864882068,-8.893454823216096],[35.113420646500266,-8.792607190876744],[35.1180929049344,-8.61506137037992],[35.04567289920543,-8.372103931805313],[34.924194179918125,-8.241280695649756],[34.688245128994716,-8.115129717928333],[34.49201027476138,-8.038037453765227],[34.330817358784,-8.02168454924579],[34.17905509932865,-8.044187716005055],[34.04113733586813,-8.11980197636246],[33.82621344789829,-8.23193617878151],[33.73510440843282,-8.192221982091425],[33.66034827348678,-8.105785201060073],[33.64399536896734,-7.988978740206903],[33.473457936121704,-7.942256155865643],[33.37066825057091,-7.837130341097783],[33.2561979189348,-7.755365818500557],[33.111357907476865,-7.75536581850055],[32.97586241288718,-7.790407756756515],[32.866064339685195,-7.762374206151748],[32.69552690683956,-7.643231616081515],[32.57872044598639,-7.559130964267226],[32.503964311040356,-7.5638032227013525],[32.45724172669909,-7.545114188964845],[32.363796558016546,-7.386257402204528],[32.239981709512186,-7.264778682917225],[32.23764558029512,-7.143299963629929],[32.174570091434404,-7.084896733203344],[32.036738467627664,-7.019485115125576],[31.943293298945125,-6.900342525055322],[31.88021781008441,-6.8909980081870685],[31.68398295585108,-6.909687041923576],[31.57174968705334,-6.849344940941599],[31.49942874770306,-6.734477350643822],[31.394302932935204,-6.699435412387864],[31.24479066304314,-6.533570237976356],[31.08915575066508,-6.521283414017766],[30.98352020810093,-6.482923710063588],[30.735514493723304,-6.470494749115645],[30.625716420521318,-6.526561850325173],[30.51030956982746,-6.530502259429362],[30.378086723512588,-6.507872816588659],[30.340708656039574,-6.423772164774377],[30.336036397605444,-6.227537310541038],[30.25193574579116,-6.173806338548573],[30.223902195186398,-6.092041815951362],[30.228574453620528,-5.9472018044934245],[30.15849057710862,-5.849084377376769],[30.05213876423295,-5.719029934415325],[29.86413829575862,-5.680883073748191],[29.73331505960307,-5.6341604894069235],[29.495029879462592,-5.683219202965255],[29.304589898287194,-5.7096438241092144],[29.249736311670926,-5.755639208694227],[29.21703050263204,-5.858428894245016],[29.1235853339495,-5.942529546059298],[28.939031125801485,-5.998596647268826],[28.84954941234019,-6.079800394402149],[28.77316595138998,-6.106058591253742],[28.700745945661012,-6.059336006912474],[28.700745945661012,-5.9892521304005655],[28.74980465921934,-5.956546321361685],[28.824686302540222,-5.885162178086411],[28.836241440250692,-5.807034051469621],[28.85025821555307,-5.7135888827870644],[28.962392417972115,-5.701908236701755],[29.004442743879263,-5.624815972538663],[29.184324693593148,-5.463623056561282],[29.308139542097514,-5.3164469158862815],[29.401584710780053,-5.152917870691837],[29.34551760957053,-5.022094634536288],[29.32682857583402,-4.839876555605336],[29.289450508361007,-4.681019768845012],[29.14461049690307,-4.62495266763549],[29.081535008042355,-4.538515886604138],[29.07919887882529,-4.330600386285489],[29.041820811352277,-4.2278107007347],[28.934358867367354,-4.129693273618031],[28.927350479716164,-4.026903588067242],[29.023131777615767,-3.938130677818826],[29.205349856546718,-3.7792738910585086],[29.202273321264407,-3.5672914883047113],[29.22170276106616,-3.5152912895303317],[29.30580341288045,-3.468568705189064],[29.34612500316697,-3.3571820641194705],[29.424946002950687,-3.2863506262581197],[29.51605504241616,-3.2513086880021547],[29.597819565013385,-3.143846744017239],[29.68192021682767,-3.1298299687148585],[29.817415711417354,-3.185897069924387],[29.94356668913878,-3.2606532048704153],[30.07906218372846,-3.312048047645817],[30.13980154337211,-3.4475435422354934],[30.29164994248124,-3.510619031096212],[30.416032822404865,-3.5396686379015208],[30.53227125183878,-3.4475435422355005],[30.691128038599096,-3.3634428904212115],[30.84064030849116,-3.3400815982505847],[30.892035151266555,-3.3027035307775634],[30.95277451091021,-3.185897069924387],[31.11630355610465,-3.1578635193196263],[31.242454533826077,-3.083107384373598],[31.354588736245123,-3.0924519012418514],[31.51811778143957,-3.05507383376883],[31.662957792897505,-3.0083512494275624],[31.737713927843533,-2.9195783391791537],[31.793781029053058,-2.891544788574393],[31.917595877557428,-2.9125699515279564],[32.03235822534568,-2.9426476151976786],[32.25662663018377,-3.082815368221482],[32.25662663018377,-3.2369998965476725],[32.29400469765679,-3.414545717044497],[32.35007179886631,-3.498646368858779],[32.415483416944085,-3.5547134700683003],[32.555651169967895,-3.5734025038048074],[32.77524731637186,-3.461268301385765],[32.85934796818614,-3.4706128182540255],[32.966809912171065,-3.433234750781004],[33.00886023807821,-3.3771676495714757],[33.00886023807821,-3.3211005483619545],[33.03689378868297,-3.2650334471524403],[33.10230540676075,-3.227655379679419],[33.195750575443284,-3.1902773122063977],[33.23546477213336,-3.1108489188262496],[33.30321251942821,-3.0407650423143338],[33.398993817327806,-2.921622452244101],[33.487766727576215,-2.842194058863946],[33.553178345654,-2.730059856444896],[33.571867379390504,-2.5828837157698956],[33.68166545259249,-2.4660772549167262],[33.75174932910439,-2.34459853562943],[33.80314417187979,-2.2885314344199017],[33.87089191917463,-2.1810694904349788],[33.88257256525995,-2.087624321752429],[33.80781643031391,-2.008195928372274],[33.761093845972646,-1.9381120518603723],[33.69568222789487,-1.8820449506508439],[33.68633771102662,-1.839994624743703],[33.72838803693376,-1.8026165572706887],[33.70969900319725,-1.7418771976270406],[33.63494286825122,-1.6811378379833855],[33.630270609817096,-1.5970371861691035],[33.52280866583218,-1.5666675063472795],[33.46440543540559,-1.522281051223075],[33.36862413750599,-1.503592017486561],[33.27050671038932,-1.4521971747111664],[33.27985122725757,-1.3494074891603773],[33.35927962063773,-1.2699790957802222],[33.41534672184726,-1.2022313484853768],[33.36862413750599,-1.101777792151644],[33.48075833992503,-0.9919797189496649],[33.61158157608058,-0.9102151963524392],[33.70969900319725,-0.7560306680262556],[33.78679126736035,-0.678938403863171],[33.84052223935281,-0.5878293643976846],[33.78445513814328,-0.5270900047540366],[33.700354486329,-0.4476616113738814],[33.705026744763124,-0.391594510164353],[33.728388036933765,-0.277124178528247],[33.73773255380201,-0.13462029628736616],[33.62092609294884,-0.12527577941911971],[33.5274809242663,-0.17199836376038746],[33.31255703629646,-0.32384676286950054],[33.251817676652806,-0.4476616113738672],[33.251817676652806,-0.5457790384905365],[33.195750575443284,-0.639224207173072],[33.22144799683098,-0.7607029264603824],[33.15136412031908,-0.807425510801643],[33.113986052846066,-0.8985345502671223],[33.10062692357018,-1.0338370233544794],[33.057918951636545,-1.066735853895679],[32.92709571548099,-1.167189410229419],[32.695818922991705,-1.2886681295167222],[32.54630665309964,-1.414819107238145],[32.466878259719486,-1.4241636241064057],[32.32203824826155,-1.456869433145286],[32.18187049523774,-1.4615416915794128],[32.0884253265552,-1.438180399408786],[31.976291124136157,-1.3260461969897364],[31.873501438585365,-1.269979095780208],[31.705300134956794,-1.2606345789119615],[31.602510449406,-1.1157945674540244],[31.513737539157592,-0.9475932638254605],[31.345536235529014,-0.8307868029722698],[31.28946913431949,-0.807425510801643],[31.086225892434967,-0.879845516530608],[30.96941943158179,-0.7793919601968824],[30.747487155960766,-0.7607029264603753],[30.471823908347275,-0.6859467915143469],[30.42510132400601,-0.7209887297702906],[30.357353576711233,-0.7209887297703261],[30.210177436036165,-0.6532409824754524],[30.074681941446485,-0.6602493701266425],[30.02404506176383,-0.6278244934151829],[30.027666887338587,-0.5634209406261235],[29.971892255895693,-0.5364345216222759],[29.906480637817918,-0.39626676859847265],[29.967219997461566,-0.36356095955958523],[29.99525354806633,-0.410283543900853],[30.065337424578235,-0.4476616113738672],[30.261572278811563,-0.4616783866762475],[30.312967121586958,-0.3822499932960923],[30.303622604718708,-0.28880482461355683],[30.147101947175454,-0.19068739749688746],[30.05132064927585,-0.03650286917070389],[29.87377482877903,0.1550597266285081],[29.799018693832995,0.304571996520572],[29.766312884794107,0.3793281314666004],[29.817707727569505,0.38867264833486104],[29.850413536608393,0.31391651338881843],[29.943858705290932,0.1550597266285081],[30.013942581802837,0.07563133324834581],[30.140093559524264,0.005547456736451295],[30.23821098664093,-0.00379706013180936],[30.325141948852824,0.031110101438564186],[30.38772325653299,0.11300940072136711],[30.383050998098867,0.21579908627215616],[30.44846261617664,0.29055522121819166],[30.439118099308388,0.3980171652031075],[30.383050998098867,0.45875652484675555],[30.42042906557188,0.533512659792784],[30.504529717386163,0.5895797610023124],[30.58863036920045,0.5428571766610446],[30.700764571619494,0.5428571766610446],[30.81056264482148,0.6783526712507211],[30.95306652706235,0.8558984917475456],[31.023150403574256,0.9072933345229472],[31.144629122861552,1.038116570678504],[31.27311622980005,1.1292256101439762],[31.457670437948064,1.2109901327411947],[31.59316593253774,1.3254604643773007],[31.681938842786153,1.4492753128816744],[31.719316910259174,1.5941153243396116],[31.808089820507586,1.6922327514562738],[31.8454678879806,1.7856779201388164],[31.822106595809966,1.8837953472554787],[31.81509820815877,1.9842489035892044],[31.829114983461157,2.0823663307058737],[31.859627368008912,2.1868314754462332],[31.824442725027026,2.3019624771098393],[31.770711753034565,2.4117605503118256],[31.738005943995677,2.5612728202038824],[31.714644651825044,2.654717988886425],[31.635216258444885,2.678079281057059],[31.438981404211553,2.7715244497396014],[31.35020849396314,2.7715244497396014],[31.17266267346632,2.8089025172126085],[31.03249492044251,2.8743141352903834],[30.97175556079886,2.8509528431197566],[30.81757103247267,2.8509528431197566],[30.649369728844103,2.902347685895144],[30.54190778485918,2.9771038208411866],[30.462479391479025,3.0471876973530883],[30.36436196436236,3.056532214221342],[30.26157227881157,3.0985825401284828],[30.17747162699728,3.2107167425475254],[30.102715492051253,3.388262563044357],[29.957875480593316,3.51441354076578],[29.9007855952847,3.5843485862429603],[29.883119345647287,3.6802787151772876],[29.948530963725062,3.808765822115774],[29.943858705290936,3.976967125744352],[29.98123677276395,4.084429069729268],[30.018614840236964,4.149840687807043],[30.07468194144649,4.19656327214831],[30.07468194144649,4.149840687807043],[30.046648390841728,4.079756811295134],[30.051320649275855,3.990983901046725],[30.093370975183,3.9395890582713307],[30.107387750485376,3.869505181759429],[30.06066516614411,3.780732271511013],[30.065337424578235,3.6685980690919635],[30.14476581795839,3.5844974172776887],[30.289605829416328,3.495724507029273],[30.401740031835374,3.495724507029273],[30.611991661371086,3.4817077317268925],[30.742814897526642,3.425640630517371],[30.892327167418703,3.3742457877419767],[30.969419431581798,3.4793716025098362],[31.111923313822672,3.6031864510141887],[31.182007190334577,3.7386819456038722],[31.203032353288144,3.8414716311546684],[31.17967106111751,3.9746309965272957],[31.20536848250521,4.191891013714184],[31.182007190334577,4.369436834211008],[31.182007190334577,4.495587811932438],[31.139956864427432,4.626411048087995],[31.027822662008386,4.6778058908633895],[30.784865223433787,4.668461373995129],[30.64002521197585,4.7198562167705305],[30.537235526425057,4.69182266616577],[30.373706481230617,4.701167183034023],[30.22419421133855,4.696494924599904],[30.046648390841728,4.635755564956241],[29.953203222159193,4.645100081824502],[29.827052244437766,4.69182266616577],[29.710245783584586,4.673133632429263],[29.58876706429729,4.631083306522122],[29.565405772126653,4.687150407731643],[29.499994154048878,4.738545250507038],[29.54204447995601,4.789940093282439],[29.532699963087758,4.874040745096728],[29.502330283265934,5.016544627337595],[29.504666412482997,5.149703992710208],[29.4789689910953,5.278191099648701],[29.40654898536633,5.430039498757829],[29.31777607511792,5.509467892137991],[29.28974252451316,5.644963386727667],[29.25937284469133,5.7594337183637805],[29.266381232342525,5.845870499395126],[29.266381232342525,5.920626634341161],[29.15424702992348,5.986038252418936],[29.06080186124094,6.1028447132721055],[28.951003788038957,6.28039053376893],[28.869239265441735,6.411213769924487],[28.745424416937368,6.483633775653452],[28.61693730999888,6.570070556684804],[28.56554246722348,6.658843466933213],[28.556197950355227,6.808355736825277],[28.595912147045308,6.908809293159003],[28.644970860603646,7.02795188322925],[28.705710220247287,7.179800282338363],[28.69402957416197,7.317631906145117],[28.66833215277428,7.439110625432413],[28.729071512417928,7.574606120022096],[28.817844422666337,7.686740322441146],[28.925306366651256,7.7381351652165336],[28.972028950992527,7.836252592333203],[28.939323141953636,7.929697761015738],[28.960348304907207,8.060520997171295],[29.02809605220205,8.158638424287965],[29.102852187148084,8.26610036827288],[29.091171541062764,8.340856503218916],[29.109860574799274,8.450654576420902],[29.210314131133,8.555780391188755],[29.30142317059848,8.726317824034396],[29.40654898536633,8.868821706275256],[29.502330283265938,8.990300425562566],[29.602783839599667,9.060384302074468],[29.728934817321093,9.13046817858637],[29.79668256461593,9.233257864137165],[29.890127733298474,9.315022386734384],[29.99291741884926,9.43182884758756],[30.027959357105214,9.555643696091927],[30.09337097518299,9.630399831037955],[30.088698716748866,9.70982822441811],[30.004598064934576,9.892046303349062],[29.992917418849256,10.034550185589936],[30.037303873973464,10.20508761843557],[30.1120600089195,10.312549562420493],[30.291941958633384,10.34291924224231],[30.41575680713775,10.508784416653818],[30.457807133044895,10.61624636063874],[30.434445840874254,10.74239733836017],[30.4764961667814,10.943304451027622],[30.541907784859177,11.055438653446672],[30.64469747040997,11.22831221550937],[30.756831672829016,11.387169002269687],[30.808226515604417,11.555370305898258],[30.817571032472667,11.667504508317307],[30.775520706565526,11.756277418565716],[30.712445217704808,11.938495497496667],[30.662731965682834,12.081803225362222],[30.647033599627036,12.144074868598253],[30.73347038065838,12.153419385466506],[30.794209740302037,12.298259396924443],[30.843268453860368,12.454780054467697],[30.868965875248065,12.662695554786346],[30.925032976457587,12.784174274073642],[31.018478145140126,12.882291701190312],[31.009133628271876,13.003770420477615],[30.978763948450048,13.136929785850228],[30.920360718023463,13.242055600618087],[30.84560458307743,13.340173027734757],[30.83158780777505,13.461651747022053],[30.89933555506989,13.534071752751018],[30.98110007766711,13.699936927162526],[30.957738785496478,13.802726612713315],[30.87831039211632,13.87748274765935],[30.82691554934092,13.886827264527604],[30.747487155960762,13.889163393744667],[30.719453605356,13.963919528690695],[30.719453605356,14.045684051287921],[30.672731021014734,14.069045343458555],[30.607319402936955,14.146137607621647],[30.560464665300575,14.25922246116366],[30.55125230172743,14.326019557335542],[30.58395811076632,14.382086658545063],[30.58395811076632,14.559632479041888],[30.506865846603223,14.704472490499825],[30.51854649268854,14.7698841085776],[30.635352953541716,14.765211850143473],[30.682075537882987,14.669430552243874],[30.766176189697273,14.578321512778395],[30.87831039211632,14.531598928437127],[30.976427819232985,14.575985383561331],[30.990444594535365,14.685783456763318],[30.976427819232985,14.774556367011726],[30.929705234891713,14.896035086299023],[30.892327167418703,15.045547356191094],[30.925032976457587,15.162353817044263],[30.920341074736772,15.283661065710916],[30.880646521333382,15.330555120672834],[30.854949099945685,15.391294480316482],[30.854949099945685,15.489411907433151],[30.822243290906794,15.561831913162116],[30.766176189697273,15.624907402022828],[30.766176189697266,15.779091930349018],[30.714781346921875,15.93327645867521],[30.686747796317114,16.017377110489498],[30.719453605356,16.18557841411807],[30.747487155960762,16.307057133405365],[30.79420974030203,16.325746167141872],[30.808226515604417,16.250990032195844],[30.79420974030203,16.138855829776794],[30.803554257170287,16.04541066109426],[30.86429361681394,16.00336033518711],[30.939049751759967,15.951965492411716],[30.990444594535365,15.895898391202195],[31.102578796954408,15.905242908070441],[31.21471299937346,15.93327645867521],[31.28946913431949,15.979999043016477],[31.266107842148855,16.110822279172034],[31.200696224071077,16.19025067255219],[31.238074291544095,16.208939706288703],[31.322174943358377,16.176233897249816],[31.35020849396314,16.21361196472283],[31.38291430300203,16.311729391839492],[31.36422526926552,16.381813268351394],[31.317502684924253,16.465913920165683],[31.251750208135142,16.464998381980507],[31.24508267919528,16.507964246072824],[31.331519460226634,16.503291987638697],[31.354880752397268,16.573375864150606],[31.41094785360679,16.61075393162362],[31.434309145777426,16.339762942444253],[31.43898140421155,16.208939706288703],[31.43898140421155,16.134183571342668],[31.546443348196473,16.12951131290854],[31.60718270784012,16.176233897249816],[31.714644651825044,16.25566229062997],[31.82677885424409,16.307057133405365],[31.901534989190118,16.409846818956154],[31.980963382570277,16.521981021375204],[32.01366919160917,16.606081673189493],[32.09309758498932,16.59673715632124],[32.06973629281869,16.559359088848225],[32.07908080968694,16.34443520087838],[32.130475652462344,16.279023582800605],[32.21924856271075,16.24164551532759],[32.23092920879608,16.07344421169902],[32.18187049523774,15.923931941806956],[32.17719823680361,15.811797739387906],[32.23793759644726,15.760402896612511],[32.41548341694408,15.71835257070537],[32.4972479395413,15.664621598712912],[32.555651169967895,15.540806750208553],[32.67479376003813,15.536134491774426],[32.784591833240114,15.503428682735539],[33.139683474233756,15.550151267076807],[33.237800901350425,15.657613211061722],[33.53215318270042,15.694991278534737],[33.7704383628409,15.69966353696887],[33.83117772248455,15.666957727929976],[33.95265644177185,15.666957727929976],[34.158235812873436,15.690319020100617],[34.312420341199626,15.671629986364103],[34.2376642062536,15.568840300813314],[34.22831968938534,15.428672547789503],[34.11151322853216,15.372605446579982],[34.11151322853216,15.143664783307763],[33.962000958640104,14.93808541220617],[34.018068059849625,14.849312501957762],[34.0133958014155,14.765211850143473],[34.16290807130756,14.7698841085776],[34.34045389180439,14.732506041104585],[34.39184873457978,14.573649254344268],[34.5507055213401,14.475531827227599],[34.6721842406274,14.442826018188711],[34.73759585870518,14.38675891697919],[34.686201015929775,14.269952456126013],[34.686201015929775,14.176507287443478],[34.686201015929775,14.073717601892682],[34.681528757495656,14.064373085024428],[34.653495206890895,13.96158339947364],[34.709562308100416,13.854121455488716],[34.81235199365121,13.802726612713322],[34.84505780269009,13.685920151860145],[34.81235199365121,13.573785949441103],[34.85907457799248,13.456979488587926],[34.83104102738771,13.340173027734757],[34.82169651051946,13.23738334218396],[34.87309135329486,13.176643982540305],[34.9408391005897,13.134593656633172],[34.94951156083732,13.079977085158767],[34.92682232528731,13.03764429412503],[34.96186426354326,12.957047836136333],[34.971208780411516,12.835569116849037],[34.91981393763612,12.681384588522846],[34.90579716233374,12.489821992723641],[34.943175229806755,12.32162068909507],[34.96186426354327,12.190797452939513],[34.89645264546549,12.069318733652217],[34.82169651051946,11.919806463760153],[34.803007476782945,11.82636129507761],[34.86374683642659,11.737588384829202],[34.94784748824088,11.658159991449047],[35.083342982830565,11.616109665541906],[35.12072105030358,11.536681272161744],[35.19547718524961,11.447908361913335],[35.37302300574643,11.466597395649842],[35.44777914069247,11.52733675529349],[35.54589656780913,11.574059339634758],[35.611308185886905,11.662832249883174],[35.70475335456945,11.667504508317293],[35.70475335456945,11.732916126395075],[35.821559815422624,11.859067104116498],[35.938366276275794,11.873083879418886],[35.938366276275794,11.910461946891907],[36.031811444958336,12.022596149310957],[36.190668231718654,11.975873564969689],[36.26542436666468,12.013251632442703],[36.335508243176584,12.036612924613337],[36.489692771502774,12.00390711557445],[36.58313794018531,12.106696801125238],[36.70928891790674,12.256209071017302],[36.75133924381388,12.344981981265711],[36.8401121540623,12.45711618368476],[36.96626313178372,12.545889093933177],[37.03634700829563,12.58326716140619],[37.22790960409483,12.55990586923555],[37.40545542459166,12.615972970445078],[37.50824511014245,12.615972970445078],[37.536278660747215,12.65802329635222],[37.40078316615753,12.662695554786346],[37.24659863783134,12.644006521049839],[37.1017586263734,12.629989745747459],[36.97560764865198,12.615972970445078],[36.90085151370595,12.56925038610381],[36.770028277550395,12.45711618368476],[36.68125536730198,12.424410374645873],[36.55510438958055,12.433754891514127],[36.461659220898014,12.447771666816507],[36.44764244559563,12.485149734289521],[36.475675996200394,12.527200060196662],[36.57379342331706,12.58326716140619],[36.68125536730198,12.653351037918092],[36.7373224685115,12.756140723468889],[36.72797795164325,12.868274925887931],[36.826095378759916,12.914997510229206],[36.956918614915466,13.003770420477615],[37.01765797455912,13.143938173501425],[37.012985716124994,13.284105926525228],[37.012985716124994,13.372878836773644],[36.938229581178966,13.34951754460301],[36.85412892936468,13.513046589797447],[36.78404505285277,13.676575634991892],[36.71863343477499,13.667231118123638],[36.671910850433726,13.751331769937927],[36.643877299828965,13.854121455488723],[36.57379342331706,13.924205332000625],[36.541087614278176,14.012978242249034],[36.87749022153531,14.03166727598554],[37.03634700829563,13.998961466946653],[37.083069592636896,13.956911141039512],[37.181187019753565,13.945230494954195],[37.26061541313372,13.966255657907766],[37.30733799747499,13.872810489225223],[37.34938832338213,13.779365320542688],[37.4475057504988,13.657886601255385],[37.550295436049595,13.541080140402215],[37.68111867220515,13.46632400545618],[37.78390835775594,13.405584645812532],[37.90071481860911,13.302794960261743],[38.12965548188133,13.321483993998243],[38.2464619427345,13.396240128944271],[38.41466324636307,13.503702072929187],[38.56884777468926,13.4709962638903],[38.7136877861472,13.573785949441096],[38.81180521326386,13.657886601255377],[38.96131748315592,13.667231118123631],[39.04074587653608,13.727970477767286],[39.05943491027259,13.798054354279188],[39.09214071931148,13.863465972356963],[39.19025814642815,13.933549848868871],[39.30239234884719,14.012978242249027],[39.386493000661474,14.078389860326809],[39.47993816934402,14.083062118760928],[39.50797171994878,14.139129219970457],[39.666828506709095,14.195196321179978],[39.82101303503528,14.223229871784739],[39.90044142841544,14.241918905521246],[40.08733176578052,14.185851804311724],[40.1714324175948,14.101751152497442],[40.2742221031456,13.998961466946646],[40.43775114834004,13.90551629826411],[40.49849050798371,13.756004028372047],[40.666691811612274,13.541080140402201],[40.6713640700464,13.321483993998243],[40.690053103782915,13.204677533145066],[40.82554859837259,13.069182038555383],[40.951699576094015,12.854258150585544],[41.16662346406386,12.60662845357681],[41.1899847562345,12.4477716668165],[41.278757666482896,12.344981981265711],[41.404908644204326,12.237520037280788],[41.404908644204326,12.083335508954598],[41.44228671167735,11.975873564969682],[41.5217151050575,11.89644517158952],[41.61048801530591,11.78431096917047],[41.774017060500356,11.774966452302223],[41.89082352135353,11.611437407107779],[41.97025191473369,11.564714822766511],[42.04033579124559,11.569387081200631],[42.166486768967026,11.634798699278413],[42.269276454517815,11.723571609526822],[42.40009969067337,11.831033553511745],[42.49354485935591,11.999234857140316],[42.53092292682893,12.16276390233476],[42.50756163465829,12.274898104753802],[42.39542743223924,12.288914880056183],[42.3019822635567,12.312276172226817],[42.283293229820195,12.377687790304599],[42.36739388163448,12.503838768026021],[42.498217117790034,12.57392264453793],[42.554284218999555,12.71409039756174],[42.53092292682893,12.826224599980783],[42.638384870813844,12.891636218058558],[42.54961196056543,13.045820746384749],[42.54961196056543,13.162627207237925],[42.680435196720985,13.05516526325301],[42.7878971407059,12.989753645175227],[42.90003134312495,13.013114937345861],[42.979459736505106,13.125249139764911],[43.01683780397813,13.260744634354587],[42.99347651180749,13.433618196417285],[43.01683780397813,13.545752398836335],[42.909375859993204,13.676575634991892],[42.92806489372972,13.718625960899033],[43.03085457928051,13.653214342821258],[43.17569459073844,13.592474983177603],[43.18036684917257,13.503702072929187],[43.28782879315749,13.410256904246651],[43.27848427628924,13.279433668091102],[43.292501051591614,13.162627207237925],[43.36725718653764,13.11123236446253],[43.45135783835193,13.031803971082368],[43.544803007034474,12.966392353004593],[43.64759269258527,12.900980734926812],[43.71300431066304,12.910325251795072],[43.88120561429161,12.891636218058558],[43.90923916489637,12.835569116849037],[43.815793996213834,12.742123948166501],[43.871861097423356,12.667367813220466],[43.82513851308209,12.555233610801423],[43.829810771516215,12.480477475855388],[43.787760445609074,12.27957036318793],[43.77841592874081,12.125385834861746],[43.717676569097165,12.03661292461333],[43.689643018492404,11.905789688457773],[43.53545849016622,12.041285183047457],[43.50275268112733,12.17678067763714],[43.39996299557654,12.16276390233476],[43.31119008532813,12.116041317993492],[43.1850391076067,11.882428396287139],[43.19438362447495,11.742260643263336],[43.14298878169954,11.550698047464124],[43.180366849172565,11.424547069742694],[43.14766104013367,11.237656732377623],[43.28315653472335,11.106833496222066],[43.437341063049544,10.999371552237143],[43.554147523902714,10.86387605764746],[43.54013074860033,10.616246360638733],[43.51209719799557,10.504112158219684],[43.60087010824398,10.405994731103021],[43.91391142333049,10.219104393737936],[44.297036614928906,9.990163730465717],[44.3998263004797,9.812617909968885],[44.68950632339557,9.695811449115716],[44.923119245101915,9.527610145487145],[45.105337324032874,9.532282403921272],[45.25952185235905,9.686466932247477],[45.35763927947572,9.8126179099689],[45.35296702104159,9.934096629256203],[45.34362250417334,10.130331483489535],[45.46510122346064,10.284516011815725],[45.57256316744556,10.43402828170779],[45.80150383071778,10.47607860761493],[45.913638033136834,10.578868293165726],[46.04913352772651,10.775103147399058],[46.31545225847175,10.765758630530804],[46.43225871932492,10.84518702391096],[46.5490651801781,10.966665743198263],[46.553737438612224,10.966665743198263],[46.65652712416301,11.018060585973664],[46.76866132658206,11.120850271524453],[46.85743423683048,11.148883822129214],[46.964896180815394,11.162900597431594],[47.016291023590796,11.102161237787946],[47.086374900102705,10.961993484764136],[47.12842522600984,10.807808956437945],[47.52556719291063,10.466734090746677],[47.66106268750032,10.410666989537155],[47.91336464294317,10.35927214676176],[48.00680981162571,10.270499236513345],[48.39927952009238,10.041558573241119],[48.70297631831064,10.23312116904033],[49.00200085809476,10.167709550962556],[49.28700862257651,10.16303729252843],[49.39447056656143,10.036886314806999],[49.291680881010635,9.845323719007794],[49.28700862257651,9.742534033457005],[49.46922670150746,9.532282403921286],[49.60939445453127,9.448181752107004],[49.94579706178841,9.448181752107004],[50.24949386000666,9.508921111750652],[50.50179581544951,9.54162692078954],[50.62327453473682,9.65376112320859],[50.74475325402412,9.663105640076843],[51.02508876007174,9.42949271837049],[51.296079749251106,9.214568830400651],[51.641826873376495,9.121123661718116],[51.8847843119511,9.149157212322876],[52.07167464931617,9.205224313532398],[52.10905271678919,9.392114650897476],[52.09970819992094,9.494904336448272],[51.96888496376539,9.5696604713943],[51.84740624447808,9.672450156945096],[51.781994626400305,9.737861775022871],[51.84740624447808,9.82196242683716],[51.996918514370144,9.803273393100653],[52.08101916618443,9.672450156945096],[52.19315336860348,9.597694021999061],[52.32397660475904,9.499576594882399],[52.529555975860625,9.382770134029222],[52.56693404333363,9.139812695454623],[52.725790830093956,8.971611391826052],[52.99678181927332,8.906199773748277],[53.211705707243155,8.971611391826052],[53.30339117675475,9.06531324851985],[53.37523475243761,9.209896571966524],[53.562125089802684,9.303341740649067],[53.84713285428442,9.317358515951447],[54.085418034424904,9.200552055098278],[54.23493030431697,9.041695268337953],[54.21156901214633,8.7893933128951],[54.099434809727285,8.579141683359381],[54.361081282038384,8.22405004236574],[54.60403872061299,8.111915839946683],[55.061920047157436,7.971748086922879],[55.34225555320505,7.88764743510859],[55.53849040743839,7.9063364688451045],[55.73939752010584,7.86895840137209],[56.15055626230901,7.4671441760371735],[56.426219509922504,7.350337715183997],[56.62245436415583,7.154102860950658],[56.81401695995503,7.09336350130701],[56.95418471297885,6.953195748283207],[57.136402791909795,6.911145422376066],[57.16443634251456,6.943851231414946],[56.99156278045186,7.298942872408595],[56.97754600514948,7.481160951339554],[57.07099117383202,7.649362254968118],[57.17845311781694,7.794202266426055],[57.556906050981226,7.6540345134022445],[57.75314090521456,7.649362254968118],[57.89330865823837,7.621328704363357],[58.126921579944714,7.485833209773681],[58.38157614938753,7.265132582923243],[58.630357426221806,7.157023022471982],[58.87798712323054,7.1710397977743625],[59.14897811240991,7.1710397977743625],[59.616203955822606,7.012183011014045],[59.971295596816255,6.759881055571192],[60.24695884442975,6.5356126507331],[60.43852144022895,6.474873291089452],[60.72820146314483,6.470201032655325],[61.172066014386886,6.5636462013378605],[61.172066014386886,6.4374952236164305],[60.93378083424641,6.292655212158493],[60.59270596855514,6.245932627817226],[60.09277431610355,5.895513245257703],[60.06006850706466,5.694606132590252],[60.2049085185226,5.390909334371997],[60.52262209204323,5.24606932291406],[60.93845309268054,5.274102873518821],[61.134687946913864,5.4516486940156454],[61.46641829573688,5.484354503054526],[61.75609831865275,5.353531266898983],[61.966349948188466,5.4516486940156454],[62.190618353026565,5.717967424760879],[62.25135771267021,5.988958413940246],[62.55038225245434,6.502906841694212],[62.727928072951165,6.507579100128332],[62.91481841031624,6.619713302547382],[63.195153916363864,6.66176362845453],[63.456800388674964,6.657091370020396],[63.7044300856837,6.544957167601353],[64.05484946824322,6.381428122406902],[64.37723530019798,6.409461673011663],[64.63420951407497,6.512251358562459],[64.83978888517655,6.362739088670395],[65.1247966496583,6.362739088670395],[65.45652699848131,6.344050054933895],[65.79760186417258,6.26462166155374],[66.04990381961544,6.147815200700563],[66.18539931420511,5.895513245257703],[66.36294513470195,5.722639683194998],[66.61524709014479,5.615177739210083],[66.90025485462654,5.573127413302942],[67.15722906850353,5.685261615721991],[67.35346392273685,5.872151953087069],[67.45625360828765,6.175848751305317],[67.33944714743447,6.4374952236164305],[67.18526261910829,6.6243855609815085],[67.0824729335575,6.857998482687869],[67.11050648416226,7.054233336921207],[67.04042260765036,7.241123674286278],[67.06378389982099,7.568181764675174],[67.01706131547972,7.80179468638152],[66.9423051805337,8.07278567556088],[66.72738129256385,8.203608911716437],[66.40032320217497,8.334432147871993],[66.07326511178607,8.390499249081515],[65.78358508887021,8.269020529794211],[65.55931668403211,8.18491987797993],[65.40980441414005,8.016718574351358],[65.29299795328687,7.862534046025168],[65.04536825627814,7.862534046025168],[65.07340180688291,8.082130192429133],[65.32570376232577,8.278365046662465],[65.41914893100831,8.521322485237071],[65.57800571776862,8.708212822602142],[65.74620702139718,8.614767653919607],[66.05457607804956,8.605423137051353],[66.2321218985464,8.782968957548185],[66.49376837085751,8.97920381178151],[66.82082646124638,9.081993497332306],[67.14788455163529,8.932481227440242],[67.39551424864402,8.801657991284685],[68.25988205895749,8.792313474416432],[68.68038531802893,8.390499249081515],[68.93268727347177,8.297054080398972],[69.21302277951939,8.259676012925958],[69.37187956627972,8.278365046662465],[69.53073635304003,8.399843765949761],[69.65221507232732,8.362465698476754],[69.92320606150669,8.34377666474024],[70.044684780794,8.194264394848176],[70.21288608442256,8.054096641824373],[70.33436480370987,7.839172753854527],[70.5492886916797,7.773761135776745],[70.80159064712255,7.59621531527992],[71.08192615317019,7.409324977914849],[71.46505134476858,7.185056573076764],[71.81079846889398,7.189728831510891],[72.01637783999556,7.297190775495807],[72.18925140205826,7.292518517061687],[72.35745270568682,7.16169528090613],[72.48360368340826,6.9467713929362915],[72.68918305450984,6.759881055571213],[73.0956695382789,6.76922557243946],[73.24050954973683,6.652419111586298],[73.56756764012572,6.334705538065656],[73.74978571905666,6.259949403119627],[74.25438962994237,6.301999729026768],[74.52070836068762,6.241260369383113],[74.85711096794476,6.297327470592634],[74.86178322637888,6.334705538065656],[74.49734706851697,6.554301684469621],[74.52070836068762,6.619713302547396],[74.65153159684317,6.717830729664065],[74.91785032758841,6.643074594718037],[75.18884131676776,6.51225135856248],[75.37105939569872,6.432822965182318],[75.8523020144138,6.395444897709304],[75.86164653128205,6.334705538065656],[75.95041944153046,6.287982953724388],[76.03919235177888,6.1898655266077185],[76.31018334095823,6.007647447676774],[76.50174593675744,5.881496469955337],[76.71199756629316,5.886168728389464],[76.89888790365823,5.984286155506133],[77.11848405006221,5.970269380203753],[77.51095375852887,5.741328716931527],[77.7520174244731,5.848339183575625],[78.02490218628283,5.923546795862485],[78.12769187183363,5.8768242115212175],[78.26785962485744,5.764690009102168],[78.37064931040823,5.568455154868843],[78.37064931040823,5.269430615084708],[78.27720414172568,4.998439625905348],[78.37064931040823,4.755482187330742],[78.46409447909076,4.755482187330742],[78.51081706343204,4.914338974091059],[78.48278351282727,5.1853299632704335],[78.5201615803003,5.428287401845026],[78.66967385019235,5.57779967173709],[78.83787515382093,5.680589357287879],[78.99673194058124,5.689933874156139],[79.09017710926378,5.746000975365661],[79.28641196349712,5.699278391024393],[79.66019263822729,5.783379042838675],[79.71625973943681,5.895513245257725],[79.81904942498761,6.054370032018042],[80.00126750391856,6.0870758410569294],[80.34701462804395,6.077731324188669],[80.52222431932375,5.851126790133513],[80.62501400487454,5.626858385295414],[80.99853391918805,5.522174755666143],[81.26978566878407,5.538085475047012],[81.4333147139785,5.4446403063644695],[81.5874992423047,5.295128036472406],[81.80709538870866,5.220371901526377],[81.90054055739121,5.206355126223997],[81.9519354001666,5.253077710565265],[82.06406960258565,5.225044159960497],[82.29301026585787,5.182993834053349],[82.45186705261818,4.888641552703355],[82.51260641226183,4.846591226796214],[82.65744642371978,4.715767990640657],[82.97983225567454,4.692406698470023],[83.0779496827912,4.612978305089875],[83.14803355930312,4.580272496050981],[83.30689034606343,4.356004091212888],[83.32557937979993,4.197147304452571],[83.38631873944358,4.197147304452571],[83.47041939125786,4.271903439398599],[83.59189811054517,4.1831305291501835],[84.32077042626898,4.2672311809644725],[84.84873562932532,4.136407944808916],[85.33932276490864,4.2905924731351135],[85.44678470889357,4.458793776763677],[85.72244795650705,4.4774828105001845],[85.97474991194991,4.388709900251776],[86.36254736198245,4.454121518329558],[86.52140414874277,4.575600237616854],[87.25494872290072,4.589617012919234],[87.39511647592451,4.552238945446213],[87.59135133015785,4.388709900251769],[88.12398879164832,4.360676349647008],[88.30153461214515,4.398054417120029],[88.66597077000705,4.4774828105001845],[88.71736561278246,4.5615834623144735],[88.86687788267452,4.67838992316765],[89.07712951221023,4.687734440035904],[89.49296051284753,4.575600237616861],[89.64247278273959,4.454121518329558],[89.8854302213142,4.318626023739881],[90.07232055867928,4.257886664096233],[90.46479026714594,4.276575697832733],[90.67504189668165,4.327970540608128],[91.00209998707054,4.178458270716064],[91.28243549311816,4.197147304452571],[91.52072067325864,4.056979551428768],[91.74031681966261,3.8887782478001967],[91.89104657586623,3.852114253047958],[91.91882994360563,3.8794154799155507],[91.89546865143697,-29.008611637903982],[91.8549553729377,-28.893460519515855],[91.59635285666113,-29.01414169377827],[91.34405090121827,-29.182342997406835],[91.22257218193097,-29.126275896197313],[91.00764829396113,-29.19168751427509],[90.47501083247066,-29.331855267298906],[90.14795274208176,-29.47202302032271],[89.89565078663891,-29.55612367213699],[89.54990366251351,-29.696291425160794],[89.31629074080716,-29.9392488637354],[89.14808943717858,-30.313029538465557],[89.07333330223257,-30.836322483087784],[88.9238210323405,-31.182069607213165],[88.70889714437065,-31.53716124820683],[88.73693069497541,-32.02307612535603],[88.44725067205955,-32.65850327239728],[88.40520034615241,-32.99490587965444],[88.51733454857147,-33.27056912726792],[88.5547126160445,-33.490165273671906],[88.60143520038577,-33.7191059369441],[88.71824166123893,-33.882634982138555],[88.77898102088258,-34.069525319503626],[88.95185458294529,-34.293793724341725],[89.01726620102306,-34.32649953338061],[89.03595523475957,-34.45732276953616],[88.90980425703815,-34.57412923038936],[88.80234231305322,-34.53675116291633],[88.67151907689765,-34.40592792676078],[88.55938487447862,-34.32649953338061],[88.42856163832306,-34.293793724341725],[88.28839388529924,-34.35453308398539],[88.18560419974847,-34.41060018519492],[88.11084806480245,-34.58814600569174],[87.94264676117388,-34.62552407316477],[87.79780674971595,-34.611507297862374],[87.61091641235086,-34.438633735799684],[87.4800931761953,-34.31715501651239],[87.39599252438101,-34.11624790384492],[87.31656413100087,-34.01345821829413],[87.0782789508604,-33.96673563395285],[86.96147249000722,-34.032147252030626],[86.93811119783658,-34.16764274662032],[86.80728796168103,-34.298465982775866],[86.61572536588181,-34.331171791814754],[86.2139111405469,-34.17698726348857],[86.22792791584929,-34.0928866116743],[86.1625162977715,-33.948046600216344],[86.12046597186436,-33.79853433032429],[85.99898725257707,-33.597627217656836],[85.91488660076277,-33.63033302669572],[85.91488660076277,-33.82656788092905],[85.94759240980166,-33.845256914665555],[86.02702080318183,-34.03681951046475],[86.0223485447477,-34.17231500505444],[85.84480272425085,-34.20502081409333],[85.74201303870007,-34.02747499359651],[85.58315625193974,-34.055508544201274],[85.55979495976912,-33.943374341782246],[85.58782851037388,-33.854601431533794],[85.57381173507149,-33.73779497068064],[85.41495494831118,-33.700416903207625],[85.29347622902388,-33.79386207189016],[85.27478719528737,-33.96206337551874],[85.14396395913182,-33.97140789238699],[85.1065858916588,-33.87796272370444],[85.02248523984451,-33.728450453812385],[84.91969555429372,-33.756484004417146],[84.79821683500643,-33.84992917309968],[84.88231748682071,-34.17698726348857],[84.709443924758,-34.16764274662032],[84.65337682354848,-33.976080150821105],[84.5178813289588,-33.81255110562667],[84.32631873315961,-33.78451755502191],[83.97589935060009,-33.81255110562668],[83.74228642889373,-33.691072386339386],[83.56474060839692,-33.52287108271081],[83.55539609152866,-33.31261945317509],[83.43391737224135,-33.149090407980665],[82.97136378726279,-32.89211619410368],[82.61159988783503,-32.896788452537805],[82.25650824684136,-33.00425039652271],[81.92477789801835,-32.95752781218145],[81.73321530221914,-32.817360059157636],[81.6397701335366,-32.50431874407114],[81.60239206606359,-32.270705822364775],[81.49025786364454,-32.03709290065845],[81.3781236612255,-31.99037031631717],[81.26598945880646,-32.12119355247272],[81.02303202023185,-31.97168128258066],[80.88286426720803,-31.85954708016162],[80.55580617681915,-31.401665753617166],[80.3035042213763,-31.392321236748913],[79.94841258038265,-31.018540562018757],[79.90168999604138,-31.111985730701306],[79.7147996586763,-31.111985730701306],[79.55594287191597,-30.784927640312404],[79.2662628490001,-30.934439910204475],[78.88313765740169,-30.94378442707273],[78.71493635377313,-30.808288932483052],[78.63550796039296,-30.85501151682432],[78.46730665676439,-31.149363798174306],[78.21967695975566,-31.214775416252095],[78.01409758865407,-31.149363798174306],[77.84589628502549,-31.074607663228278],[77.6216278801874,-31.037229595755264],[77.35998140787629,-31.111985730701292],[77.1544020367747,-30.98583475297987],[77.00488976688264,-30.728860539102882],[76.90210008133185,-30.429835999318755],[76.7899658789128,-30.270979212558444],[76.60307554154772,-29.971954672774316],[76.40684068731439,-29.915887571564795],[76.24798390055408,-29.710308200463203],[76.23863938368582,-29.50472882936161],[76.03306001258423,-29.439317211283836],[75.84616967521916,-29.47669527875685],[75.68264063002471,-29.3458720426013],[75.67329611315645,-29.205704289577497],[75.76206902340486,-29.084225570290187],[75.9769929113747,-29.00479717691003],[76.11716066439851,-28.850612648583834],[75.77141354027313,-28.794545547374327],[75.55648965230328,-28.8973352329251],[75.35091028120169,-28.90667974979337],[75.13598639323185,-28.981435884739398],[74.883684437789,-28.944057817266383],[74.6594160329509,-28.785201030506073],[74.39776956063979,-28.645033277482256],[74.28563535822074,-28.448798423248917],[74.1735011558017,-28.378714546737015],[74.04267791964614,-28.275924861186226],[74.0520224365144,-28.032967422611634],[74.1735011558017,-27.743287399695745],[74.1221063130263,-27.392868017136223],[74.14546760519694,-27.299422848453673],[74.13612308832867,-27.112532511088602],[74.03800566121201,-27.01441508397194],[73.93988823409535,-26.869575072513996],[73.7576701551644,-26.63128989237353],[73.58946885153583,-26.383660195364797],[73.61750240214059,-26.12668598148781],[73.5334017503263,-26.051929846541782],[73.31380560392233,-25.92577886882036],[73.18765462620091,-25.696838205548133],[73.1362597834255,-25.54265367722195],[73.03580622709178,-25.367443985942174],[72.93768879997512,-25.13616719345289],[72.82555459755606,-25.063747187723934],[72.74145394574178,-24.99132718199496],[72.71575652435409,-24.87218459192472],[72.78350427164892,-24.78574781089337],[72.87928556954851,-24.75771426028861],[72.96338622136281,-24.75771426028861],[72.96338622136281,-24.701647159079087],[72.93535267075805,-24.59418521509417],[72.84657976050963,-24.477378754240988],[72.74846233339296,-24.379261327124325],[72.6503449062763,-24.29983293374417],[72.60829458036916,-24.192370989759254],[72.4961603779501,-24.000808393960043],[72.40271520926757,-23.94474129275052],[72.234513905639,-23.893346449975127],[72.09901841104931,-23.795229022858464],[72.09434615261519,-23.63637223609814],[72.05229582670805,-23.486859966206083],[71.99622872549853,-23.337347696314026],[71.8700777477771,-23.243902527631477],[71.75794354535805,-23.19717994329021],[71.66917063510964,-23.15045735894894],[71.5757254664271,-23.024306381227504],[71.54769191582234,-22.84208830229656],[71.45424674713979,-22.71126506614101],[71.33744028628662,-22.67388699866798],[71.21596156699933,-22.650525706497362],[71.03374348806837,-22.678559257102123],[70.87955895974218,-22.655197964931475],[70.75340798202076,-22.622492155892587],[70.66930733020646,-22.543063762512432],[70.54782861091917,-22.440274076961643],[70.431022150066,-22.374862458883868],[70.2067537452279,-22.31412309924022],[70.0525692169017,-22.295434065503713],[69.83764532893187,-22.295434065503713],[69.78157822772233,-22.31412309924022],[69.66944402530329,-22.34215664984498],[69.46620078341877,-22.323467616108474],[69.37509174395329,-22.253383739596572],[69.29566335057314,-22.206661155255304],[69.23492399092949,-22.201988896821163],[69.12746204694456,-22.15059405404577],[69.05737817043266,-21.97304823354895],[69.01532784452552,-21.78148563774974],[68.88917686680409,-21.669351435330697],[68.72097556317551,-21.52918368230688],[68.71163104630726,-21.248848176259273],[68.66958072040013,-21.13671397384023],[68.56679103484933,-21.118024940103723],[68.44531231556203,-21.07130235576244],[68.37055618061599,-21.01523525455292],[68.36121166374775,-20.921790085870384],[68.30514456253822,-20.84236169249023],[68.24440520289457,-20.809655883451327],[68.04817034866123,-20.730227490071172],[67.70242322453585,-20.74891652380768],[67.6416838648922,-20.79330297893189],[67.52487740403902,-20.739572006939426],[67.52954966247316,-20.63211006295451],[67.36134835884458,-20.449891984023566],[67.16978576304538,-20.44989198402355],[66.93617284133903,-20.440547467155298],[66.73993798710569,-20.43120295028706],[66.57173668347713,-20.440547467155298],[66.41755215515093,-20.43120295028706],[66.25869536839062,-20.36579133220927],[66.09983858163031,-20.35644681534103],[65.92229276113348,-20.314396489433875],[65.77745274967555,-20.150867444239438],[65.6910159686442,-20.017708078866818],[65.72372177768308,-19.856515162889423],[65.67699919334181,-19.737372572819197],[65.67933532255887,-19.62757449961721],[65.75876371593903,-19.520112555632295],[65.86155340148983,-19.431339645383886],[65.9269650195676,-19.337894476701337],[65.9339734072188,-19.237440920367604],[65.88958695209459,-19.122970588731505],[65.82884759245094,-19.062231229087857],[65.7727804912414,-18.968786060405307],[65.70269661472952,-18.88468540859104],[65.66999080569062,-18.81927379051325],[65.49711724362793,-18.6884505543577],[65.35227723217,-18.557627318202137],[65.1466978610684,-18.4641821495196],[65.07194172612238,-18.384753756139446],[65.01353849569578,-18.279627941371587],[64.8967320348426,-18.160485351301347],[64.70283330982633,-18.08572921635532],[64.56733781523666,-18.01097308140929],[64.48323716342236,-17.852116294648965],[64.16552358990174,-17.824082744044205],[63.99965841549023,-17.7610072551835],[63.84313775794697,-17.6512091819815],[63.82444872421047,-17.581125305469612],[63.745020330830314,-17.487680136787063],[63.632886128411265,-17.436285294011668],[63.548785476596976,-17.398907226538654],[63.49739063382158,-17.286773024119597],[63.44132353261206,-17.188655597002935],[63.38525643140253,-17.130252366576357],[63.28947513350293,-17.050823973196188],[63.18201318951801,-16.910656220172385],[63.151643509696186,-16.793849759319215],[63.165660284998566,-16.67003491081485],[63.13295447595968,-16.581262000566426],[63.067542857881904,-16.506505865620397],[62.93204736329221,-16.469127798147383],[62.77786283496603,-16.45978328127913],[62.72179573375651,-16.37101037103072],[62.64236734037634,-16.24018713487517],[62.60498927290333,-16.11403615715375],[62.576955722298564,-16.034607763773565],[62.48818281205015,-16.006574213168804],[62.38072086806523,-15.857061943276747],[62.212519564436654,-15.768289033028339],[62.12883905167425,-15.66795124256339],[61.98825115959857,-15.628121280004521],[61.997595676466815,-15.539348369756112],[62.04431826080809,-15.459919976375957],[62.109729878885865,-15.282374155879126],[62.025629227071576,-15.137534144421195],[62.020956968637456,-14.959988323924378],[62.025629227071576,-14.852526379939448],[62.01628471020333,-14.707686368481504],[62.072351811412844,-14.651619267271997],[62.17046923852951,-14.600224424496588],[62.37137635119698,-14.600224424496588],[62.516216362654916,-14.604896682930729],[62.69843444158586,-14.623585716667236],[62.82925767774142,-14.660963784140236],[62.93671962172633,-14.749736694388645],[63.06754285788191,-14.815148312466434],[63.277794487417616,-14.880559930544209],[63.55345773503111,-14.875887672110082],[63.731003555527934,-14.875887672110082],[63.87584356698586,-14.974005099226744],[64.11412874712634,-15.118845110684674],[64.36175844413506,-15.160895436591815],[64.60004362427554,-15.156223178157703],[64.91775719779618,-15.259012863708492],[65.06726946768823,-15.109500593816435],[65.26350432192157,-15.034744458870392],[65.4410501424184,-14.969332840792617],[65.5625288617057,-14.903921222714843],[65.59990692917872,-14.754408952822786],[65.49711724362791,-14.604896682930715],[65.4784282098914,-14.464728929906912],[65.59056241231046,-14.31521666001484],[65.6955870750916,-14.272121096911619],[65.74007468220252,-14.193737940727544],[65.64195725508587,-14.072259221440234],[65.77074561705092,-13.915766425633564],[65.83351985088505,-13.763890164787867],[65.88958695209459,-13.483554658740239],[65.89893146896284,-13.268630770770407],[65.96434308704062,-13.063051399668822],[65.98303212077712,-12.885505579171998],[65.86155340148981,-12.75468234301644],[65.72138564846601,-12.539758455046595],[65.62794047978348,-12.352868117681517],[65.64429338430293,-12.189339072487087],[65.7097050023807,-12.039826802595016],[65.61859596291522,-11.904331308005332],[65.45273078850371,-11.745474521245022],[65.43404175476721,-11.54923966701169],[65.48777272675967,-11.381038363383112],[65.66064628882236,-11.29693771156883],[65.94565405330411,-11.175458992281527],[66.15123342440569,-11.119391891071999],[66.37511247437433,-11.048010164995048]]]}},{"type":"Feature","id":"continents-2","properties":{"id":3,"name":"Sothoryos","layer":"continents","fid":"continents-2","slug":"sothoryos"},"geometry":{"type":"Polygon","coordinates":[[[53.52211887696054,-41.81379367406902],[53.57351371973593,-41.659609145742834],[53.723025989628,-41.58485301079679],[54.03139504628038,-41.47271880837776],[54.16689054087006,-41.2718116957103],[54.29771377702561,-41.094265875213466],[54.61542735054624,-40.99614844809679],[54.75559510357005,-40.86532521194124],[54.85371253068672,-40.76720778482456],[54.91445189033037,-40.58498970589362],[55.17609836264147,-40.39342711009442],[55.391022250611314,-40.257931615504745],[55.51250096989862,-40.08505805344204],[55.52184548676687,-39.949562558852364],[55.605946138581146,-39.82341158113093],[55.85824809402401,-39.68324382810712],[55.92365971210179,-39.580454142556334],[55.97038229644305,-39.374874771454756],[56.087188757296225,-39.159950883484925],[56.40490233081686,-38.963716029251586],[56.64318751095733,-38.75813665815002],[56.80204429771765,-38.57591857921905],[56.87212817422956,-38.342305657512696],[56.94221205074145,-38.18812112918651],[57.3113204670375,-37.97319724121668],[57.60100048995336,-37.786306903851596],[57.661739849597005,-37.69753399360317],[57.79256308575256,-37.56671075744762],[57.80657986105494,-37.42187074598969],[57.825268894791456,-37.24899718392699],[57.871991479132724,-37.150879756810326],[57.871991479132724,-37.03407329595716],[58.04019278276129,-36.921939093538114],[58.2317553785605,-36.739721014607156],[58.3018392550724,-36.58086422784683],[58.24577215386288,-36.487419059164296],[58.07757085023431,-36.23044484528731],[58.09158762553669,-36.11363838443414],[57.98412568155177,-35.9501093392397],[57.900025029737485,-35.74920222657224],[57.84395792852796,-35.52026156330001],[57.871991479132724,-35.39411058557859],[57.811252119489076,-35.25861509098891],[57.83928567009383,-35.13246411326749],[58.0074869737224,-34.856800865653966],[58.13831020987796,-34.749338921669064],[58.32987280567716,-34.45498664031906],[58.49807410930573,-34.2026846848762],[58.68963670510494,-34.006449830642865],[58.82513219969462,-33.84292078544843],[58.91857736837716,-33.70742529085874],[58.9419386605478,-33.58594657157144],[58.89988833464066,-33.42241752637699],[58.946610918981925,-33.29626654865557],[59.0821064135716,-33.123392986592876],[59.231618683463665,-33.14208202032938],[59.315719335277954,-33.10003169442223],[59.45121482986763,-33.109376211290495],[59.57736580758906,-33.16544331250002],[59.73155033591525,-33.305611065523834],[59.768928403388266,-33.4738123691524],[59.80163421242715,-33.716769807727005],[59.810978729295414,-33.88964336978971],[59.6708109762716,-34.099894999325414],[59.633432908798575,-34.26809630295398],[59.745567111217625,-34.436297606582556],[59.80163421242715,-34.581137618040486],[59.867045830504935,-34.78204473070795],[60.00254132509461,-34.9128679668635],[60.152053594986675,-35.025002169282544],[60.37164974139064,-35.15115314700397],[60.54919556188747,-35.16984218074049],[60.7968252588962,-35.123119596399235],[60.997732371563664,-35.132464113267474],[61.27806787761128,-35.1371363717016],[61.54438660835652,-35.03901894458494],[61.85275566500889,-34.9128679668635],[62.09571310358349,-34.84745634878573],[62.2358808566073,-34.66523826985478],[62.29194795781683,-34.55310406743574],[62.483510553616036,-34.50638148309447],[62.64236734037635,-34.380230505373035],[62.815240902439044,-34.2026846848762],[62.90401381268747,-34.001777572208724],[62.9273751048581,-33.81488723484365],[62.950736397028734,-33.450451076981736],[62.90868607112159,-33.24019944744603],[62.960080913896995,-33.04396459321269],[63.04418156571127,-32.880435548018255],[63.160988026564446,-32.78699037933572],[63.17033254343271,-32.65149488474603],[63.24976093681286,-32.51599939015635],[63.31050029645651,-32.4365709967762],[63.3946009482708,-32.361814861830155],[63.41796224044143,-32.22164710880635],[63.49739063382159,-32.15623549072858],[63.57214676876762,-32.030084513007154],[63.52542418442635,-31.84319417564207],[63.642230645279525,-31.689009647315885],[63.740348072396195,-31.562858669594448],[63.899204859156505,-31.478758017780166],[64.01601132000968,-31.361951556926996],[64.08142293808746,-31.2077670286008],[64.19355714050651,-31.067599275576995],[64.34306941039857,-31.067599275576995],[64.50659845559301,-31.067599275576995],[64.67947201765571,-31.03956572497225],[64.85701783815253,-31.11899411835239],[64.99718559117635,-31.21243928703494],[65.18407592854143,-31.212439287034925],[65.42703336711602,-31.18907799486429],[65.5251507942327,-31.282523163546827],[65.67466306412476,-31.35727929849287],[65.90360372739698,-31.436707691873025],[66.07180503102555,-31.5722031864627],[66.27738440212714,-31.707698681052392],[66.55304764974062,-31.82450514190556],[66.75862702084221,-31.894589018417463],[67.01092897628507,-31.92729482745635],[67.31929803293744,-32.1609077491627],[67.54356643777554,-32.1609077491627],[67.8145574269549,-32.29173098531827],[68.1416155173438,-32.32910905279127],[68.50605167520568,-32.48796583955158],[68.68826975413664,-32.441243255210324],[69.01532784452552,-32.55337745762937],[69.44517562046519,-32.628133592575395],[69.94043501448266,-32.67018391848255],[70.28150988017393,-32.70756198595555],[70.56184538622156,-32.772973604033325],[70.82816411696679,-33.00191426730555],[71.19260027482869,-33.212165896841285],[71.46826352244217,-33.52053495349365],[71.645809342939,-33.74480335833174],[71.73749031672277,-33.959161320379124],[71.88876678151361,-34.05784467341826],[72.07098486044457,-34.18399565113968],[72.3232868158874,-34.30547437042698],[72.63632813097392,-34.5484318090016],[72.84190750207551,-34.69327182045953],[73.01010880570408,-34.78204473070795],[73.22036043523978,-34.786716989142064],[73.45397335694614,-34.800733764444445],[73.69693079552073,-34.90352344999525],[73.86980435758343,-35.09041378736032],[74.01464436904138,-35.16984218074049],[74.24358503231359,-35.15582540543811],[74.5426095720977,-35.27730412472542],[74.93440839556483,-35.32549014557485],[75.29017092155803,-35.426816394617475],[75.62657352881517,-35.506244787997616],[75.96297613607231,-35.51091704643177],[76.16855550717389,-35.56231188920714],[76.35380958455175,-35.732788218779206],[76.56569747407468,-35.82395836151825],[76.92546137350247,-36.010848698883336],[77.29924204823261,-36.10429386756587],[77.59826658801676,-36.00150418201508],[77.85524080189374,-36.165033227209534],[78.35984471277945,-36.23044484528731],[78.5934576344858,-36.365940339877],[78.85510410679692,-36.52946938507142],[79.26626284900009,-36.57151971097858],[79.49987577070644,-36.74906553147541],[79.6493880405985,-36.7817713405143],[80.09325259184055,-36.93128361040635],[80.31284873824453,-36.90325005980159],[80.6025287611604,-37.04809007125952],[81.1445107395191,-37.22096363332223],[81.70985401004846,-37.23030815019048],[81.97150048235957,-37.23965266705875],[82.10232371851512,-37.13219072307382],[82.3079030896167,-37.06210684656193],[82.57889407879608,-37.00136748691827],[82.686356022781,-36.88923328449923],[82.71906183181989,-36.669637138095254],[82.78914570833179,-36.51545260976907],[82.97136378726275,-36.39397389048176],[83.06480895594528,-36.300528721799225],[83.19095993366673,-36.146344193473055],[83.34514446199293,-36.02953773261987],[83.52269028248975,-35.996831923580984],[83.61613545117228,-35.92674804706907],[83.73761417045958,-35.76321900187462],[83.73761417045958,-35.59501769824607],[83.91048773252228,-35.32869896750083],[84.0179496765072,-35.30066541689607],[84.06467226084848,-35.19787573134526],[84.23287356447705,-35.1698421807405],[84.40107486810561,-35.19787573134526],[84.4851755199199,-35.38476606871035],[84.56460391330005,-35.492228012695264],[84.62534327294371,-35.53895059703653],[84.73747747536275,-35.520261563300025],[84.76551102596751,-35.47353897895877],[84.78420005970402,-35.29599315846194],[84.74682199223102,-35.137136371701615],[84.75149425066513,-34.992296360243685],[84.89166200368895,-34.94090151746829],[84.91502329585957,-35.09041378736035],[84.98043491393736,-35.25861509098891],[85.09724137479054,-35.31000993376432],[85.21404783564371,-35.25861509098891],[85.23740912781433,-35.10443056266273],[85.32150977962863,-34.992296360243685],[85.45233301578419,-34.88016215782464],[85.51774463386197,-34.85680086565401],[85.60651754411037,-34.91754022529766],[85.58782851037385,-34.978279584941305],[85.55045044290084,-35.07172475362384],[85.52241689229606,-35.2212370235159],[85.55045044290084,-35.333371225934954],[85.7186517465294,-35.361404776539715],[85.82144143208019,-35.45484994522225],[86.01512011093088,-35.44736010317858],[86.05505435378653,-35.370749293407954],[86.0830879043913,-35.239926057252404],[86.01767628631353,-35.006313135546065],[85.94292015136749,-34.782044730707966],[86.01767628631353,-34.632532460815895],[86.17653307307384,-34.950246034336544],[86.16718855620559,-35.12779185483336],[86.2045666236786,-35.35206025967146],[86.29556640417768,-35.46970341418886],[86.67646472552542,-35.51558930486591],[86.87737183819289,-35.36607703497383],[86.90540538879765,-35.109102821096855],[87.19975767014765,-35.09975830422859],[87.38357722510239,-35.21581806839353],[87.4847654346294,-35.389438327144475],[87.74173964850637,-35.440833169919884],[87.96133579491034,-35.520261563300025],[88.1949487166167,-35.46419446209049],[88.39118357085,-35.29599315846194],[88.56584249902544,-35.23223674378784],[88.75094747027781,-35.2212370235159],[88.84903239571877,-35.16010422253474],[88.89578748173574,-34.95959055120478],[88.93316554920875,-34.77270021383971],[88.99857716728651,-34.70728859576194],[89.11071136970557,-34.711960854196036],[89.1807952462175,-34.84745634878573],[89.09202233596905,-35.00164087711191],[89.10136685283732,-35.0997583042286],[89.22284557212461,-35.211892506647644],[89.2555513811635,-35.389438327144475],[89.11071136970557,-35.55763963077305],[89.00792168415477,-35.693135125362716],[89.01413666943039,-35.89243339432413],[89.15276169561272,-36.08093257539525],[89.25087912272939,-36.29585646336511],[89.12940040344208,-36.46405776699366],[89.18546750465161,-36.77242682364606],[89.19481202151985,-36.95464490257699],[89.04062749319367,-37.04809007125952],[88.93783780764286,-37.206946858019876],[88.98923265041827,-37.41719848755558],[89.14808943717858,-37.61343334178889],[89.40039139262144,-37.70687851047144],[89.63452457661835,-37.894758861515584],[89.7928611010881,-38.118037252674625],[89.98909595532145,-38.44042308462939],[90.05889230823743,-38.63498670796133],[90.15729725895001,-38.734775365979374],[90.54509470898255,-38.97773280455398],[90.70227216962843,-39.101614826102974],[90.76001859695238,-39.26274056903573],[90.93294624640629,-39.41585818175098],[90.96522918830448,-39.53668889667546],[91.06371539517065,-39.627176726897616],[91.11071414867288,-39.928841241495135],[91.26929476627224,-40.211209031163506],[91.43749606990079,-40.4915445372111],[91.5692410213142,-40.69913492342073],[91.67110899160714,-40.912047796282536],[91.70848705908018,-41.09893813364762],[91.96448989460421,-41.31833030187161],[91.99358607856428,-42.00216234315688],[53.51636980893718,-41.915725562129296],[53.52211887696054,-41.81379367406902]]]}}]}
