{"type":"FeatureCollection","features":[{"type":"Feature","id":"islands-0","properties":{"id":1,"name":"Bear Island","continent":"Westeros","layer":"islands","fid":"islands-0","slug":"bear-island"},"geometry":{"type":"Polygon","coordinates":[[[10.68420190995907,31.5231377899045],[10.558472032742152,31.613942701227828],[10.572442019099588,31.697762619372437],[10.488622100954977,31.795552523874484],[10.495607094133696,31.85143246930423],[10.600381991814459,31.858417462482944],[10.649276944065482,31.900327421555247],[10.59339699863574,31.963192360163706],[10.586412005457023,32.06098226466575],[10.502592087312411,32.0400272851296],[10.404802182810366,31.95620736698499],[10.307012278308319,31.907312414733966],[10.307012278308319,31.718717598908594],[10.202237380627555,31.66283765347885],[10.195252387448837,31.57203274215552],[10.10444747612551,31.5231377899045],[10.041582537517051,31.537107776261934],[9.922837653478851,31.565047748976802],[9.7831377899045,31.66982264665757],[9.755197817189629,31.77459754433833],[9.818062755798087,31.85143246930423],[9.818062755798087,31.872387448840378],[9.72725784447476,31.963192360163706],[9.762182810368348,32.026057298772166],[9.769167803547063,32.144802182810366],[9.818062755798087,32.179727148703954],[9.901882673942698,32.21465211459754],[10.062537517053205,32.26354706684856],[10.13238744884038,32.36832196452933],[10.16032742155525,32.5150068212824],[10.223192360163708,32.61279672578445],[10.348922237380625,32.64073669849931],[10.495607094133696,32.577871759890854],[10.607366984993176,32.577871759890854],[10.670231923601634,32.50802182810368],[10.809931787175987,32.47309686221009],[10.984556616643927,32.50802182810368],[11.131241473396996,32.40324693042291],[11.08933151432469,32.30545702592087],[11.096316507503406,32.06796725784447],[11.180136425648021,32.026057298772166],[11.305866302864937,31.949222373806272],[11.243001364256477,31.823492496589356],[10.998526603001363,31.80952251023192],[10.83088676671214,31.739672578444743],[10.775006821282398,31.59997271487039],[10.68420190995907,31.5231377899045]]]}},{"type":"Feature","id":"islands-1","properties":{"id":2,"name":"Skagos","continent":"Westeros","layer":"islands","fid":"islands-1","slug":"skagos"},"geometry":{"type":"Polygon","coordinates":[[[24.046493860845835,32.85727148703955],[23.892824010914048,33.05285129604364],[23.892824010914048,33.26240109140517],[23.878854024556613,33.58371077762618],[23.627394270122778,33.918990450204625],[23.36196452933151,33.932960436562055],[23.334024556616637,34.058690313778975],[23.194324693042287,34.15648021828102],[23.12447476125511,34.296180081855375],[23.110504774897677,34.44984993178716],[23.082564802182805,34.701309686220995],[23.068594815825367,34.938799454297396],[23.166384720327414,35.14834924965892],[23.12447476125511,35.24613915416097],[23.194324693042287,35.232169167803534],[23.375934515688947,35.329959072305584],[23.515634379263297,35.329959072305584],[23.65533424283765,35.13437926330148],[23.725184174624825,34.952769440654826],[23.85091405184174,34.71527967257843],[23.962673942701223,34.71527967257843],[24.046493860845835,34.938799454297396],[24.018553888130963,35.10643929058662],[23.906793997271485,35.31598908594815],[23.85091405184174,35.55347885402454],[24.018553888130963,35.77699863574351],[24.102373806275573,35.9725784447476],[23.990613915416095,36.15418826739426],[24.102373806275573,36.43358799454296],[24.214133697135058,36.41961800818552],[24.32589358799454,36.377708049113224],[24.451623465211455,36.19609822646656],[24.563383356070936,35.986548431105035],[24.619263301500677,35.749058663028634],[24.689113233287856,35.707148703956335],[24.75896316507503,35.581418826739416],[24.800873124147337,35.204229195088665],[24.81484311050477,34.966739427012264],[24.731023192360162,34.813069577080476],[24.744993178717596,34.65939972714869],[24.870723055934516,34.561609822646645],[25.05233287858117,34.47778990450203],[25.0243929058663,34.170450204638456],[25.066302864938606,34.00281036834923],[25.247912687585263,33.905020463847194],[25.094242837653475,33.555770804911305],[25.08027285129604,33.374160982264655],[25.0243929058663,33.26240109140517],[24.63323328785811,33.2344611186903],[24.535443383356068,33.038881309686204],[24.228103683492492,33.038881309686204],[24.046493860845835,32.85727148703955]]]}},{"type":"Feature","id":"islands-2","properties":{"id":3,"name":null,"continent":"Westeros","layer":"islands","fid":"islands-2"},"geometry":{"type":"Polygon","coordinates":[[[25.415552523874485,34.26125511596179],[25.47143246930423,34.21934515688948],[25.52731241473397,34.12155525238744],[25.541282401091404,34.00979536152795],[25.534297407912685,33.94693042291949],[25.43650750341064,33.932960436562055],[25.366657571623463,33.96090040927693],[25.338717598908595,34.051705320600256],[25.32474761255116,34.184420190995894],[25.415552523874485,34.26125511596179]]]}},{"type":"Feature","id":"islands-3","properties":{"id":4,"name":null,"continent":"Westeros","layer":"islands","fid":"islands-3"},"geometry":{"type":"Polygon","coordinates":[[[25.740354706684855,34.59304229195087],[25.597162346521145,34.63844474761254],[25.481909959072304,34.72226466575715],[25.506357435197817,34.88641200545701],[25.43650750341064,35.00864938608457],[25.485402455661667,35.085484311050465],[25.55175989085948,35.1413642564802],[25.44349249658936,35.197244201909946],[25.38761255115962,35.27407912687584],[25.506357435197817,35.38583901773532],[25.520327421555248,35.511568894952234],[25.478417462482945,35.581418826739416],[25.422537517053208,35.75604365620735],[25.32474761255116,35.83287858117325],[25.338717598908595,35.90272851296042],[25.443492496589357,35.91669849931786],[25.443492496589357,36.00750341064119],[25.43650750341064,36.0913233287858],[25.366657571623463,36.224038199181436],[25.373642564802182,36.35675306957707],[25.450477489768073,36.34278308321963],[25.534297407912685,36.16117326057297],[25.660027285129605,35.95162346521145],[25.736862210095495,35.68619372442018],[25.75083219645293,35.42076398362891],[25.806712141882674,35.31598908594815],[25.953396998635746,35.197244201909946],[26.009276944065483,35.078499317871746],[25.974351978171896,35.00166439290585],[25.862592087312414,34.75718963165073],[25.740354706684855,34.59304229195087]]]}},{"type":"Feature","id":"islands-4","properties":{"id":5,"name":"Skane","continent":"Westeros","layer":"islands","fid":"islands-4","slug":"skane"},"geometry":{"type":"Polygon","coordinates":[[[23.005729877216922,36.625675306957696],[23.12447476125512,36.4300954979536],[23.180354706684863,36.374215552523864],[23.159399727148706,36.248485675306945],[23.257189631650753,36.17165075034105],[23.257189631650753,36.03893587994542],[23.20829467939973,35.94813096862209],[23.12447476125512,35.92717598908594],[23.033669849931794,35.983055934515676],[22.963819918144615,36.05290586630285],[22.98477489768077,36.28341064120053],[22.963819918144615,36.4300954979536],[22.94984993178718,36.5488403819918],[23.005729877216922,36.625675306957696]]]}},{"type":"Feature","id":"islands-5","properties":{"id":6,"name":null,"continent":"Westeros","layer":"islands","fid":"islands-5"},"geometry":{"type":"Polygon","coordinates":[[[23.788049113233292,37.163519781718946],[23.718199181446117,37.24035470668485],[23.634379263301504,37.296234652114585],[23.62040927694407,37.421964529331504],[23.62040927694407,37.50578444747612],[23.690259208731245,37.58261937244201],[23.74613915416099,37.547694406548416],[23.829959072305595,37.45688949522509],[23.774079126875858,37.35909959072305],[23.802019099590726,37.275279672578435],[23.788049113233292,37.163519781718946]]]}},{"type":"Feature","id":"islands-6","properties":{"id":7,"name":"Ibben","continent":null,"layer":"islands","fid":"islands-6","slug":"ibben"},"geometry":{"type":"Polygon","coordinates":[[[49.10166439290585,35.10993178717598],[49.01784447476124,35.04706684856752],[49.03181446111868,34.99118690313778],[48.9619645293315,34.86545702592086],[48.941009549795346,34.74671214188267],[48.85020463847202,34.60701227830831],[48.76638472032741,34.558117326057285],[48.61271487039562,34.53017735334242],[48.50095497953614,34.38349249658935],[48.33680763983627,34.25427012278307],[48.21806275579809,34.10758526603001],[48.0643929058663,33.96788540245565],[47.88627557980899,33.86660300136425],[47.634815825375156,33.870095497953606],[47.46368349249658,33.83167803547066],[47.264611186903124,33.901527967257834],[47.11094133697134,33.86660300136425],[46.89091405184174,33.68150068212823],[46.6569167803547,33.6081582537517],[46.46832196452932,33.660545702592074],[46.25877216916779,33.775798090040915],[46.00731241473396,33.88057298772168],[45.87459754433833,34.016780354706675],[45.958417462482934,34.156480218281025],[45.9025375170532,34.285702592087304],[45.80474761255117,34.35555252387448],[45.6406002728513,34.44286493860845],[45.52534788540246,34.561609822646645],[45.34723055934516,34.64892223738062],[45.235470668485675,34.823547066848555],[45.11323328785812,35.05405184174624],[44.959563437926334,35.193751705320594],[44.76656645310157,35.432575033400795],[44.62777626193724,35.473151432469294],[44.54395634379264,35.54649386084583],[44.46362892223738,35.724611186903125],[44.470613915416095,36.01099590723055],[44.51950886766712,36.105293315143236],[44.456643929058664,36.19959072305593],[44.49156889495226,36.28341064120053],[44.65222373806276,36.31135061391541],[44.71159618008186,36.39866302864938],[44.68365620736699,36.517407912687574],[44.6312687585266,36.5663028649386],[44.6487312414734,36.69901773533424],[44.75699863574352,36.76537517053205],[44.840915409421605,36.726855155131304],[44.87574351978173,36.632660300136415],[44.89320600272851,36.513915416098214],[44.94896056985769,36.445794936555984],[45.01410401190083,36.42951396339248],[45.05386084583901,36.342783083219636],[45.218008185538885,36.353260572987715],[45.3856480218281,36.47899045020463],[45.462482946794,36.492960436562065],[45.53458052490106,36.550811394918476],[45.572496589358806,36.62742155525239],[45.65107776261937,36.653615279672564],[45.7069577080491,36.74092769440654],[45.87110504774899,36.84570259208731],[46.0736698499318,36.90856753069576],[46.27972714870396,36.9819099590723],[46.426412005457024,36.94698499317871],[46.656916780354706,36.84221009549795],[46.915361527967264,36.82125511596179],[47.051568894952254,36.91904502046384],[47.194761255115964,36.9819099590723],[47.3693860845839,36.94698499317871],[47.4881309686221,36.8631650750341],[47.71165075034107,36.77236016371077],[47.809440654843115,36.7863301500682],[47.97009549795363,36.8631650750341],[48.05391541609823,36.95396998635743],[48.172660300136435,36.93301500682127],[48.47301500682128,36.9819099590723],[48.80130968622101,37.009849931787166],[49.01085948158255,36.849195088676666],[49.18548431105048,36.82824010914051],[49.31819918144612,36.72346521145975],[49.667448840381994,36.71648021828103],[49.79317871759891,36.84221009549795],[49.782701227830835,37.002864938608454],[49.71634379263302,37.10763983628921],[49.70935879945429,37.247339699863566],[49.8700136425648,37.268294679399716],[50.11448840381991,37.44990450204637],[50.282128240109145,37.303219645293304],[50.327530695770804,37.21939972714869],[50.37293315143247,37.08668485675306],[50.5056480218281,36.97492496589358],[50.582482946794,36.96095497953614],[50.589467939972714,36.919045020463834],[50.75710777626194,36.891105047748965],[50.840927694406545,36.85618008185538],[50.952687585266034,36.80030013642563],[51.12032742155525,36.77236016371077],[51.27050477489768,36.64663028649385],[51.3368622100955,36.506930422919496],[51.35781718963165,36.39517053206002],[51.29145975443384,36.33230559345156],[51.29844474761255,36.2694406548431],[51.221609822646656,36.234515688949514],[51.0993724420191,36.129740791268745],[50.99459754433833,36.094815825375164],[50.87934515688949,36.087830832196445],[50.8025102319236,36.1926057298772],[50.67328785811733,36.227530695770795],[50.44976807639836,36.22054570259208],[50.37293315143247,36.26245566166438],[50.24720327421556,36.2694406548431],[50.13544338335607,36.24150068212823],[50.13544338335607,36.14371077762618],[50.21227830832197,36.01798090040926],[50.35896316507504,35.89923601637107],[50.467230559345154,35.78049113233287],[50.43372667827068,35.6613367831773],[50.44278308321964,35.560463847203266],[50.38690313778991,35.49759890859481],[50.24720327421556,35.438226466575706],[50.226248294679394,35.347421555252375],[50.159890859481585,35.26709413369712],[50.1494133697135,35.179781718963156],[50.2262482946794,35.09246930422918],[50.2262482946794,34.98420190995906],[50.12845839017735,34.830532060027274],[50.01669849931786,34.67686221009549],[49.9119236016371,34.55811732605729],[49.74428376534788,34.48826739427011],[49.59759890859481,34.48826739427011],[49.47186903137789,34.565102319236004],[49.59759890859481,34.67686221009549],[49.653478854024556,34.77465211459753],[49.69538881309686,34.88641200545702],[49.702373806275574,34.95626193724419],[49.61855388813097,34.96324693042291],[49.4465977706181,35.12979624559773],[49.10166439290585,35.10993178717598]]]}},{"type":"Feature","id":"islands-7","properties":{"id":8,"name":"Blacktyde","continent":"Westeros","layer":"islands","fid":"islands-7","slug":"blacktyde"},"geometry":{"type":"Polygon","coordinates":[[[8.194051841746264,13.376125511596193],[8.249931787176005,13.313260572987737],[8.249931787176005,13.257380627557993],[8.180081855388828,13.180545702592106],[8.068321964529346,13.194515688949537],[7.963547066848583,13.222455661664405],[7.907667121418842,13.173560709413387],[7.79590723055936,13.173560709413387],[7.663192360163726,13.159590723055949],[7.628267394270138,13.27833560709415],[7.733042291950903,13.327230559345168],[7.830832196452948,13.39009549795363],[7.984502046384736,13.334215552523887],[8.194051841746264,13.376125511596193]]]}},{"type":"Feature","id":"islands-8","properties":{"id":9,"name":"Harlaw","continent":"Westeros","layer":"islands","fid":"islands-8","slug":"harlaw"},"geometry":{"type":"Polygon","coordinates":[[[9.011296043656223,12.663656207366998],[9.095115961800834,12.496016371077772],[9.213860845839033,12.412196452933166],[9.213860845839033,12.300436562073685],[9.192905866302882,12.11184174624831],[9.276725784447493,11.993096862210109],[9.360545702592104,11.853396998635759],[9.304665757162363,11.762592087312427],[9.16496589358801,11.650832196452946],[8.69697135061393,11.636862210095515],[8.724911323328802,11.546057298772183],[8.689986357435215,11.44826739427014],[8.592196452933168,11.490177353342439],[8.501391541609838,11.497162346521158],[8.424556616643946,11.546057298772183],[8.424556616643946,11.685757162346533],[8.375661664392922,11.741637107776278],[8.396616643929073,11.797517053206015],[8.424556616643946,11.930231923601646],[8.361691678035486,12.021036834924978],[8.417571623465227,12.10485675306959],[8.49440654843112,12.188676671214203],[8.564256480218296,12.216616643929072],[8.731896316507518,12.195661664392915],[8.885566166439306,12.153751705320616],[8.948431105047764,12.202646657571641],[8.99034106412007,12.363301500682141],[8.969386084583917,12.565866302864954],[9.011296043656223,12.663656207366998]]]}},{"type":"Feature","id":"islands-9","properties":{"id":10,"name":"Orkmont","continent":"Westeros","layer":"islands","fid":"islands-9","slug":"orkmont"},"geometry":{"type":"Polygon","coordinates":[[[7.935607094133712,12.799863574351988],[8.08229195088678,12.607776261937254],[8.249931787176003,12.496016371077772],[8.267394270122798,12.408703956343807],[8.201036834924981,12.293451568894966],[8.106739427012291,12.275989085948169],[8.047366984993193,12.349331514324703],[7.970532060027299,12.349331514324703],[7.9286221009549935,12.39124147339701],[7.823847203274229,12.342346521145984],[7.6911323328785945,12.2480491132333],[7.603819918144625,12.220109140518431],[7.516507503410655,12.300436562073685],[7.4676125511596325,12.380763983628931],[7.439672578444761,12.450613915416113],[7.492060027285143,12.50649386084585],[7.603819918144625,12.499508867667132],[7.680654843110518,12.544911323328797],[7.771459754433847,12.6461937244202],[7.799399727148718,12.736998635743532],[7.8517871759891005,12.796371077762629],[7.935607094133712,12.799863574351988]]]}},{"type":"Feature","id":"islands-10","properties":{"id":11,"name":"Old Wyk","continent":"Westeros","layer":"islands","fid":"islands-10","slug":"old-wyk"},"geometry":{"type":"Polygon","coordinates":[[[6.89135061391543,12.489031377899053],[6.926275579809018,12.440136425648035],[6.8843656207367125,12.342346521145984],[6.926275579809018,12.255034106412019],[6.849440654843124,12.171214188267406],[6.74466575716236,12.055961800818565],[6.660845839017749,12.069931787176003],[6.590995907230573,12.206139154160994],[6.597980900409291,12.296944065484318],[6.681800818553902,12.380763983628931],[6.786575716234665,12.429658935879957],[6.804038199181459,12.475061391541622],[6.89135061391543,12.489031377899053]]]}},{"type":"Feature","id":"islands-11","properties":{"id":12,"name":"Great Wyk","continent":"Westeros","layer":"islands","fid":"islands-11","slug":"great-wyk"},"geometry":{"type":"Polygon","coordinates":[[[6.430341064120069,12.677626193724429],[6.433135061391554,12.577740791268766],[6.222800280247459,12.482499528502466],[6.206821282401107,12.321391541609835],[6.245238744884053,12.181691678035477],[6.304611186903152,12.08390177353344],[6.356998635743533,11.979126875852678],[6.437326057298787,11.898799454297418],[6.587503410641213,11.86736698499319],[6.737680763983642,11.86387448840383],[6.8005457025921014,11.944201909959084],[6.940245566166453,11.958171896316514],[6.985648021828117,12.073424283765355],[7.090422919508881,12.10485675306959],[7.212660300136439,12.115334242837662],[7.233615279672592,12.055961800818565],[7.219645293315157,11.912769440654849],[7.188212824010927,11.874351978171909],[7.0764529331514465,11.807994542974086],[7.1078854024556755,11.713697135061402],[7.163765347885417,11.640354706684867],[7.128840381991828,11.539072305593464],[7.045020463847217,11.511132332878589],[6.88785811732607,11.48319236016372],[6.790068212824025,11.455252387448851],[6.573533424283779,11.465729877216923],[6.51066848567532,11.48668485675308],[6.444311050477503,11.444774897680773],[6.276671214188281,11.430804911323335],[6.168403819918158,11.46922237380629],[6.042673942701241,11.46922237380629],[5.920436562073684,11.528594815825386],[5.798199181446125,11.62638472032743],[5.75628922237382,11.74862210095499],[5.787721691678049,11.86387448840383],[5.829631650750355,11.965156889495233],[5.822646657571637,12.031514324693049],[5.742319236016384,12.10485675306959],[5.710886766712156,12.26201909959073],[5.8331241473397135,12.38774897680765],[5.868049113233301,12.503001364256491],[5.892496589358813,12.656671214188279],[6.028703956343807,12.705566166439304],[6.19285129604367,12.66714870395635],[6.294133697135075,12.63571623465213],[6.343028649386098,12.674133697135069],[6.430341064120069,12.677626193724429]]]}},{"type":"Feature","id":"islands-12","properties":{"id":13,"name":"Pyke","continent":"Westeros","layer":"islands","fid":"islands-12","slug":"pyke"},"geometry":{"type":"Polygon","coordinates":[[[7.596834924965904,11.528594815825393],[7.6562073669850035,11.497162346521158],[7.691132332878592,11.444774897680773],[7.677162346521157,11.308567530695782],[7.617789904502057,11.22474761255117],[7.610804911323339,11.092032742155538],[7.691132332878592,10.997735334242854],[7.764474761255126,10.910422919508882],[7.687639836289232,10.878990450204647],[7.568894952251034,10.92788540245568],[7.429195088676681,10.94534788540247],[7.324420190995918,10.917407912687601],[7.226630286493871,10.82660300136427],[7.146302864938619,10.906930422919523],[7.052005457025931,11.004720327421566],[7.058990450204649,11.078062755798108],[7.003110504774908,11.175852660300151],[7.055497953615291,11.256180081855398],[7.128840381991824,11.238717598908607],[7.223137789904513,11.249195088676686],[7.282510231923612,11.210777626193739],[7.3872851296043756,11.196807639836301],[7.478090040927705,11.252687585266045],[7.499045020463857,11.333015006821299],[7.5095225102319345,11.444774897680773],[7.596834924965904,11.528594815825393]]]}},{"type":"Feature","id":"islands-13","properties":{"id":14,"name":"Saltcliffe","continent":"Westeros","layer":"islands","fid":"islands-13","slug":"saltcliffe"},"geometry":{"type":"Polygon","coordinates":[[[6.713233287858129,11.018690313779004],[6.762128240109152,10.969795361527979],[6.73768076398364,10.910422919508875],[6.671323328785823,10.847557980900419],[6.528130968622112,10.833587994542988],[6.38843110504776,10.851050477489778],[6.391923601637119,10.910422919508875],[6.33255115961802,10.9593178717599],[6.3046111869031485,11.015197817189637],[6.374461118690325,11.067585266030022],[6.440818553888143,11.074570259208741],[6.486221009549807,11.022182810368356],[6.566548431105059,11.036152796725794],[6.713233287858129,11.018690313779004]]]}},{"type":"Feature","id":"islands-14","properties":{"id":15,"name":"Fair Isle","continent":"Westeros","layer":"islands","fid":"islands-14","slug":"fair-isle"},"geometry":{"type":"Polygon","coordinates":[[[7.135825375170547,7.896398362892235],[7.181227830832211,7.864965893588007],[7.251077762619388,7.812578444747622],[7.1986903137790055,7.753206002728518],[7.212660300136441,7.6379536152796845],[7.135825375170547,7.571596180081862],[7.135825375170548,7.438881309686231],[7.121855388813112,7.236316507503425],[7.091302189398298,7.099157265117988],[7.093915416098241,6.9499317871759985],[6.964693042291966,6.869604365620745],[6.824993178717614,6.855634379263307],[6.741173260573004,6.81721691678036],[6.713233287858133,6.653069577080494],[6.646875852660315,6.590204638472038],[6.542100954979551,6.548294679399731],[6.45828103683494,6.611159618008195],[6.479236016371093,6.782291950886773],[6.517653478854039,6.848649386084588],[6.549085948158267,7.005811732605736],[6.674815825375186,7.1210641200545695],[6.74815825375172,7.18043656207368],[6.8145156889495375,7.239809004092777],[6.884365620736713,7.389986357435205],[6.9612005457026065,7.4982537517053345],[7.01009549795363,7.6624010914051865],[7.013587994542989,7.781145975443394],[7.135825375170547,7.896398362892235]]]}},{"type":"Feature","id":"islands-15","properties":{"id":16,"name":"Shield Islands","continent":"Westeros","layer":"islands","fid":"islands-15","slug":"shield-islands"},"geometry":{"type":"MultiPolygon","coordinates":[[[[7.6055661664393055,-2.1689768076398366],[7.675416098226482,-2.2213642564802214],[7.734788540245582,-2.2126330150068227],[7.792414733970002,-2.179454297407915],[7.834324693042308,-2.184693042291947],[7.851787175989101,-2.217871759890862],[7.834324693042308,-2.280736698499311],[7.788922237380643,-2.3174079126875853],[7.7505047748976965,-2.3401091405184147],[7.699863574351994,-2.3558253751705323],[7.626521145975459,-2.338362892223735],[7.570641200545717,-2.306930422919507],[7.572387448840397,-2.2632742155525207],[7.570641200545717,-2.2143792633015025],[7.581118690313794,-2.1934242837653457],[7.6055661664393055,-2.1689768076398366]]],[[[8.008949522510248,-1.9960982264665788],[7.99847203274217,-2.0484856753069565],[7.94084583901775,-2.0921418826739426],[7.900682128240123,-2.1253206002728575],[7.857025920873139,-2.071186903137786],[7.832578444747627,-2.0275306957707997],[7.88496589358801,-1.9594270122783044],[7.937353342428391,-1.9768894952250946],[8.008949522510248,-1.9960982264665788]]],[[[7.607312414733984,-1.809249658935876],[7.67890859481584,-1.8302046384720327],[7.76796725784449,-1.9087858117326064],[7.764474761255131,-1.9664120054570233],[7.703356070941352,-2.0083219645293298],[7.595088676671229,-1.9594270122783044],[7.521746248294694,-1.8825920873124176],[7.546193724420206,-1.8127421555252425],[7.607312414733984,-1.809249658935876]]],[[[7.268540245566181,-1.8616371077762537],[7.320927694406564,-1.8965620736698412],[7.3523601637107925,-1.9279945429740692],[7.345375170532076,-2.004829467939963],[7.394270122783098,-2.050231923601622],[7.502537517053221,-2.0467394270122625],[7.502537517053221,-2.127066848567523],[7.443165075034122,-2.1759618008185413],[7.394270122783098,-2.2248567530695595],[7.317435197817205,-2.158499317871751],[7.289495225102335,-2.074679399727138],[7.209167803547082,-1.9978444747612443],[7.209167803547082,-1.9210095497953432],[7.268540245566181,-1.8616371077762537]]]]}},{"type":"Feature","id":"islands-16","properties":{"id":17,"name":"The Arbor","continent":"Westeros","layer":"islands","fid":"islands-16","slug":"the-arbor"},"geometry":{"type":"Polygon","coordinates":[[[5.635798090040942,-9.445593451568875],[5.775497953615294,-9.690068212823988],[5.838362892223753,-9.718008185538864],[5.922182810368364,-9.885648021828082],[5.908212824010929,-9.990422919508859],[6.054897680763998,-10.206957708049096],[6.1631650750341205,-10.210450204638462],[6.226030013642579,-10.158062755798078],[6.3622373806275725,-10.12313778990449],[6.388431105047763,-10.154570259208725],[6.411132332878595,-10.26283765347884],[6.446057298772184,-10.381582537517033],[6.529877216916795,-10.472387448840365],[6.529877216916795,-10.521282401091383],[6.788321964529346,-10.660982264665748],[6.844201909959087,-10.695907230559335],[6.8232469304229335,-10.76575716234651],[6.760381991814476,-10.884502046384704],[6.8232469304229335,-10.975306957708035],[6.760381991814476,-11.02420190995906],[6.662592087312429,-10.996261937244185],[6.51590723055936,-11.059126875852648],[6.36922237380629,-11.038171896316491],[6.282651728259439,-11.150580835214704],[6.233015006821297,-11.261691678035461],[6.13871759890861,-11.342019099590708],[6.01997271487041,-11.408376534788523],[5.915197817189647,-11.31058663028648],[5.841855388813111,-11.195334242837646],[5.712633015006836,-11.17088676671213],[5.649768076398377,-11.003246930422904],[5.635798090040942,-10.828622100954966],[5.544993178717614,-10.709877216916766],[5.61484311050479,-10.577162346521128],[5.642783083219661,-10.5038199181446],[5.674215552523889,-10.395552523874478],[5.6637380627558125,-10.276807639836278],[5.604611230512841,-10.219651267842714],[5.649768076398377,-10.161555252387423],[5.6707230559345305,-10.01836289222372],[5.6183356070941475,-9.972960436562062],[5.520545702592102,-9.965975443383343],[5.468158253751719,-9.801828103683476],[5.4332332878581315,-9.64117326057297],[5.510068212824026,-9.50147339699862],[5.635798090040942,-9.445593451568875]]]}},{"type":"Feature","id":"islands-17","properties":{"id":18,"name":"Summer Islands","continent":"Westeros","layer":"islands","fid":"islands-17","slug":"summer-islands"},"geometry":{"type":"MultiPolygon","coordinates":[[[[13.488676671214206,-22.320682128240108],[13.541064120054587,-22.383547066848564],[13.586466575716251,-22.4394270122783],[13.70870395634381,-22.474351978171896],[13.778553888130986,-22.45339699863574],[13.869358799454314,-22.460381991814458],[13.918253751705338,-22.523246930422914],[13.953178717598925,-22.62802182810367],[13.88332878581175,-22.750259208731237],[13.900791268758544,-22.82010914051841],[13.85538881309688,-22.924884038199167],[13.785538881309703,-23.001718963165075],[13.656316507503428,-23.11347885402455],[13.558526603001383,-23.15189631650749],[13.53407912687587,-23.20777626193724],[13.443274215552542,-23.2112687585266],[13.411841746248314,-23.24968622100954],[13.383901773533442,-23.21476125511596],[13.415334242837671,-23.15189631650749],[13.376916780354724,-23.12046384720327],[13.366439290586648,-23.06807639836289],[13.411841746248314,-23.026166439290577],[13.411841746248314,-22.96330150068212],[13.47470668485677,-22.917899045020462],[13.53407912687587,-22.82709413369713],[13.509631650750357,-22.73279672578444],[13.439781718963182,-22.652469304229186],[13.359454297407929,-22.617544338335605],[13.314051841746267,-22.523246930422914],[13.223246930422937,-22.44641200545702],[13.205784447476143,-22.366084583901767],[13.104502046384738,-22.271787175989076],[13.111487039563457,-22.191459754433822],[13.163874488403838,-22.139072305593444],[13.369931787176005,-22.132087312414725],[13.47121418826741,-22.20892223738062],[13.488676671214206,-22.320682128240108]]],[[[12.222646657571635,-22.919645293315142],[12.236616643929072,-22.97203274215552],[12.135334242837667,-22.982510231923612],[12.016589358799468,-22.916152796725797],[12.002619372442032,-22.839317871759903],[11.92578444747614,-22.804392905866308],[11.936261937244215,-22.706603001364257],[11.999126875852674,-22.65421555252388],[11.999126875852674,-22.577380627557986],[11.967694406548445,-22.531978171896313],[11.838472032742171,-22.50753069577081],[11.768622100954993,-22.423710777626198],[11.719727148703969,-22.42021828103684],[11.593997271487053,-22.322428376534788],[11.349522510231937,-22.322428376534788],[11.255225102319251,-22.25956343792633],[11.265702592087326,-22.22463847203275],[11.447312414733984,-22.22114597544339],[11.524147339699878,-22.196698499317876],[11.548594815825389,-22.147803547066857],[11.580027285129617,-22.095416098226465],[11.653369713506152,-22.116371077762622],[11.646384720327434,-22.172251023192374],[11.681309686221024,-22.210668485675313],[11.77909959072307,-22.235115961800815],[11.789577080491147,-22.31893587994543],[11.824502046384735,-22.311950886766724],[11.939754433833576,-22.353860845839023],[12.020081855388826,-22.392278308321963],[12.10040927694408,-22.486575716234654],[12.082946793997285,-22.51800818553889],[12.079454297407926,-22.61579809004094],[12.177244201909973,-22.706603001364257],[12.177244201909973,-22.814870395634387],[12.15978171896318,-22.849795361527967],[12.163274215552537,-22.88821282401092],[12.222646657571635,-22.919645293315142]]],[[[11.712742155525252,-23.258417462482953],[11.702264665757175,-23.366684856753068],[11.663847203274228,-23.41208731241474],[11.597489768076413,-23.478444747612556],[11.527639836289236,-23.467967257844478],[11.48922237380629,-23.40859481582538],[11.503192360163723,-23.366684856753068],[11.580027285129617,-23.303819918144626],[11.639399727148719,-23.303819918144626],[11.663847203274228,-23.27587994542975],[11.712742155525252,-23.258417462482953]]],[[[10.420518417462498,-21.934761255115973],[10.396070941336987,-21.973178717598927],[10.245893587994559,-21.994133697135084],[10.151596180081869,-21.882373806275595],[10.043328785811747,-21.833478854024577],[9.896643929058678,-21.847448840382],[9.886166439290601,-21.795061391541623],[9.910613915416112,-21.770613915416106],[9.994433833560723,-21.739181446111886],[10.099208731241488,-21.721718963165088],[10.193506139154175,-21.791568894952263],[10.287803547066863,-21.829986357435217],[10.420518417462498,-21.934761255115973]]],[[[10.574188267394284,-22.584365620736705],[10.58815825375172,-22.640245566166456],[10.553233287858133,-22.689140518417474],[10.50084583901775,-22.72057298772171],[10.458935879945443,-22.675170532060037],[10.437980900409292,-22.629768076398378],[10.50084583901775,-22.60532060027286],[10.574188267394284,-22.584365620736705]]],[[[9.791869031377914,-22.497053206002747],[9.823301500682144,-22.53372442019102],[9.840763983628937,-22.610559345156915],[9.819809004092784,-22.68739427012281],[9.729004092769456,-22.718826739427044],[9.666139154160998,-22.806139154161016],[9.662646657571639,-22.92488403819921],[9.722019099590737,-23.001718963165104],[9.722019099590737,-23.07156889495228],[9.77091405184176,-23.123956343792656],[9.83377899045022,-23.186821282401112],[9.910613915416114,-23.27064120054574],[9.987448840382006,-23.30905866302868],[10.113178717598924,-23.239208731241504],[10.186521145975458,-23.214761255115988],[10.21104553393777,-23.21902636606596],[10.221446111869042,-23.188567530695806],[10.305266030013657,-23.108240109140553],[10.354160982264677,-23.048867667121456],[10.359399727148716,-22.942346521146007],[10.284311050477502,-22.942346521146007],[10.279072305593463,-22.839317871759917],[10.389085948158266,-22.839317871759917],[10.413533424283779,-22.863765347885433],[10.437980900409288,-22.96854024556619],[10.462428376534799,-23.055852660300175],[10.542755798090052,-23.094270122783115],[10.525293315143259,-23.17110504774901],[10.570695770804923,-23.185075034106447],[10.57768076398364,-23.226984993178746],[10.5218008185539,-23.30381991814464],[10.500845839017748,-23.377162346521175],[10.46592087312416,-23.433042291950912],[10.378608458390188,-23.433042291950912],[10.361145975443394,-23.488922237380663],[10.298281036834938,-23.51336971350618],[10.301773533424296,-23.74387448840386],[10.214461118690325,-23.806739427012303],[10.137626193724431,-23.806739427012303],[10.14461118690315,-23.901036834924994],[10.050313778990462,-23.97088676671217],[9.963001364256492,-23.981364256480248],[9.844256480218293,-24.093124147339736],[9.805839017735346,-24.110586630286534],[9.718526603001376,-24.044229195088718],[9.550886766712154,-24.037244201909985],[9.522946793997283,-24.026766712141907],[9.624229195088688,-23.96040927694409],[9.76392905866304,-23.97088676671217],[9.781391541609834,-23.92199181446115],[9.854733969986368,-23.901036834924994],[9.917598908594828,-23.82769440654846],[9.945538881309698,-23.757844474761285],[9.952523874488415,-23.67751705320603],[9.809331514324706,-23.5448021828104],[9.763929058663043,-23.450504774897695],[9.722019099590737,-23.394624829467944],[9.655661664392921,-23.366684856753082],[9.547394270122798,-23.314297407912704],[9.501991814461134,-23.23396998635745],[9.44960436562075,-23.13268758526604],[9.348321964529346,-23.066330150068225],[9.369276944065499,-23.02791268758527],[9.344829467939988,-22.919645293315156],[9.281964529331528,-22.84630286493862],[9.285457025920888,-22.76597544338337],[9.341336971350628,-22.675170532060037],[9.435634379263316,-22.58087312414736],[9.554379263301515,-22.497053206002747],[9.662646657571639,-22.493560709413373],[9.791869031377914,-22.497053206002747]]],[[[10.071268758526616,-24.285211459754464],[10.106193724420203,-24.295688949522543],[10.186521145975457,-24.372523874488436],[10.406548431105062,-24.37950886766714],[10.469413369713518,-24.428403819918174],[10.504338335607109,-24.407448840382017],[10.563710777626207,-24.49126875852663],[10.63705320600274,-24.49476125511599],[10.692933151432483,-24.543656207367007],[10.73135061391543,-24.529686221009584],[10.797708049113247,-24.59953615279676],[10.912960436562086,-24.59255115961804],[11.000272851296057,-24.69383356070945],[11.087585266030025,-24.746221009549828],[11.192360163710791,-24.781145975443422],[11.527639836289236,-24.798608458390206],[11.593997271487053,-24.840518417462505],[11.604474761255128,-24.791623465211487],[11.653369713506152,-24.823055934515722],[11.646384720327434,-24.86845839017738],[11.614952251023206,-24.948785811732634],[11.555579809004104,-24.980218281036855],[11.489222373806287,-24.91036834924968],[11.426357435197831,-24.847503410641238],[10.926930422919522,-24.83004092769444],[10.90248294679401,-24.77765347885405],[10.857080491132347,-24.72875852660303],[10.773260572987736,-24.69034106412009],[10.661500682128253,-24.616998635743556],[10.588158253751716,-24.58905866302868],[10.52529331514326,-24.529686221009584],[10.37860845839019,-24.526193724420224],[10.31923601637109,-24.529686221009584],[10.298281036834938,-24.571596180081883],[10.221446111869044,-24.578581173260602],[10.137626193724433,-24.564611186903164],[10.078253751705333,-24.540163710777648],[10.015388813096875,-24.466821282401128],[10.015388813096875,-24.386493860845874],[10.053806275579822,-24.35506139154164],[10.071268758526616,-24.285211459754464]]],[[[12.013096862210109,-24.651923601637137],[12.041036834924979,-24.74272851296047],[12.013096862210109,-24.798608458390206],[11.964201909959087,-24.781145975443422],[11.89435197817191,-24.73923601637111],[11.985156889495238,-24.658908594815856],[12.013096862210109,-24.651923601637137]]],[[[11.370477489768088,-25.78698499317875],[11.42286493860847,-25.88826739427016],[11.391432469304242,-25.944147339699896],[11.332060027285143,-26.007012278308352],[11.276180081855403,-25.958117326057334],[11.297135061391556,-25.895252387448878],[11.265702592087326,-25.867312414734002],[11.265702592087326,-25.807939972714905],[11.332060027285143,-25.76952251023195],[11.370477489768088,-25.78698499317875]]],[[[10.797708049113249,-26.007012278308352],[10.820409276944082,-26.031459754433868],[10.790723055934532,-26.057653478854064],[10.64753069577082,-26.038444747612587],[10.581173260573003,-26.08384720327426],[10.58466575716236,-26.192114597544375],[10.67547066848569,-26.26196452933155],[10.689440654843125,-26.36324693042296],[10.654515688949537,-26.39118690313782],[10.577680763983645,-26.461036834924997],[10.58815825375172,-26.562319236016407],[10.504338335607109,-26.590259208731283],[10.455443383356085,-26.667094133697177],[10.378608458390193,-26.663601637107817],[10.280818553888146,-26.576289222373845],[10.12714870395636,-26.569304229195126],[10.0642837653479,-26.50294679399731],[10.169058663028663,-26.50294679399731],[10.172551159618022,-26.527394270122826],[10.333206002728527,-26.516916780354748],[10.396070941336987,-26.478499317871794],[10.465920873124162,-26.468021828103716],[10.570695770804926,-26.39118690313782],[10.560218281036851,-26.324829467940006],[10.521800818553903,-26.234024556616674],[10.343683492496606,-26.241009549795407],[10.305266030013657,-26.293396998635785],[10.263356070941352,-26.310859481582582],[10.249386084583916,-26.26196452933155],[10.50084583901775,-26.02447476125515],[10.504338335607109,-25.937162346521177],[10.458935879945445,-25.919699863574394],[10.396070941336987,-25.84984993178722],[10.245893587994559,-25.84984993178722],[10.190013642564818,-25.905729877216956],[10.134133697135075,-25.98256480218285],[10.085238744884052,-26.003519781718992],[10.018881309686236,-26.073369713506167],[9.969986357435213,-26.101309686221043],[9.868703956343808,-26.066384720327463],[9.868703956343808,-26.013997271487085],[9.935061391541625,-25.968594815825412],[9.956016371077778,-25.912714870395675],[10.067776261937258,-25.821909959072343],[10.217953615279686,-25.818417462482984],[10.23541609822648,-25.643792633015053],[10.263356070941352,-25.640300136425694],[10.27034106412007,-25.668240109140555],[10.410040927694423,-25.678717598908634],[10.430995907230574,-25.77301500682131],[10.483383356070956,-25.83238744884042],[10.574188267394284,-25.842864938608486],[10.591650750341078,-25.912714870395675],[10.67547066848569,-26.000027285129633],[10.797708049113249,-26.007012278308352]]],[[[10.862319236016383,-26.062892223738103],[10.905975443383367,-26.085593451568926],[10.98455661664394,-26.150204638472076],[10.968840381991827,-26.298635743519824],[10.944392905866314,-26.26545702592091],[10.893751705320613,-26.23577080491137],[10.885020463847216,-26.199099590723094],[10.907721691678049,-26.176398362892257],[10.860572987721703,-26.143219645293357],[10.862319236016383,-26.062892223738103]]],[[[12.94210095497955,-25.998281036834967],[12.977025920873139,-26.005266030013686],[12.966548431105062,-26.144965893588036],[12.931623465211473,-26.19386084583907],[12.844311050477504,-26.197353342428414],[12.837326057298785,-26.27069577080495],[12.809386084583917,-26.344038199181483],[12.697626193724433,-26.36499317871764],[12.603328785811746,-26.438335607094174],[12.603328785811746,-26.487230559345207],[12.414733969986372,-26.630422919508916],[12.414733969986372,-26.770122783083266],[12.44965893587996,-26.801555252387487],[12.44965893587996,-26.89585266030018],[12.543956343792647,-26.962210095497994],[12.844311050477504,-26.99364256480223],[12.645238744884052,-27.09143246930428],[12.634761255115976,-27.143819918144658],[12.411241473397013,-27.185729877216957],[12.306466575716247,-27.08793997271492],[12.341391541609838,-27.070477489768123],[12.432196452933166,-27.021582537517105],[12.41822646657573,-26.916807639836335],[12.369331514324706,-26.836480218281082],[12.362346521145989,-26.770122783083266],[12.313451568894966,-26.675825375170575],[12.32392905866304,-26.529140518417506],[12.439181446111881,-26.46976807639841],[12.519508867667135,-26.417380627558018],[12.634761255115976,-26.288158253751746],[12.70461118690315,-26.281173260573027],[12.777953615279687,-26.183383356070976],[12.833833560709428,-26.179890859481617],[12.865266030013657,-26.144965893588036],[12.94210095497955,-25.998281036834967]]],[[[13.02941336971352,-26.773615279672626],[13.060845839017748,-26.791077762619423],[13.123710777626206,-26.822510231923644],[13.130695770804925,-26.89236016371082],[13.102755798090055,-26.913315143246976],[13.074815825375182,-26.927285129604414],[13.03290586630288,-26.969195088676713],[12.99798090040929,-26.98665757162351],[12.935115961800832,-26.958717598908635],[12.931623465211473,-26.874897680764022],[12.984010914051856,-26.815525238744925],[13.02941336971352,-26.773615279672626]]],[[[14.02826739427013,-25.8760436562074],[14.005566166439298,-25.84461118690318],[14.03175989085949,-25.802701227830866],[14.096371077762626,-25.73110504774901],[14.143519781718972,-25.69618008185543],[14.17320600272852,-25.643792633015053],[14.335607094133705,-25.63331514324696],[14.358308321964538,-25.573942701227878],[14.40894952251024,-25.580927694406583],[14.459590723055943,-25.628076398362936],[14.43165075034107,-25.69443383356075],[14.333860845839025,-25.717135061391573],[14.169713506139162,-25.788731241473428],[14.131296043656214,-25.814924965893624],[14.115579809004101,-25.858581173260617],[14.02826739427013,-25.8760436562074]]],[[[14.330368349249667,-23.930723055934564],[14.536425648021837,-23.96564802182816],[14.630723055934524,-24.16821282401098],[14.693587994542984,-24.178690313779043],[14.745975443383365,-24.259017735334297],[14.732005457025931,-24.32886766712147],[14.78788540245567,-24.32886766712147],[14.78788540245567,-24.545402455661716],[14.822810368349257,-24.594297407912748],[14.784392905866312,-24.643192360163766],[14.735497953615289,-24.61874488403825],[14.738990450204646,-24.520954979536214],[14.662155525238754,-24.426657571623522],[14.634215552523884,-24.367285129604426],[14.56087312414735,-24.29743519781725],[14.55388813096863,-24.126302864938665],[14.515470668485685,-24.038990450204693],[14.463083219645302,-24.00057298772174],[14.344338335607103,-23.990095497953675],[14.305920873124155,-23.96564802182816],[14.330368349249667,-23.930723055934564]]],[[[13.453751705320613,-23.480190995907265],[13.527094133697148,-23.529085948158297],[13.523601637107788,-23.595443383356113],[13.624884038199193,-23.665293315143288],[13.764583901773547,-23.822455661664435],[13.841418826739439,-23.88881309686225],[13.747121418826753,-23.979618008185582],[13.715688949522523,-24.045975443383398],[13.768076398362906,-24.13328785811737],[13.771568894952264,-24.304420190995955],[13.803001364256493,-24.346330150068255],[13.886821282401105,-24.41967257844479],[13.963656207366999,-24.458090040927743],[14.07192360163712,-24.500000000000043],[14.10335607094135,-24.552387448840435],[14.050968622100967,-24.60826739427017],[14.043983628922248,-24.79686221009554],[14.082401091405197,-24.89814461118695],[14.099863574351991,-24.985457025920923],[14.07192360163712,-25.08673942701232],[14.050968622100967,-25.201991814461167],[13.970641200545716,-25.18452933151437],[13.970641200545716,-25.097216916780397],[13.900791268758539,-24.94354706684861],[13.855388813096875,-24.824802182810416],[13.789031377899057,-24.747967257844522],[13.684256480218295,-24.716534788540287],[13.670286493860859,-24.79686221009554],[13.562019099590737,-24.849249658935932],[13.478199181446126,-24.884174624829512],[13.397871759890872,-24.93306957708053],[13.310559345156904,-25.023874488403862],[13.251186903137803,-25.121664392905913],[13.247694406548444,-25.233424283765387],[13.121964529331526,-25.31724420191],[13.048622100954992,-25.408049113233332],[12.989249658935892,-25.491869031377945],[12.915907230559357,-25.5547339699864],[12.863519781718976,-25.5721964529332],[12.797162346521159,-25.498854024556664],[12.489822646657586,-25.502346521146023],[12.461882673942714,-25.540763983628963],[12.06723055934517,-25.540763983628963],[12.028813096862223,-25.60013642564806],[11.944993178717612,-25.624583901773576],[11.899590723055947,-25.60712141882678],[11.850695770804924,-25.502346521146023],[11.972933151432484,-25.51980900409282],[12.028813096862223,-25.484884038199226],[12.042783083219659,-25.27882673942706],[12.130095497953628,-25.27882673942706],[12.133587994542987,-25.205484311050526],[12.266302864938622,-25.18802182810373],[12.39203274215554,-25.15309686221015],[12.489822646657586,-25.090231923601678],[12.591105047748991,-24.961009549795406],[12.584120054570272,-24.79336971350618],[12.5561800818554,-24.71304229195094],[12.44442019099592,-24.604774897680812],[12.437435197817202,-24.500000000000043],[12.38155525238746,-24.447612551159665],[12.210422919508881,-24.356807639836333],[12.130095497953628,-24.321882673942753],[12.105648021828117,-24.36728512960441],[11.972933151432484,-24.353315143246974],[11.958963165075048,-24.293942701227877],[12.042783083219659,-24.245047748976845],[12.088185538881321,-24.17869031377903],[12.252332878581186,-24.147257844474808],[12.374570259208745,-24.150750341064153],[12.465375170532072,-24.241555252387485],[12.545702592087325,-24.339345156889536],[12.695879945429754,-24.37427012278313],[12.811132332878595,-24.24854024556622],[12.79017735334244,-24.108840381991854],[12.685402455661677,-24.052960436562117],[12.636507503410654,-23.965648021828144],[12.608567530695785,-23.88881309686225],[12.660954979536166,-23.836425648021873],[12.58761255115963,-23.818963165075075],[12.479345156889508,-23.728158253751744],[12.399017735334255,-23.710695770804946],[12.399017735334255,-23.647830832196505],[12.280272851296056,-23.574488403819956],[12.276780354706698,-23.455743519781763],[12.311705320600286,-23.37890859481587],[12.38504774897682,-23.396371077762666],[12.503792633015019,-23.46622100954984],[12.58761255115963,-23.539563437926375],[12.804147339699876,-23.557025920873173],[12.828594815825388,-23.588458390177394],[12.933369713506153,-23.61290586630291],[13.010204638472047,-23.65830832196457],[13.111487039563452,-23.696725784447523],[13.177844474761269,-23.647830832196505],[13.282619372442031,-23.630368349249707],[13.331514324693055,-23.598935879945472],[13.335006821282414,-23.529085948158297],[13.453751705320613,-23.480190995907265]]]]}},{"type":"Feature","id":"islands-18","properties":{"id":19,"name":"Longsister","continent":"Westeros","layer":"islands","fid":"islands-18","slug":"longsister"},"geometry":{"type":"Polygon","coordinates":[[[17.871759890859504,17.423929058662985],[17.787939972714895,17.507748976807598],[17.822864938608483,17.689358799454254],[17.906684856753092,17.75222373806271],[17.97653478854027,17.856998635743473],[18.095279672578467,17.947803547066805],[18.360709413369737,17.982728512960392],[18.346739427012302,17.703328785811692],[18.283874488403843,17.668403819918105],[18.17909959072308,17.731268758526554],[18.095279672578467,17.64046384720323],[17.97653478854027,17.458854024556572],[17.871759890859504,17.423929058662985]]]}},{"type":"Feature","id":"islands-19","properties":{"id":20,"name":"Sweetsister","continent":"Westeros","layer":"islands","fid":"islands-19","slug":"sweetsister"},"geometry":{"type":"Polygon","coordinates":[[[19.003328785811757,18.185293315143202],[18.940463847203297,18.0246384720327],[18.863628922237403,18.01765347885398],[18.800763983628944,18.094488403819874],[18.61216916780357,18.094488403819874],[18.55628922237383,18.052578444747567],[18.479454297407937,18.073533424283724],[18.500409276944087,18.13639836289218],[18.661064120054593,18.241173260572946],[18.75186903137792,18.318008185538837],[18.919508867667144,18.318008185538837],[19.010313778990476,18.297053206002683],[19.003328785811757,18.185293315143202]]]}},{"type":"Feature","id":"islands-20","properties":{"id":21,"name":"Littlesister","continent":"Westeros","layer":"islands","fid":"islands-20","slug":"littlesister"},"geometry":{"type":"Polygon","coordinates":[[[19.34559345156892,18.16433833560705],[19.499263301500704,18.115443383356027],[19.65991814461121,18.094488403819874],[19.764693042291974,17.98971350613911],[19.701828103683514,17.85001364256476],[19.59705320600275,17.843028649386042],[19.49227830832199,17.926848567530648],[19.408458390177376,17.933833560709374],[19.28971350613918,17.975743519781673],[19.198908594815848,18.08051841746244],[19.219863574352,18.122428376534742],[19.34559345156892,18.16433833560705]]]}},{"type":"Feature","id":"islands-21","properties":{"id":22,"name":"Pebble","continent":"Westeros","layer":"islands","fid":"islands-21","slug":"pebble"},"geometry":{"type":"Polygon","coordinates":[[[21.89511596180084,17.898908594815786],[21.937025920873147,17.787148703956298],[21.88813096862212,17.682373806275535],[21.804311050477512,17.64046384720323],[21.685566166439312,17.64046384720323],[21.62968622100957,17.591568894952204],[21.531896316507527,17.61252387448836],[21.489986357435217,17.675388813096816],[21.43410641200548,17.773178717598867],[21.49697135061394,17.822073669849885],[21.601746248294702,17.766193724420148],[21.657626193724447,17.863983628922192],[21.755416098226487,17.843028649386042],[21.84622100954982,17.898908594815786],[21.89511596180084,17.898908594815786]]]}},{"type":"Feature","id":"islands-22","properties":{"id":23,"name":"The Paps","continent":"Westeros","layer":"islands","fid":"islands-22","slug":"the-paps"},"geometry":{"type":"Polygon","coordinates":[[[24.531950886766737,18.094488403819877],[24.643710777626215,18.045593451568855],[24.75197817189634,18.056070941336934],[24.849768076398387,18.03511596180078],[24.846275579809028,17.98971350613911],[24.772933151432493,17.937326057298733],[24.713560709413397,17.870968622100918],[24.643710777626215,17.84302864938605],[24.633233287858143,17.794133697135024],[24.538935879945452,17.801118690313743],[24.476070941336992,17.839536152796683],[24.392251023192387,17.8639836289222],[24.304938608458414,17.87446111869027],[24.245566166439314,17.940818553888093],[24.242073669849958,18.00717598908591],[24.263028649386108,18.070040927694368],[24.441145975443405,18.04908594815821],[24.531950886766737,18.094488403819877]]]}},{"type":"Feature","id":"islands-23","properties":{"id":24,"name":"Claw Isle","continent":"Westeros","layer":"islands","fid":"islands-23","slug":"claw-isle"},"geometry":{"type":"Polygon","coordinates":[[[25.219972714870423,9.024474761255078],[25.233942701227857,8.90922237380623],[25.272360163710804,8.877789904502002],[25.321255115961826,8.814924965893553],[25.293315143246957,8.738090040927652],[25.209495225102348,8.678717598908548],[25.115197817189657,8.62982264665753],[25.034870395634407,8.62633015006817],[24.968512960436588,8.692687585265993],[24.94406548431108,8.811432469304187],[25.024392905866332,8.860327421555212],[25.097735334242863,8.937162346521106],[25.1117053206003,9.003519781718921],[25.181555252387476,9.041937244201868],[25.219972714870423,9.024474761255078]]]}},{"type":"Feature","id":"islands-24","properties":{"id":25,"name":"Dragonstone","continent":"Westeros","layer":"islands","fid":"islands-24","slug":"dragonstone"},"geometry":{"type":"Polygon","coordinates":[[[24.626248294679428,7.229331514324642],[24.744993178717625,7.222346521145916],[24.76245566166442,7.152496589358741],[24.7554706684857,7.082646657571566],[24.654188267394296,7.068676671214135],[24.61227830832199,7.0197817189631095],[24.587830832196477,6.960409276944013],[24.504010914051868,6.942946793997216],[24.367803547066874,6.970886766712091],[24.276998635743546,6.953424283765294],[24.193178717598936,6.970886766712091],[24.17222373806278,7.012796725784391],[24.161746248294705,7.082646657571566],[24.221118690313805,7.124556616643879],[24.388758526603027,7.110586630286441],[24.521473396998662,7.124556616643879],[24.580845839017762,7.173451568894897],[24.626248294679428,7.229331514324642]]]}},{"type":"Feature","id":"islands-25","properties":{"id":26,"name":"Driftmark","continent":"Westeros","layer":"islands","fid":"islands-25","slug":"driftmark"},"geometry":{"type":"Polygon","coordinates":[[[23.87885402455664,6.799754433833506],[23.938226466575742,6.761336971350552],[24.00807639836292,6.691487039563377],[24.02903137789907,6.635607094133647],[23.952196452933176,6.562264665757112],[23.861391541609848,6.551787175989027],[23.812496589358826,6.604174624829412],[23.756616643929082,6.583219645293262],[23.7042291950887,6.527339699863525],[23.665811732605754,6.4784447476124996],[23.58897680763986,6.481937244201852],[23.550559345156916,6.5238472032741655],[23.456261937244225,6.502892223738009],[23.3654570259209,6.534324693042237],[23.30259208731244,6.541309686220956],[23.292114597544366,6.4784447476124996],[23.22226466575719,6.419072305593396],[23.169877216916806,6.467967257844421],[23.18384720327424,6.544802182810315],[23.22226466575719,6.667039563437875],[23.260682128240134,6.75435197817184],[23.37244201909962,6.743874488403762],[23.491186903137812,6.698472032742103],[23.68327421555255,6.715934515688893],[23.812496589358826,6.778799454297349],[23.87885402455664,6.799754433833506]]]}},{"type":"Feature","id":"islands-26","properties":{"id":27,"name":"Tarth","continent":"Westeros","layer":"islands","fid":"islands-26","slug":"tarth"},"geometry":{"type":"MultiPolygon","coordinates":[[[[24.85326057298775,1.4143246930422535],[25.006930422919538,1.3165347885402028],[25.13964529331517,1.2187448840381592],[25.279345156889523,1.1488949522509841],[25.391105047749008,1.0371350613914956],[25.35618008185542,0.8904502046384266],[25.40507503410644,0.8345702592086965],[25.481909959072333,0.869495225102284],[25.523819918144643,0.8136152796725398],[25.565729877216945,0.8555252387448391],[25.64256480218284,0.8206002728512516],[25.62160982264669,0.506275579808964],[25.502864938608486,0.3526057298771761],[25.523819918144643,0.22687585266025678],[25.537789904502073,0.12908594815821317],[25.593669849931818,0.052251023192319224],[25.537789904502073,-0.080463847203319],[25.40507503410644,-0.13634379263305618],[25.307285129604395,-0.21317871759895013],[25.35618008185542,-0.28302864938612515],[25.43301500682131,-0.3039836289222819],[25.49587994542977,-0.4157435197817634],[25.481909959072333,-0.4855934515689384],[25.32824010914055,-0.5205184174625259],[25.2304502046385,-0.43669849931791305],[25.10472032742158,-0.44368349249663197],[24.96502046384723,-0.43669849931791305],[24.92311050477493,-0.31096862210100085],[24.874215552523903,-0.21317871759895013],[24.86024556616647,-0.06649386084587405],[24.790395634379294,0.02431105047744353],[24.713560709413397,0.073206002728476],[24.65069577080494,0.14305593451565102],[24.629740791268787,0.3595907230558879],[24.629740791268787,0.5202455661663947],[24.580845839017762,0.576125511596139],[24.552905866302893,0.6180354706684454],[24.636725784447503,0.6948703956343323],[24.692605729877247,0.7647203274215144],[24.727530695770835,0.8764802182809959],[24.776425648021856,0.9533151432468898],[24.748485675306984,1.0231650750340648],[24.699590723055962,1.0441200545702216],[24.748485675306984,1.2117598908594402],[24.713560709413397,1.239699863574316],[24.762455661664422,1.3165347885402028],[24.85326057298775,1.4143246930422535]]],[[[25.799727148703983,0.3770532060026923],[25.84512960436565,0.3700682128239734],[25.89053206002731,0.30371077762615784],[25.880054570259237,0.20592087312410712],[25.827667121418855,0.12210095497949425],[25.761309686221036,0.1255934515688537],[25.698444747612577,0.20242837653474055],[25.71590723055937,0.28275579809000106],[25.799727148703983,0.3770532060026923]]]]}},{"type":"Feature","id":"islands-27","properties":{"id":28,"name":"Estermont","continent":"Westeros","layer":"islands","fid":"islands-27","slug":"estermont"},"geometry":{"type":"MultiPolygon","coordinates":[[[[25.27934515688953,-3.3284856753070144],[25.282837653478886,-3.433260572987777],[25.2479126875853,-3.541527967257899],[25.178062755798123,-3.6288403819918713],[25.181555252387483,-3.712660300136477],[25.22346521145979,-3.8069577080491683],[25.1885402455662,-3.9012551159618525],[25.090750341064155,-3.9326875852660876],[25.027885402455695,-4.016507503410693],[24.95454297407916,-4.114297407912737],[24.87072305593455,-4.173669849931841],[24.69609822646661,-4.1562073669850434],[24.685620736698535,-4.030477489768131],[24.734515688949557,-3.93618008185544],[24.738008185538916,-3.8383901773533964],[24.727530695770838,-3.7545702592087835],[24.762455661664426,-3.695197817189687],[24.877708049113266,-3.6323328785812308],[24.996452933151467,-3.6288403819918713],[25.059317871759927,-3.565975443383408],[25.087257844474795,-3.457708049113293],[25.1885402455662,-3.3284856753070144],[25.22346521145979,-3.3005457025921388],[25.27934515688953,-3.3284856753070144]]],[[[25.49937244201913,-2.933833560709452],[25.576207366985024,-2.9687585266030396],[25.576207366985024,-3.0386084583902218],[25.49238744884041,-3.094488403819959],[25.457462482946823,-3.227203274215597],[25.373642564802214,-3.248158253751754],[25.345702592087342,-3.1294133697135464],[25.4085675306958,-3.0525784447476596],[25.49937244201913,-2.933833560709452]]]]}},{"type":"Feature","id":"islands-28","properties":{"id":29,"name":null,"continent":"Westeros","layer":"islands","fid":"islands-28"},"geometry":{"type":"Polygon","coordinates":[[[22.150068212824046,-4.711514324693091],[22.233888130968655,-4.732469304229248],[22.3316780354707,-4.802319236016423],[22.415497953615315,-4.830259208731299],[22.471377899045052,-4.830259208731299],[22.450422919508902,-4.962974079126923],[22.352633015006855,-5.067748976807692],[22.233888130968655,-5.088703956343842],[22.17800818553891,-5.018854024556667],[22.122128240109173,-4.969959072305649],[22.19197817189635,-4.886139154161036],[22.19197817189635,-4.830259208731299],[22.143083219645323,-4.795334242837711],[22.150068212824046,-4.711514324693091]]]}},{"type":"Feature","id":"islands-29","properties":{"id":30,"name":null,"continent":"Westeros","layer":"islands","fid":"islands-29"},"geometry":{"type":"Polygon","coordinates":[[[20.690204638472064,-4.43909959072311],[20.78799454297411,-4.397189631650804],[20.84387448840385,-4.425129604365679],[20.864829467940005,-4.477517053206057],[20.826412005457055,-4.536889495225154],[20.76005457025924,-4.557844474761303],[20.714652114597577,-4.620709413369767],[20.676234652114626,-4.634679399727204],[20.634324693042323,-4.589276944065531],[20.602892223738095,-4.536889495225154],[20.547012278308355,-4.498472032742214],[20.536534788540276,-4.43909959072311],[20.61686221009553,-4.428622100955039],[20.690204638472064,-4.43909959072311]]]}},{"type":"Feature","id":"islands-30","properties":{"id":31,"name":null,"continent":"Westeros","layer":"islands","fid":"islands-30"},"geometry":{"type":"Polygon","coordinates":[[[20.274597544338366,-4.477517053206057],[20.34444747612554,-4.557844474761303],[20.326984993178748,-4.641664392905916],[20.250150068212854,-4.6591268758527065],[20.14537517053209,-4.638171896316564],[20.08949522510235,-4.634679399727204],[20.099972714870425,-4.540381991814513],[20.169822646657604,-4.474024556616698],[20.274597544338366,-4.477517053206057]]]}},{"type":"Feature","id":"islands-31","properties":{"id":32,"name":"Bloodstone","continent":"Westeros","layer":"islands","fid":"islands-31","slug":"bloodstone"},"geometry":{"type":"Polygon","coordinates":[[[25.77877216916784,-5.224911323328833],[25.83814461118694,-5.196971350613957],[25.92545702592091,-5.3157162346521645],[26.061664392905904,-5.333178717598962],[26.145484311050513,-5.444938608458436],[26.141991814461157,-5.542728512960487],[26.121036834925004,-5.6405184174625305],[26.121036834925004,-5.727830832196496],[26.05467939972719,-5.829113233287906],[25.942919508867703,-5.874515688949572],[25.887039563437966,-5.9059481582538],[25.83814461118694,-6.0037380627558505],[25.824174624829507,-6.122482946794044],[25.7228922237381,-6.157407912687631],[25.60763983628926,-6.150422919508912],[25.604147339699903,-6.028185538881353],[25.541282401091443,-5.930395634379309],[25.52381991814465,-5.815143246930468],[25.541282401091443,-5.696398362892268],[25.673997271487078,-5.616070941337021],[25.768294679399766,-5.553206002728558],[25.750832196452972,-5.490341064120102],[25.764802182810403,-5.403028649386137],[25.771787175989125,-5.322701227830876],[25.757817189631687,-5.249358799454342],[25.77877216916784,-5.224911323328833]]]}},{"type":"Feature","id":"islands-32","properties":{"id":33,"name":"Grey Gallows","continent":null,"layer":"islands","fid":"islands-32","slug":"grey-gallows"},"geometry":{"type":"Polygon","coordinates":[[[28.293369713506177,-6.758117326057345],[28.314324693042327,-6.824474761255161],[28.240982264665796,-6.915279672578492],[28.268922237380668,-7.1248294679400175],[28.20256480218285,-7.254051841746296],[28.024447476125548,-7.484556616643978],[27.8672851296044,-7.49154160982269],[27.73806275579813,-7.61377899045025],[27.657735334242876,-7.638226466575759],[27.668212824010954,-7.540436562073722],[27.884747612551195,-7.383274215552575],[28.048894952251057,-7.257544338335656],[28.115252387448876,-7.166739427012324],[28.13271487039567,-7.061964529331561],[27.933642564802224,-7.030532060027326],[27.66122783083223,-7.020054570259255],[27.636780354706723,-6.960682128240151],[27.685675306957748,-6.936234652114649],[27.860300136425685,-6.9082946793997735],[27.986030013642605,-6.782564802182861],[28.094297407912723,-6.754624829467986],[28.293369713506177,-6.758117326057345]]]}},{"type":"Feature","id":"islands-33","properties":{"id":34,"name":"Stepstones","continent":null,"layer":"islands","fid":"islands-33","slug":"stepstones"},"geometry":{"type":"MultiPolygon","coordinates":[[[[26.795088676671252,-7.606793997271524],[26.823028649386124,-7.66965893587998],[26.86493860845843,-7.704583901773567],[26.641418826739468,-7.851268758526643],[26.557598908594855,-7.942073669849968],[26.501718963165118,-7.942073669849968],[26.508703956343833,-7.89317871759895],[26.54362892223742,-7.865238744884074],[26.641418826739468,-7.78840381991818],[26.662373806275617,-7.711568894952286],[26.795088676671252,-7.606793997271524]]],[[[28.876616643929097,-7.5509140518417865],[28.946466575716272,-7.568376534788577],[28.963929058663066,-7.5823465211460075],[28.925511596180122,-7.655688949522549],[28.873124147339738,-7.673151432469339],[28.84169167803551,-7.63124147339704],[28.84518417462487,-7.571869031377936],[28.876616643929097,-7.5509140518417865]]],[[[28.852169167803588,-6.7860572987722065],[28.922019099590763,-6.852414733970029],[28.862646657571663,-6.908294679399759],[28.803274215552563,-6.883847203274257],[28.803274215552563,-6.807012278308356],[28.852169167803588,-6.7860572987722065]]],[[[29.16998635743524,-6.3599727148704375],[29.23634379263305,-6.408867667121456],[29.27825375170536,-6.454270122783122],[29.257298772169207,-6.506657571623499],[29.302701227830873,-6.552060027285172],[29.348103683492536,-6.576507503410674],[29.341118690313817,-6.6254024556617],[29.267776261937286,-6.698744884038234],[29.15950886766716,-6.628894952251059],[29.117598908594857,-6.580000000000041],[28.98139154160986,-6.5695225102319625],[28.887094133697175,-6.552060027285172],[28.750886766712178,-6.548567530695813],[28.803274215552563,-6.482210095497997],[28.94995907230563,-6.44379263301505],[29.07219645293319,-6.4298226466576125],[29.16998635743524,-6.3599727148704375]]],[[[28.504665757162385,-5.4344611186903435],[28.50117326057303,-5.500818553888166],[28.48720327421559,-5.574160982264694],[28.396398362892263,-5.619563437926367],[28.42783083219649,-5.731323328785841],[28.36496589358803,-5.797680763983664],[28.299490317661302,-5.820577076244916],[28.24796725784452,-5.802919508867703],[28.14843110504779,-5.902455661664426],[28.006043106356934,-5.904159488898969],[27.97467939972719,-5.9504774897681045],[27.915306957708086,-5.97841746248298],[27.896971350613953,-6.035170532060057],[27.872523874488444,-6.0281855388813455],[27.848076398362934,-5.9897680763983985],[27.928403819918184,-5.912933151432497],[27.94237380627562,-5.825620736698532],[28.00523874488408,-5.790695770804945],[28.200818553888173,-5.780218281036866],[28.281145975443422,-5.741800818553919],[28.340518417462523,-5.668458390177385],[28.326548431105085,-5.553206002728551],[28.504665757162385,-5.4344611186903435]]],[[[27.280545702592125,-5.831732605729911],[27.38532060027289,-5.831732605729911],[27.42024556616648,-5.8945975443383745],[27.37833560709417,-5.96095497953619],[27.263083219645328,-6.051759890859522],[27.214188267394306,-6.107639836289266],[27.17926330150072,-6.07969986357439],[27.161800818553925,-5.981909959072347],[27.14433833560713,-5.908567530695812],[27.165293315143288,-5.891105047749015],[27.256098226466612,-5.9260300136426025],[27.277053206002766,-5.8945975443383745],[27.280545702592125,-5.831732605729911]]],[[[28.77882673942705,-5.0214733969986725],[28.7997817189632,-5.007503410641242],[28.897571623465247,-5.042428376534829],[28.904556616643962,-5.133233287858161],[28.848676671214225,-5.2380081855389236],[28.785811732605765,-5.203083219645336],[28.77882673942705,-5.0214733969986725]]],[[[28.981391541609856,-4.7350886766712605],[28.91154160982268,-4.825893587994585],[28.838199181446143,-4.770013642564848],[28.841691678035506,-4.73858117326062],[28.901064120054603,-4.7036562073670325],[28.949959072305628,-4.700163710777673],[28.981391541609856,-4.7350886766712605]]],[[[28.677544338335643,-4.396316507503457],[28.590231923601667,-4.577926330150113],[28.537844474761286,-4.707148703956392],[28.576261937244237,-4.804938608458436],[28.50641200545706,-4.916698499317917],[28.44703956343796,-4.920190995907269],[28.45751705320604,-4.846848567530742],[28.461009549795396,-4.804938608458436],[28.3422646657572,-4.7036562073670325],[28.30733969986361,-4.644283765347929],[28.296862210095533,-4.501091405184219],[28.251459754433867,-4.462673942701265],[28.18859481582541,-4.452196452933194],[28.286384720327455,-4.364884038199229],[28.345757162346555,-4.385839017735378],[28.398144611186936,-4.406793997271535],[28.5029195088677,-4.350914051841791],[28.569276944065518,-4.406793997271535],[28.677544338335643,-4.396316507503457]]],[[[27.727585266030047,-4.605866302864982],[27.713615279672613,-4.654761255116],[27.612332878581206,-4.766521145975489],[27.56693042291954,-4.9516234652115045],[27.525020463847238,-5.042428376534836],[27.476125511596216,-5.02147339699868],[27.42024556616647,-4.934160982264714],[27.416753069577112,-4.846848567530742],[27.4691405184175,-4.776998635743567],[27.48311050477493,-4.7036562073670325],[27.587885402455697,-4.6652387448840855],[27.647257844474794,-4.640791268758569],[27.664720327421588,-4.602373806275622],[27.727585266030047,-4.605866302864982]]],[[[27.221173260573025,-4.567448840382042],[27.277053206002762,-4.59888130968627],[27.20371077762623,-4.654761255116007],[27.189740791268793,-4.724611186903189],[27.21768076398366,-4.766521145975489],[27.189740791268793,-4.867803547066899],[27.137353342428412,-4.948130968622145],[26.948758526603033,-5.178635743519827],[26.90684856753073,-5.231023192360212],[26.89986357435201,-5.286903137789949],[26.84398362892227,-5.349768076398405],[26.693806275579842,-5.370723055934562],[26.58903137789908,-5.440572987721737],[26.52965893587998,-5.506930422919552],[26.491241473397032,-5.496452933151481],[26.512196452933185,-5.444065484311096],[26.585538881309724,-5.367230559345202],[26.609986357435233,-5.304365620736746],[26.662373806275614,-5.234515688949571],[26.662373806275614,-5.199590723055984],[26.609986357435233,-5.189113233287898],[26.62046384720331,-5.168158253751756],[26.690313778990486,-5.126248294679442],[26.6972987721692,-4.9900409276944515],[26.672851296043692,-4.972578444747661],[26.840491132332915,-4.8503410641201015],[26.952251023192392,-4.766521145975489],[27.081473396998668,-4.7036562073670325],[27.116398362892255,-4.623328785811772],[27.221173260573025,-4.567448840382042]]],[[[27.388813096862236,-3.215852660300186],[27.479618008185568,-3.2403001364257022],[27.504065484311077,-3.2787175989086563],[27.497080491132362,-3.345075034106465],[27.528512960436586,-3.39396998635749],[27.605347885402484,-3.4219099590723587],[27.633287858117352,-3.425402455661718],[27.629795361527997,-3.4987448840382527],[27.633287858117352,-3.5895497953615845],[27.52152796725787,-3.6209822646658125],[27.46914051841749,-3.603519781719015],[27.41326057298775,-3.554624829467997],[27.35039563437929,-3.5196998635744094],[27.371350613915443,-3.4498499317872344],[27.41675306957711,-3.3590450204639026],[27.388813096862236,-3.3031650750341583],[27.35738062755801,-3.285702592087368],[27.388813096862236,-3.215852660300186]]],[[[29.075688949522537,-3.013287858117387],[29.14553888130971,-3.069167803547117],[29.061718963165106,-3.121555252387502],[29.051241473397027,-3.1879126875853245],[29.00933151432472,-3.247285129604414],[28.92900409276947,-3.2891950886767276],[28.796289222373836,-3.338090040927746],[28.7229467939973,-3.3800000000000523],[28.656589358799483,-3.4603274215553057],[28.579754433833585,-3.579072305593513],[28.48196452933154,-3.593042291950944],[28.4260845839018,-3.5441473396999186],[28.363219645293345,-3.5511323328786375],[28.24447476125514,-3.631459754433891],[28.223519781718988,-3.5651023192360682],[28.289877216916807,-3.5301773533424807],[28.415607094133726,-3.4498499317872344],[28.51688949522513,-3.453342428376594],[28.61118690313782,-3.4288949522510777],[28.663574351978202,-3.3520600272851766],[28.674051841746277,-3.2787175989086563],[28.7823192360164,-3.1564802182810894],[28.908049113233314,-3.1040927694407046],[28.988376534788568,-3.107585266030064],[29.075688949522537,-3.013287858117387]]]]}},{"type":"Feature","id":"islands-34","properties":{"id":35,"name":null,"continent":"Essos","layer":"islands","fid":"islands-34"},"geometry":{"type":"MultiPolygon","coordinates":[[[[31.855652640964248,-9.018159435391237],[31.936043656207396,-9.12864938608464],[31.887148703956374,-9.212469304229252],[31.824283765347914,-9.456944065484372],[31.69156889495228,-9.617598908594871],[31.60774897680767,-9.757298772169229],[31.391214188267423,-9.792223738062816],[31.28643929058666,-9.86905866302871],[31.104829467940004,-9.952878581173316],[31.027994542974106,-10.036698499317929],[30.99306957708052,-10.12750341064126],[30.81844474761258,-10.260218281036884],[30.75557980900412,-10.078608458390235],[30.741609822646687,-9.917953615279728],[30.783519781718994,-9.778253751705378],[30.741609822646687,-9.666493860845897],[30.720654843110534,-9.51980900409282],[30.888294679399756,-9.596643929058722],[31.05593451568898,-9.673478854024616],[31.37025920873127,-9.666493860845897],[31.558854024556645,-9.60362892223744],[31.62870395634382,-9.46392905866309],[31.740463847203305,-9.429004092769503],[31.761418826739455,-9.233424283765409],[31.76738760997307,-9.064768237531077],[31.689912016757606,-8.95888627671059],[31.855652640964248,-9.018159435391237]]],[[[31.398199181446138,-10.141473396998691],[31.454079126875882,-10.19036834924971],[31.3423192360164,-10.371978171896373],[31.328349249658963,-10.448813096862267],[31.23754433833564,-10.518663028649442],[31.153724420191026,-10.595497953615336],[31.09784447476128,-10.581527967257898],[31.188649386084613,-10.525648021828154],[31.244529331514354,-10.420873124147391],[31.272469304229226,-10.344038199181504],[31.335334242837682,-10.28815825375176],[31.398199181446138,-10.141473396998691]]],[[[31.14673942701231,-9.118171896316554],[31.24802182810371,-9.208976807639885],[31.174679399727175,-9.271841746248342],[31.090859481582566,-9.292796725784491],[31.014024556616675,-9.27882673942706],[30.99656207366988,-9.247394270122832],[31.05593451568898,-9.198499317871814],[31.115306957708075,-9.191514324693088],[31.14673942701231,-9.118171896316554]]],[[[31.60076398362895,-9.28231923601642],[31.548376534788567,-9.310259208731289],[31.51345156889498,-9.359154160982314],[31.419154160982295,-9.348676671214236],[31.502974079126904,-9.27882673942706],[31.60076398362895,-9.28231923601642]]]]}},{"type":"Feature","id":"islands-35","properties":{"id":36,"name":null,"continent":"Essos","layer":"islands","fid":"islands-35"},"geometry":{"type":"MultiPolygon","coordinates":[[[[38.4879672578445,-9.065784447476211],[38.435579809004125,-9.09721691678044],[38.36572987721694,-9.132141882674027],[38.35525238744887,-9.188021828103764],[38.29587994542977,-9.184529331514405],[38.23650750341067,-9.226439290586711],[38.14570259208734,-9.174051841746333],[38.15618008185542,-9.10769440654851],[38.194597544338365,-9.10769440654851],[38.25396998635746,-9.11467939972723],[38.320327421555284,-9.083246930423002],[38.41113233287861,-9.030859481582624],[38.4879672578445,-9.065784447476211]]],[[[37.98504774897684,-9.345184174624912],[38.03394270122786,-9.401064120054656],[38.03394270122786,-9.47091405184183],[37.9710777626194,-9.509331514324778],[37.943137789904526,-9.523301500682209],[37.90122783083222,-9.460436562073745],[37.943137789904526,-9.39407912687593],[37.98504774897684,-9.345184174624912]]],[[[38.047912687585296,-9.820163710777706],[38.12824010914054,-9.834133697135144],[38.10379263301503,-9.910968622101038],[38.03743519781722,-9.973833560709494],[38.02695770804914,-10.0157435197818],[37.99203274215555,-9.977326057298853],[38.01648021828106,-9.87953615279681],[38.047912687585296,-9.820163710777706]]],[[[39.16201909959075,-9.802701227830916],[39.19694406548434,-9.802701227830916],[39.18646657571626,-9.86207366985002],[39.20392905866306,-9.89350613915424],[39.259809004092794,-9.966848567530782],[39.34362892223741,-9.959863574352056],[39.382046384720354,-10.036698499317957],[39.44491132332881,-10.075115961800904],[39.493806275579836,-10.082100954979616],[39.44141882673946,-10.13448840382],[39.4798362892224,-10.190368349249738],[39.52873124147342,-10.228785811732685],[39.52174624829471,-10.260218281036913],[39.42744884038202,-10.249740791268842],[39.375061391541635,-10.15544338335615],[39.29473396998638,-10.120518417462563],[39.242346521146004,-10.040190995907317],[39.14455661664395,-9.935416098226554],[39.0816916780355,-9.924938608458469],[39.06073669849935,-9.87255115961809],[39.06772169167806,-9.823656207367065],[39.113124147339725,-9.823656207367065],[39.13757162346524,-9.844611186903222],[39.14455661664395,-9.806193724420275],[39.16201909959075,-9.802701227830916]]]]}},{"type":"Feature","id":"islands-36","properties":{"id":37,"name":null,"continent":"Essos","layer":"islands","fid":"islands-36"},"geometry":{"type":"Polygon","coordinates":[[[44.56141882673945,-10.316098226466622],[44.641746248294695,-10.392933151432516],[44.69413369713508,-10.469768076398417],[44.68714870395637,-10.525648021828147],[44.65571623465214,-10.581527967257891],[44.61031377899047,-10.525648021828147],[44.592851296043676,-10.473260572987769],[44.53697135061393,-10.43484311050483],[44.488076398362914,-10.44881309686226],[44.470613915416116,-10.371978171896366],[44.56141882673945,-10.316098226466622]]]}},{"type":"Feature","id":"islands-37","properties":{"id":38,"name":null,"continent":"Essos","layer":"islands","fid":"islands-37"},"geometry":{"type":"MultiPolygon","coordinates":[[[[51.04698499317874,-13.417435197817241],[51.0923874488404,-13.396480218281084],[51.19716234652117,-13.386002728513006],[51.26002728512963,-13.330122783083269],[51.35781718963167,-13.281227830832243],[51.43465211459757,-13.31615279672583],[51.364802182810394,-13.368540245566209],[51.235579809004115,-13.403465211459796],[51.1517598908595,-13.452360163710829],[51.03301500682131,-13.487285129604416],[51.04698499317874,-13.417435197817241]]],[[[51.644201909959094,-13.68286493860851],[51.82930422919512,-13.637462482946837],[51.85724420190998,-13.752714870395685],[51.85724420190998,-13.885429740791317],[51.923601637107794,-13.955279672578492],[52.08076398362894,-13.958772169167851],[52.10521145975446,-14.143874488403867],[52.129658935879974,-14.220709413369761],[52.10521145975446,-14.26960436562078],[51.97948158253754,-14.262619372442074],[51.84676671214191,-14.220709413369761],[51.71405184174627,-14.241664392905918],[51.52894952251026,-14.297544338335655],[51.438144611186935,-14.395334242837706],[51.287967257844485,-14.426766712141927],[51.29844474761258,-14.311514324693093],[51.371787175989105,-14.196261937244259],[51.521964529331534,-14.115934515688991],[51.64070941336974,-14.039099590723097],[51.67912687585268,-13.94130968622106],[51.65817189631654,-13.833042291950946],[51.644201909959094,-13.68286493860851]]]]}},{"type":"Feature","id":"islands-38","properties":{"id":39,"name":null,"continent":"Essos","layer":"islands","fid":"islands-38"},"geometry":{"type":"MultiPolygon","coordinates":[[[[31.319618008185557,16.70360163710771],[31.291678035470685,16.661691678035403],[31.225320600272873,16.633751705320535],[31.151978171896335,16.6791541609822],[31.186903137789923,16.72455661664386],[31.249768076398382,16.731541609822578],[31.319618008185557,16.70360163710771]]],[[[31.054188267394288,16.74201909959065],[30.984338335607113,16.686139154160912],[31.008785811732626,16.630259208731175],[30.973860845839035,16.623274215552456],[30.928458390177376,16.70010914051835],[30.963383356070963,16.74201909959065],[31.054188267394288,16.74201909959065]]],[[[31.012278308321985,16.521991814461046],[31.08562073669852,16.515006821282334],[31.127530695770826,16.480081855388747],[31.141500682128257,16.427694406548362],[31.075143246930445,16.44864938608452],[31.054188267394288,16.48706684856746],[31.012278308321985,16.521991814461046]]]]}},{"type":"Feature","id":"islands-39","properties":{"id":40,"name":null,"continent":"Essos","layer":"islands","fid":"islands-39"},"geometry":{"type":"Polygon","coordinates":[[[35.32900409276947,14.10518417462476],[35.40758526603005,14.089467939972643],[35.46346521145979,14.012633015006756],[35.45124147339703,13.951514324692972],[35.3604365620737,13.96897680763977],[35.299317871759925,14.052796725784376],[35.32900409276947,14.10518417462476]]]}},{"type":"Feature","id":"islands-40","properties":{"id":41,"name":null,"continent":"Essos","layer":"islands","fid":"islands-40"},"geometry":{"type":"MultiPolygon","coordinates":[[[[37.85058663028652,15.599972714870326],[37.930914051841775,15.599972714870326],[37.95885402455664,15.474242837653406],[38.01124147339703,15.383437926330082],[38.077598908594844,15.327557980900345],[38.0217189631651,15.257708049113162],[37.98330150068215,15.180873124147269],[37.98330150068215,15.124993178717531],[37.93440654843113,15.079590723055865],[37.90995907230562,15.1529331514324],[37.944884038199206,15.243738062755725],[37.923929058663056,15.320572987721626],[37.91345156889498,15.355497953615213],[37.927421555252415,15.407885402455591],[37.90646657571626,15.463765347885335],[37.87852660300139,15.54060027285123],[37.85058663028652,15.599972714870326]]],[[[37.23590723055937,15.124993178717531],[37.312742155525264,15.118008185538812],[37.43148703956347,15.111023192360094],[37.51530695770808,15.04466575716227],[37.58515688949525,14.978308321964455],[37.60261937244205,14.89099590723049],[37.67945429740794,14.838608458390105],[37.70040927694409,14.737326057298702],[37.651514324693075,14.615088676671142],[37.70739427012281,14.541746248294608],[37.808676671214215,14.450941336971283],[37.812169167803575,14.321718963165004],[37.60611186903141,14.304256480218207],[37.50832196452936,14.360136425647951],[37.410532060027315,14.36712141882667],[37.35115961800822,14.426493860845767],[37.21495225102322,14.447448840381924],[37.13462482946797,14.450941336971283],[36.96698499317875,14.594133697134986],[36.81680763983632,14.604611186903064],[36.6736152796726,14.660491132332808],[36.600272851296076,14.737326057298702],[36.509467939972744,14.758281036834852],[36.191396375589505,14.781394979106393],[36.1647899367286,14.846418880450239],[36.362783083219675,14.957353342428306],[36.495497953615306,14.943383356070868],[36.61075034106415,14.852578444747543],[36.7329877216917,14.824638472032674],[36.86570259208734,14.7547885402455],[36.98095497953618,14.761773533424218],[37.120654843110536,14.737326057298702],[37.22193724420194,14.674461118690246],[37.34068212824014,14.660491132332808],[37.4454570259209,14.695416098226396],[37.49085948158257,14.7547885402455],[37.539754433833586,14.838608458390105],[37.51181446111872,14.901473396998568],[37.44196452933154,15.00974079126869],[37.38259208731244,14.999263301500612],[37.21495225102322,15.023710777626121],[37.23590723055937,15.124993178717531]]],[[[36.69806275579812,15.226275579808934],[36.760927694406575,15.229768076398287],[36.85173260572991,15.191350613915347],[36.83427012278311,15.124993178717524],[36.75394270122786,15.17388813096855],[36.7085402455662,15.191350613915347],[36.69806275579812,15.226275579808934]]]]}},{"type":"Feature","id":"islands-41","properties":{"id":42,"name":"Ax Isle","continent":"Sothoryos","layer":"islands","fid":"islands-41","slug":"ax-isle"},"geometry":{"type":"Polygon","coordinates":[[[67.0792905866303,-29.547530695770888],[67.28884038199182,-29.617380627558063],[67.46346521145976,-29.526575716234746],[67.68698499317873,-29.687230559345238],[67.69396998635744,-29.826930422919602],[67.65904502046385,-29.973615279672657],[67.70793997271488,-30.078390177353427],[67.63110504774899,-30.15522510231932],[67.52633015006822,-30.05045020463855],[67.42155525238745,-30.05743519781727],[67.26090040927696,-30.16919508867676],[67.15612551159619,-30.20412005457034],[67.05833560709414,-30.33683492496597],[66.89768076398363,-30.406684856753145],[66.83481582537519,-30.518444747612634],[66.63225102319237,-30.518444747612634],[66.67416098226468,-30.469549795361615],[66.82084583901775,-30.462564802182882],[66.91863574351979,-30.322864938608532],[67.03039563437927,-30.25301500682137],[67.14333190533928,-30.093553597361677],[67.30758828221369,-29.959640830060778],[67.19803547066849,-29.91773533424292],[67.01642564802184,-29.840900409277026],[67.0792905866303,-29.547530695770888]]]}},{"type":"Feature","id":"islands-42","properties":{"id":43,"name":"Isle of Toads","continent":"Sothyrios","layer":"islands","fid":"islands-42","slug":"isle-of-toads"},"geometry":{"type":"Polygon","coordinates":[[[62.75208731241472,-31.957353342428448],[62.856862210095485,-32.13197817189639],[62.95465211459753,-32.13896316507511],[62.856862210095485,-32.27167803547074],[62.78701227830831,-32.34152796725792],[62.64731241473396,-32.22976807639846],[62.67525238744883,-32.076098226466655],[62.75208731241472,-31.957353342428448]]]}},{"type":"Feature","id":"islands-43","properties":{"id":44,"name":"Isle of Tears","continent":"Sothyrios","layer":"islands","fid":"islands-43","slug":"isle-of-tears"},"geometry":{"type":"Polygon","coordinates":[[[61.934843110504765,-32.78856753069586],[61.9907230559345,-32.991132332878664],[61.980245566166424,-33.10987721691687],[61.91738062755797,-33.16226466575725],[61.798635743519775,-33.179727148704046],[61.68338335607093,-33.23560709413378],[61.554160982264655,-33.33688949522519],[61.49129604365619,-33.3857844474762],[61.46684856753069,-33.47309686221017],[61.52622100954978,-33.570886766712206],[61.452878581173245,-33.69661664392913],[61.28174624829467,-33.71757162346529],[60.94297407912686,-33.71757162346529],[60.84169167803546,-33.65470668485683],[60.8381991814461,-33.55342428376542],[60.94646657571622,-33.431186903137856],[60.918526603001354,-33.36133697135068],[60.778826739427,-33.33339699863582],[60.72993178717598,-33.2425920873125],[60.84867667121418,-33.120354706684935],[60.97440654843109,-32.991132332878664],[60.98837653478853,-32.86889495225111],[61.01980900409276,-32.743165075034184],[61.12109140518416,-32.64188267394279],[61.26079126875851,-32.61045020463855],[61.575115961800805,-32.63489768076407],[61.78466575716233,-32.72919508867675],[61.934843110504765,-32.78856753069586]]]}},{"type":"Feature","id":"islands-44","properties":{"id":45,"name":null,"continent":"Sothyrios","layer":"islands","fid":"islands-44"},"geometry":{"type":"Polygon","coordinates":[[[55.57326057298773,-34.5662482946795],[55.597708049113244,-34.622128240109234],[55.49293315143248,-34.68499317871769],[55.384665757162345,-34.62212824010919],[55.40212824010915,-34.569740791268856],[55.57326057298773,-34.5662482946795]]]}},{"type":"Feature","id":"islands-45","properties":{"id":46,"name":null,"continent":"Sothyrios","layer":"islands","fid":"islands-45"},"geometry":{"type":"Polygon","coordinates":[[[55.1611459754434,-35.00630286493866],[55.203055934515696,-35.06218281036841],[55.15765347885404,-35.08663028649393],[55.14019099590724,-35.139017735334306],[55.178608458390194,-35.18092769440662],[55.192578444747625,-35.222837653478905],[55.23099590723057,-35.24728512960442],[55.206548431105055,-35.34507503410647],[55.15066848567532,-35.428894952251085],[55.10177353342429,-35.38000000000005],[55.13669849931788,-35.26125511596187],[55.0843110504775,-35.06567530695777],[55.1611459754434,-35.00630286493866]]]}},{"type":"Feature","id":"islands-46","properties":{"id":47,"name":null,"continent":"Sothyrios","layer":"islands","fid":"islands-46"},"geometry":{"type":"Polygon","coordinates":[[[54.79792633015008,-35.47429740791274],[54.86079126875854,-35.55113233287864],[54.87126875852661,-35.65241473397006],[54.94461118690315,-35.77115961800824],[54.93413369713507,-35.77115961800824],[54.804911323328795,-35.69781718963172],[54.73855388813098,-35.634952251023265],[54.7455388813097,-35.5371623465212],[54.79792633015008,-35.47429740791274]]]}},{"type":"Feature","id":"islands-47","properties":{"id":48,"name":null,"continent":"Sothyrios","layer":"islands","fid":"islands-47"},"geometry":{"type":"Polygon","coordinates":[[[57.40332878581174,-35.767667121418896],[57.52905866302866,-35.77115961800824],[57.54302864938609,-35.841009549795416],[57.45920873124148,-35.851487039563494],[57.420791268758535,-35.806084583901836],[57.40332878581174,-35.767667121418896]]]}},{"type":"Feature","id":"islands-48","properties":{"id":49,"name":null,"continent":"Sothyrios","layer":"islands","fid":"islands-48"},"geometry":{"type":"Polygon","coordinates":[[[57.51508867667122,-35.91784447476131],[57.54652114597545,-35.90387448840387],[57.658281036834936,-35.991186903137844],[57.560491132332885,-36.04357435197822],[57.47667121418827,-35.945784447476186],[57.51508867667122,-35.91784447476131]]]}},{"type":"Feature","id":"islands-49","properties":{"id":50,"name":"Naath","continent":"Sothyrios","layer":"islands","fid":"islands-49","slug":"naath"},"geometry":{"type":"MultiPolygon","coordinates":[[[[53.71525238744886,-33.200682128240175],[53.83508230273956,-33.03959929129202],[53.801119171249766,-32.85943658036615],[53.51606521443333,-32.60539130363965],[53.330388463325505,-32.63898852120818],[53.16520541914123,-32.56528831274446],[52.99553702170941,-32.662174532350605],[52.994166575451736,-32.88423535490398],[53.1377941376939,-33.05782429922651],[53.16693042291951,-33.20068212824019],[53.12095590573042,-33.26833348015235],[53.21971296336684,-33.384497690556984],[53.25999197077037,-33.46357456250665],[53.209064691487136,-33.56064392614992],[53.02024556616645,-33.714079126875916],[52.848553347805456,-33.825033770345286],[52.49986357435199,-34.175088676671265],[52.282118526977094,-34.19288426974069],[52.18204638472034,-34.32177353342435],[52.080763983628934,-34.46496589358806],[51.962019099590734,-34.50687585266036],[51.9899590723056,-34.2484311050478],[52.12267394270124,-34.15064120054576],[52.05980900409278,-34.059836289222446],[52.20649386084585,-33.80139154160989],[52.38810368349251,-33.84330150068219],[52.64654843110506,-33.766466575716294],[52.92594815825376,-33.46611186903145],[53.002783083219654,-33.31244201909965],[52.84911323328787,-33.1727421555253],[52.83514324693043,-33.08193724420197],[52.74433833560711,-32.963192360163774],[52.55574351978173,-32.80253751705327],[52.55574351978173,-32.64886766712149],[52.75132332878582,-32.432332878581235],[52.96087312414735,-32.32057298772176],[53.27519781718965,-32.34851296043662],[53.526657571623474,-32.299618008185604],[53.63143246930424,-32.35549795361534],[53.84796725784449,-32.64886766712149],[53.94575716234654,-32.6977626193725],[53.9736971350614,-32.99811732605737],[53.71525238744886,-33.200682128240175]]],[[[53.30663028649386,-32.90381991814468],[53.35901773533425,-32.93874488403826],[53.42886766712143,-32.984147339699916],[53.43585266030014,-33.09241473397006],[53.42886766712143,-33.14480218281044],[53.383465211459765,-33.151787175989156],[53.35203274215554,-33.12035470668492],[53.37648021828104,-33.022564802182885],[53.3380627557981,-32.99462482946801],[53.30663028649386,-32.90381991814468]]]]}},{"type":"Feature","id":"islands-50","properties":{"id":51,"name":"Basilisk Isles","continent":"Sothyrios","layer":"islands","fid":"islands-50","slug":"basilisk-isles"},"geometry":{"type":"MultiPolygon","coordinates":[[[[65.81849931787175,-30.043465211459832],[65.87437926330149,-30.085375170532146],[65.8394542974079,-30.211105047749058],[65.76960436562072,-30.16919508867676],[65.76960436562072,-30.09236016371085],[65.81849931787175,-30.043465211459832]]],[[[64.91045020463847,-30.141255115961883],[64.91045020463847,-30.273969986357514],[64.81964529331513,-30.34381991814469],[64.8056753069577,-30.462564802182882],[64.74281036834924,-30.58130968622109],[64.7288403819918,-30.497489768076477],[64.75678035470668,-30.34381991814469],[64.82663028649385,-30.266984993178795],[64.91045020463847,-30.141255115961883]]],[[[64.72185538881308,-28.52073669849939],[64.72185538881308,-28.6394815825376],[64.60311050477489,-28.73028649386093],[64.4843656207367,-28.821091405184248],[64.29577080491131,-28.988731241473474],[64.2119508867667,-28.91189631650758],[64.28180081855388,-28.786166439290668],[64.39356070941336,-28.744256480218368],[64.54723055934514,-28.681391541609898],[64.58914051841745,-28.604556616644004],[64.72185538881308,-28.52073669849939]]],[[[62.68223738062755,-30.120300136425726],[62.53555252387448,-30.364774897680846],[62.39585266030013,-30.560354706684947],[62.298062755798085,-30.57432469304237],[62.326002728512954,-30.490504774897758],[62.42379263301499,-30.420654843110583],[62.493642564802165,-30.30889495225111],[62.50062755798089,-30.246030013642653],[62.68223738062755,-30.120300136425726]]],[[[63.58330150068212,-30.839754433833647],[63.618226466575706,-30.93055934515698],[63.67410641200545,-30.99342428376542],[63.56933151432469,-31.021364256480297],[63.520436562073655,-30.909604365620822],[63.58330150068212,-30.839754433833647]]],[[[60.53085948158253,-33.53246930422927],[60.56927694406547,-33.59533424283772],[60.52736698499317,-33.64073669849941],[60.4819645293315,-33.59184174624838],[60.53085948158253,-33.53246930422927]]],[[[60.66357435197816,-33.0051023192361],[60.65658935879944,-33.07495225102328],[60.60769440654842,-33.116862210095576],[60.551814461118674,-33.20766712141891],[60.46799454297407,-33.20068212824019],[60.499427012278296,-33.123847203274295],[60.58673942701226,-32.99811732605738],[60.66357435197816,-33.0051023192361]]],[[[60.47497953615279,-32.68379263301509],[60.47497953615279,-32.732687585266106],[60.35972714870394,-32.785075034106484],[60.18859481582536,-32.88984993178725],[60.118744884038186,-32.83047748976814],[60.30035470668485,-32.743165075034184],[60.384174624829456,-32.72221009549803],[60.47497953615279,-32.68379263301509]]],[[[60.02793997271486,-33.577871759890954],[60.0663574351978,-33.59184174624839],[60.08032742155524,-33.717571623465304],[60.03143246930421,-33.7769440654844],[60.006984993178705,-33.76297407912696],[60.03143246930421,-33.672169167803645],[60.02793997271486,-33.577871759890954]]],[[[58.87890859481584,-33.015579809004194],[58.86843110504776,-33.06796725784457],[58.78810368349251,-33.102892223738166],[58.725238744884045,-33.16575716234662],[58.63094133697137,-33.27402455661675],[58.589031377899055,-33.24259208731252],[58.64141882673944,-33.148294679399825],[58.74968622100956,-33.06098226466585],[58.79508867667122,-33.02954979536163],[58.87890859481584,-33.015579809004194]]],[[[58.0930968622101,-34.17858117326067],[58.14897680763985,-34.23446111869042],[58.0511869031378,-34.31828103683502],[57.960381991814465,-34.503383356071026],[57.89402455661665,-34.54529331514334],[57.8556070941337,-34.503383356071026],[57.918472032742166,-34.42654843110515],[57.96736698499319,-34.290341064120156],[58.0930968622101,-34.17858117326067]]],[[[57.97260572987722,-32.598226466575824],[58.00927694406549,-32.66633015006832],[57.97609822646658,-32.7099863574353],[57.89577080491133,-32.75364256480229],[57.827667121418834,-32.76062755798101],[57.77353342428377,-32.71347885402466],[57.8556070941337,-32.64362892223748],[57.97260572987722,-32.598226466575824]]],[[[57.57969986357436,-32.68553888130978],[57.75257844474761,-32.79729877216927],[57.63383356070942,-32.91080491132344],[57.49762619372443,-32.79206002728523],[57.57969986357436,-32.68553888130978]]],[[[58.840491132332865,-31.747803547066937],[58.9492871853333,-31.893835354800217],[59.05877216916778,-31.96084583901782],[59.20371077762618,-31.92417462482956],[59.37675016701081,-31.851699389149942],[59.43770804911322,-31.83162346521155],[59.51903042113041,-31.681650080269762],[59.67445570883296,-31.709279404584166],[59.74854024556615,-31.601118690313868],[59.83934515688948,-31.573178717599006],[59.884747612551145,-31.622073669850025],[59.91268758526601,-31.814160982264752],[59.84109140518416,-31.945129604365718],[59.790450204638454,-32.03418826739437],[59.77997271487038,-32.16690313779],[59.69964529331513,-32.236753069577176],[59.70313778990449,-32.11451568894961],[59.647257844474744,-32.12150068212834],[59.53899045020462,-32.22976807639846],[59.40278308321963,-32.31358799454307],[59.22117326057297,-32.345020463847305],[59.03956343792632,-32.45328785811742],[58.94526603001363,-32.41487039563448],[59.00813096862208,-32.28564802182821],[59.0151159618008,-32.12499317871769],[58.92780354706684,-31.971323328785914],[58.81255115961799,-31.93989085948168],[58.7357162346521,-31.83511596180091],[58.77064120054569,-31.772251023192453],[58.840491132332865,-31.747803547066937]]],[[[57.30204638472031,-31.700654843110584],[57.37888130968621,-31.68668485675316],[57.59192360163709,-31.73208731241482],[57.68272851296042,-31.69716234652124],[57.72114597544337,-31.69716234652124],[57.89577080491131,-31.665729877217004],[58.02499317871759,-31.6831923601638],[57.98308321964528,-31.73557980900418],[57.86084583901772,-31.77399727148712],[57.7351159618008,-31.82987721691687],[57.6338335607094,-31.854324693042386],[57.30903137789903,-31.945129604365704],[57.249658935879935,-31.808922237380713],[57.30204638472031,-31.700654843110584]]],[[[58.8038199181446,-30.022510231923675],[58.90859481582537,-29.9945702592088],[59.062264665757155,-30.06791268758535],[59.226412005457014,-30.08537517053213],[59.303246930422915,-30.08537517053213],[59.48136425648021,-30.19364256480226],[59.6031205951247,-30.290272696851986],[59.67345156889495,-30.403192360163786],[59.715361527967254,-30.53241473397007],[59.729331514324684,-30.66512960436569],[59.61058663028649,-30.76291950886774],[59.51279672578444,-30.923574351978246],[59.4150068212824,-30.99342428376542],[59.40802182810368,-31.09121418826747],[59.446439290586625,-31.168049113233366],[59.37309686221009,-31.14709413369721],[59.34515688949522,-31.056289222373877],[59.37846993388603,-30.943454717179208],[59.45342428376534,-30.81879945429749],[59.563437926330145,-30.614488403820005],[59.564611142828745,-30.57552783926198],[59.511120327421544,-30.501471214188328],[59.29975443383355,-30.392714870395707],[59.24387448840381,-30.29317871759899],[59.15091671795625,-30.220351813667037],[58.89811732605729,-30.214597544338417],[58.80032742155524,-30.10633015006829],[58.8038199181446,-30.022510231923675]]],[[[59.13386084583901,-30.57432469304237],[59.17926330150067,-30.58480218281045],[59.24212824010913,-30.651159618008265],[59.203710777626185,-30.71053206002736],[59.207203274215544,-30.81530695770813],[59.109413369713494,-30.766412005457113],[59.03956343792632,-30.62321964529339],[59.13386084583901,-30.57432469304237]]],[[[60.84518417462482,-29.942182810368436],[60.88709413369712,-29.973615279672657],[60.86264665757162,-30.074897680764067],[60.80327421555251,-29.994570259208814],[60.84518417462482,-29.942182810368436]]],[[[60.85566166439289,-30.162210095498025],[60.89058663028648,-30.162210095498025],[60.925511596180066,-30.273969986357514],[60.922019099590706,-30.350804911323408],[60.83470668485674,-30.500982264665836],[60.8207366984993,-30.33683492496597],[60.866139154160976,-30.260000000000076],[60.85566166439289,-30.162210095498025]]],[[[61.176971350613925,-30.287939972714966],[61.208403819918146,-30.30540245566175],[61.175389666733125,-30.50531423964182],[61.13156889495225,-30.65465211459764],[61.103628922237384,-30.78038199181455],[61.082673942701234,-30.958499317871855],[61.06521145975444,-31.06327421555261],[61.10712141882675,-31.094706684856845],[61.068703956343796,-31.21345156889504],[61.13156889495225,-31.290286493860933],[61.20491132332879,-31.248376534788633],[61.26079126875853,-31.1750341064121],[61.25380627557981,-31.042319236016453],[61.32016371077763,-30.909604365620822],[61.365566166439294,-30.92706684856762],[61.362073669849934,-31.03184174624839],[61.28174624829469,-31.192496589358896],[61.208403819918146,-31.45792633015016],[61.103628922237384,-31.59064120054579],[61.00583901773533,-31.691923601637185],[60.953451568894955,-31.68843110504784],[60.90455661664393,-31.796698499317955],[60.92551159618009,-31.880518417462568],[60.880109140518414,-31.880518417462568],[60.838199181446114,-31.667476125511683],[60.79978171896317,-31.566193724420287],[60.58673942701228,-31.471896316507596],[60.47497953615281,-31.44395634379272],[60.37718963165076,-31.34965893588003],[60.38417462482948,-31.199481582537615],[60.527366984993186,-31.26234652114607],[60.61223977021848,-31.2784319904341],[60.79375660324152,-31.30695051861194],[60.91154160982264,-31.199481582537615],[60.80847263558884,-31.075996927346537],[60.685729332161436,-30.975287232431327],[60.6722302286755,-30.8336330995579],[60.7604979240933,-30.800863826837883],[60.83360002873491,-30.886808545788497],[60.86508394262941,-30.990981021968636],[60.95294796564499,-31.050290731529685],[61.0144277847793,-30.9883040578938],[61.01339142253611,-30.81808710757788],[61.11471027464442,-30.495446889983384],[61.176971350613925,-30.287939972714966]]]]}},{"type":"Feature","id":"islands-51","properties":{"id":52,"name":"Ghaen","continent":"Essos","layer":"islands","fid":"islands-51","slug":"ghaen"},"geometry":{"type":"MultiPolygon","coordinates":[[[[66.00884038199185,-23.582346521146007],[65.99487039563441,-23.736016371077795],[65.82723055934518,-23.756971350613952],[65.8691405184175,-23.62425648021832],[66.00884038199185,-23.582346521146007]]],[[[66.62351978171898,-23.233096862210132],[66.70035470668489,-23.309931787176026],[66.81211459754437,-23.52646657571627],[66.76321964529333,-23.589331514324726],[66.65145975443386,-23.442646657571657],[66.5885948158254,-23.34485675306962],[66.62351978171898,-23.233096862210132]]],[[[67.31503410641203,-23.358826739427045],[67.18930422919512,-23.24706684856757],[67.04960436562077,-23.093396998635782],[67.01467939972717,-22.786057298772207],[66.88894952251026,-22.730177353342455],[66.70035470668489,-22.73716234652119],[66.45587994542977,-22.688267394270156],[66.33015006821286,-22.653342428376575],[65.93200545702595,-22.667312414734013],[65.85517053206006,-22.820982264665787],[65.79230559345159,-23.00259208731245],[65.75039563437929,-22.974652114597575],[65.70848567530699,-22.555552523874525],[65.82024556616646,-22.33901773533428],[65.77833560709416,-22.185347885402493],[65.9110504774898,-22.07358799454302],[66.10663028649388,-22.038663028649424],[66.43492496589361,-22.017708049113267],[66.59557980900412,-21.982783083219687],[66.74924965893591,-21.891978171896355],[67.08452933151435,-21.982783083219687],[67.1404092769441,-22.136452933151475],[67.03563437926333,-22.19233287858121],[67.03563437926333,-22.35298772169172],[67.19628922237384,-22.548567530695806],[67.2242291950887,-22.793042291950925],[67.21724420190998,-22.96766712141887],[67.30804911323331,-23.086412005457063],[67.28709413369715,-23.212141882673976],[67.31503410641203,-23.358826739427045]]]]}},{"type":"Feature","id":"islands-52","properties":{"id":53,"name":null,"continent":"Essos","layer":"islands","fid":"islands-52"},"geometry":{"type":"Polygon","coordinates":[[[50.977135061391564,-18.301691678035482],[51.03301500682131,-18.45536152796727],[50.935225102319265,-18.650941336971357],[51.14477489768079,-19.36341064120056],[51.116834924965914,-19.558990450204632],[50.977135061391564,-19.796480218281047],[50.949195088676696,-20.033969986357448],[50.86537517053209,-19.712660300136434],[50.977135061391564,-19.293560709413384],[50.90728512960439,-19.139890859481582],[50.76758526603004,-19.167830832196458],[50.76758526603004,-19.056070941336984],[50.86537517053209,-18.888431105047744],[50.837435197817214,-18.73476125511597],[50.73964529331517,-18.567121418826744],[50.823465211459784,-18.427421555252394],[50.977135061391564,-18.301691678035482]]]}},{"type":"Feature","id":"islands-53","properties":{"id":54,"name":null,"continent":"Essos","layer":"islands","fid":"islands-53"},"geometry":{"type":"Polygon","coordinates":[[[51.20065484311053,-22.352987721691704],[51.256534788540264,-22.730177353342455],[51.41020463847205,-22.841937244201944],[51.34035470668488,-22.967667121418856],[51.43814461118692,-22.995607094133717],[51.57784447476128,-23.107366984993206],[51.5499045020464,-23.33088676671217],[51.731514324693066,-23.386766712141906],[51.81533424283767,-23.484556616643957],[51.871214188267416,-23.791896316507533],[51.92709413369715,-23.95953615279676],[51.773424283765365,-24.029386084583933],[51.60578444747615,-23.903656207367007],[51.67563437926332,-23.652196452933183],[51.53593451568897,-23.484556616643957],[51.382264665757184,-23.261036834924994],[51.28447476125513,-23.093396998635768],[51.28447476125513,-22.855907230559367],[51.13080491132335,-22.674297407912704],[51.116834924965914,-22.46474761255118],[51.20065484311053,-22.352987721691704]]]}},{"type":"Feature","id":"islands-54","properties":{"id":55,"name":null,"continent":"Essos","layer":"islands","fid":"islands-54"},"geometry":{"type":"Polygon","coordinates":[[[52.283328785811754,-18.930341064120086],[52.72338335607096,-19.097980900409297],[52.78624829467942,-19.37738062755801],[52.681473396998655,-19.733615279672605],[52.47192360163713,-20.020000000000024],[52.38810368349252,-20.18763983628925],[52.402073669849955,-20.39718963165079],[52.276343792633035,-20.592769440654862],[52.23443383356073,-20.746439290586665],[52.430013642564816,-20.81628922237384],[52.667503410641224,-20.70452933151435],[52.75132332878583,-20.43909959072309],[52.83514324693044,-20.369249658935914],[53.058663028649406,-20.42512960436565],[53.19836289222376,-20.453069577080512],[52.98881309686223,-20.774379263301526],[53.07263301500684,-20.90010914051844],[53.17042291950889,-21.039809004092803],[53.0167530695771,-21.23538881309689],[52.76529331514326,-21.333178717598926],[52.24840381991817,-21.416998635743553],[52.06679399727151,-21.57066848567534],[52.09473396998637,-21.836098226466603],[51.84327421555254,-22.19931787175993],[51.94106412005459,-22.60444747612553],[51.913124147339715,-22.800027285129644],[51.88518417462485,-22.981637107776294],[51.7873942701228,-22.841937244201944],[51.67563437926332,-22.311077762619405],[51.59181446111871,-22.171377899045055],[51.4660845839018,-22.18534788540248],[51.41020463847205,-21.780218281036866],[51.29145975443385,-21.305238744884065],[51.44512960436564,-20.96297407912691],[51.57784447476127,-20.550859481582563],[51.62588140578954,-20.327933310464644],[51.95034200369413,-20.058759913256793],[51.928190853988745,-19.991445801130126],[51.83733294756289,-19.77106492588726],[51.86775398289367,-19.655283379700165],[52.161425697502864,-19.32238685019955],[52.14421276016975,-19.069284002853735],[52.283328785811754,-18.930341064120086]]]}},{"type":"Feature","id":"islands-55","properties":{"id":56,"name":null,"continent":"Essos","layer":"islands","fid":"islands-55"},"geometry":{"type":"Polygon","coordinates":[[[53.28916780354708,-18.951296043656242],[53.40092769440656,-18.944311050477523],[53.42188267394272,-19.063055934515717],[53.303137789904525,-19.209740791268786],[53.317107776261956,-19.356425648021855],[53.26821282401094,-19.503110504774924],[53.18439290586632,-19.510095497953643],[53.12152796725786,-19.412305593451606],[53.12851296043658,-19.300545702592117],[53.24027285129606,-19.195770804911362],[53.28218281036837,-19.070040927694436],[53.28916780354708,-18.951296043656242]]]}},{"type":"Feature","id":"islands-56","properties":{"id":57,"name":null,"continent":"Essos","layer":"islands","fid":"islands-56"},"geometry":{"type":"Polygon","coordinates":[[[54.3648567530696,-19.37738062755801],[54.5674215552524,-19.39135061391545],[54.6442564802183,-19.461200545702624],[54.63028649386086,-19.642810368349288],[54.50455661664395,-19.69869031377901],[54.35787175989088,-19.873315143246955],[54.253096862210114,-19.929195088676693],[54.19721691678037,-19.831405184174656],[54.246111869031395,-19.698690313779025],[54.37882673942703,-19.55899045020466],[54.3648567530696,-19.37738062755801]]]}},{"type":"Feature","id":"islands-57","properties":{"id":58,"name":null,"continent":"Essos","layer":"islands","fid":"islands-57"},"geometry":{"type":"Polygon","coordinates":[[[52.63257844474764,-21.703383356070972],[52.70941336971352,-21.843083219645322],[52.76529331514326,-22.04564802182813],[52.75132332878583,-22.23424283765351],[52.76529331514326,-22.37394270122786],[52.828158253751724,-22.499672578444788],[52.77227830832199,-22.681282401091437],[52.6605184174625,-22.79304229195091],[52.61162346521148,-22.918772169167838],[52.63257844474764,-23.072442019099626],[52.6605184174625,-23.15626193724424],[52.6605184174625,-23.31691678035473],[52.50684856753072,-23.4216916780355],[52.4824010914052,-23.04799454297411],[52.395879490949845,-22.783478604685186],[52.37064120054573,-22.46474761255118],[52.43699863574354,-22.297107776261967],[52.534788540245586,-22.174870395634414],[52.464938608458404,-22.059618008185566],[52.40905866302867,-21.843083219645322],[52.50684856753072,-21.808158253751742],[52.63257844474764,-21.703383356070972]]]}},{"type":"Feature","id":"islands-58","properties":{"id":59,"name":null,"continent":"Essos","layer":"islands","fid":"islands-58"},"geometry":{"type":"Polygon","coordinates":[[[54.008622100955016,-20.491487039563467],[54.134351978171935,-20.756916780354743],[54.46963165075038,-20.749931787176024],[54.665211459754474,-20.53339699863578],[54.72109140518422,-20.253997271487066],[55.06335607094138,-20.302892223738098],[55.217025920873155,-20.079372442019135],[55.30783083219649,-19.932687585266066],[55.47547066848571,-19.94665757162349],[55.54532060027289,-20.128267394270154],[55.517380627558026,-20.351787175989116],[55.33577080491136,-20.645156889495254],[55.44753069577084,-20.784856753069604],[55.47547066848571,-21.176016371077793],[55.19607094133701,-21.371596180081895],[55.14019099590727,-21.734815825375208],[55.25195088676676,-22.00723055934519],[55.37768076398366,-22.265675306957732],[55.6291405184175,-22.27964529331517],[55.838690313779026,-22.11200545702596],[55.922510231923646,-22.11200545702596],[55.922510231923646,-22.23773533424287],[55.81075034106416,-22.307585266030046],[55.81075034106416,-22.47522510231927],[55.74090040927698,-22.75462482946797],[55.53135061391546,-22.838444747612584],[55.09828103683496,-22.824474761255146],[55.04240109140522,-23.131814461118708],[55.175115961800856,-23.550914051841787],[55.419590723055975,-23.732523874488436],[55.433560709413406,-23.997953615279698],[55.573260572987756,-24.109713506139187],[55.59421555252391,-24.29132332878585],[55.433560709413406,-24.389113233287887],[55.18210095497958,-24.444993178717638],[55.18210095497958,-24.7523328785812],[54.98652114597549,-24.878062755798126],[54.69315143246934,-24.72439290586634],[54.48360163710782,-24.640572987721725],[54.120381991814504,-24.780272851296075],[53.631432469304265,-24.375143246930463],[53.575552523874535,-24.151623465211486],[53.70128240109144,-24.03986357435201],[53.79907230559349,-23.900163710777647],[53.74319236016375,-23.718553888130998],[53.81304229195092,-23.299454297407948],[53.95274215552528,-22.782564802182847],[53.8409822646658,-22.586984993178746],[53.91083219645298,-22.33552523874492],[53.715252387448885,-22.195825375170557],[53.854952251023235,-21.958335607094156],[53.729222373806316,-21.511296043656245],[53.64540245566171,-21.16204638472037],[53.81304229195092,-20.826766712141918],[53.729222373806316,-20.547366984993204],[54.008622100955016,-20.491487039563467]]]}},{"type":"Feature","id":"islands-59","properties":{"id":60,"name":null,"continent":"Essos","layer":"islands","fid":"islands-59"},"geometry":{"type":"Polygon","coordinates":[[[55.5523055934516,-23.11085948158258],[55.76185538881313,-23.236589358799492],[55.83170532060031,-23.32040927694412],[55.78281036834928,-23.404229195088718],[55.601200545702625,-23.34136425648026],[55.5523055934516,-23.11085948158258]]]}},{"type":"Feature","id":"islands-60","properties":{"id":61,"name":null,"continent":"Essos","layer":"islands","fid":"islands-60"},"geometry":{"type":"Polygon","coordinates":[[[56.006330150068244,-24.14463847203278],[56.06221009549799,-24.431023192360215],[56.020300136425675,-24.710422919508915],[56.118090040927726,-24.947912687585315],[56.10412005457029,-25.094597544338384],[56.06221009549799,-24.996807639836334],[56.10412005457029,-24.961882673942753],[56.05522510231926,-24.89203274215558],[55.92251023192364,-24.73137789904507],[55.754870395634406,-24.72439290586634],[55.489440654843136,-24.91298772169172],[55.342755798090074,-25.003792633015053],[55.37069577080494,-24.91298772169172],[55.41959072305596,-24.843137789904546],[55.58723055934519,-24.766302864938652],[55.77582537517056,-24.58469304229199],[55.90155525238748,-24.50087312414739],[55.957435197817226,-24.319263301500726],[56.006330150068244,-24.14463847203278]]]}},{"type":"Feature","id":"islands-61","properties":{"id":62,"name":null,"continent":"Essos","layer":"islands","fid":"islands-61"},"geometry":{"type":"Polygon","coordinates":[[[56.69784447476129,-21.560190995907277],[56.683874488403845,-21.64401091405189],[56.60703956343796,-21.755770804911364],[56.47432469304232,-21.895470668485714],[56.36954979536156,-22.014215552523922],[56.25080491132336,-21.92341064120059],[56.29271487039567,-21.881500682128276],[56.411459754433864,-21.881500682128276],[56.544174624829495,-21.692905866302908],[56.69784447476129,-21.560190995907277]]]}},{"type":"Feature","id":"islands-62","properties":{"id":63,"name":null,"continent":"Essos","layer":"islands","fid":"islands-62"},"geometry":{"type":"Polygon","coordinates":[[[55.517380627558005,-21.43446111869035],[55.65708049113237,-21.50431105047754],[55.71994542974082,-21.44843110504779],[55.82472032742158,-21.287776261937296],[55.866630286493894,-21.16204638472037],[55.85266030013645,-20.945511596180125],[55.866630286493894,-20.805811732605775],[55.83869031377902,-20.624201909959112],[55.84567530695774,-20.50545702592092],[55.89457025920876,-20.519427012278342],[55.94346521145978,-20.59626193724425],[55.90854024556619,-20.7359618008186],[55.90155525238748,-20.92455661664397],[55.96442019099594,-21.06425648021832],[55.97839017735337,-21.21792633015012],[55.92949522510235,-21.371596180081895],[55.83170532060031,-21.560190995907277],[55.67803547066851,-21.727830832196503],[55.58024556616647,-21.67893587994547],[55.57326057298775,-21.574160982264715],[55.517380627558005,-21.43446111869035]]]}},{"type":"Feature","id":"islands-63","properties":{"id":64,"name":null,"continent":"Essos","layer":"islands","fid":"islands-63"},"geometry":{"type":"Polygon","coordinates":[[[56.34160982264669,-20.512442019099637],[56.418444747612575,-20.561336971350656],[56.418444747612575,-20.694051841746287],[56.3485948158254,-20.763901773533462],[56.29969986357438,-20.617216916780407],[56.34160982264669,-20.512442019099637]]]}},{"type":"Feature","id":"islands-64","properties":{"id":65,"name":null,"continent":"Essos","layer":"islands","fid":"islands-64"},"geometry":{"type":"Polygon","coordinates":[[[57.1378990450205,-20.88963165075039],[57.228703956343814,-20.952496589358844],[57.15885402455664,-21.057271487039614],[57.07503410641203,-20.966466575716282],[57.1378990450205,-20.88963165075039]]]}},{"type":"Feature","id":"islands-65","properties":{"id":66,"name":null,"continent":"Essos","layer":"islands","fid":"islands-65"},"geometry":{"type":"Polygon","coordinates":[[[56.96327421555256,-20.568321964529375],[57.033124147339734,-20.63118690313783],[56.96327421555256,-20.72897680763988],[56.92834924965897,-20.666111869031425],[56.96327421555256,-20.568321964529375]]]}},{"type":"Feature","id":"islands-66","properties":{"id":67,"name":null,"continent":"Essos","layer":"islands","fid":"islands-66"},"geometry":{"type":"Polygon","coordinates":[[[57.24965893587997,-20.694051841746287],[57.2217189631651,-20.63118690313783],[57.3404638472033,-20.428622100955025],[57.37538881309689,-20.4565620736699],[57.24965893587997,-20.694051841746287]]]}},{"type":"Feature","id":"islands-67","properties":{"id":68,"name":null,"continent":"Essos","layer":"islands","fid":"islands-67"},"geometry":{"type":"Polygon","coordinates":[[[57.27061391541613,-20.044447476125555],[57.10995907230562,-20.128267394270168],[56.767694406548465,-20.08635743519787],[56.70482946794,-20.00952251023196],[56.84452933151435,-20.051432469304274],[57.06804911323332,-20.08635743519787],[57.172824010914084,-20.016507503410693],[57.263628922237416,-19.995552523874537],[57.27061391541613,-20.044447476125555]]]}},{"type":"Feature","id":"islands-68","properties":{"id":69,"name":null,"continent":"Essos","layer":"islands","fid":"islands-68"},"geometry":{"type":"Polygon","coordinates":[[[56.64894952251026,-19.45770804911328],[56.72578444747615,-19.534542974079173],[56.69784447476129,-19.632332878581224],[56.627994542974115,-19.59740791268763],[56.627994542974115,-19.541527967257892],[56.64894952251026,-19.45770804911328]]]}},{"type":"Feature","id":"islands-69","properties":{"id":70,"name":null,"continent":"Essos","layer":"islands","fid":"islands-69"},"geometry":{"type":"Polygon","coordinates":[[[57.06804911323332,-19.297053206002772],[57.089004092769464,-19.35991814461123],[57.047094133697165,-19.401828103683542],[57.07503410641203,-19.58343792633019],[56.97025920873127,-19.68821282401096],[56.95628922237383,-19.806957708049154],[56.907394270122815,-19.799972714870435],[56.949304229195114,-19.69519781718968],[57.01216916780358,-19.569467939972753],[57.01216916780358,-19.34594815825379],[57.06804911323332,-19.297053206002772]]]}},{"type":"Feature","id":"islands-70","properties":{"id":71,"name":null,"continent":"Essos","layer":"islands","fid":"islands-70"},"geometry":{"type":"Polygon","coordinates":[[[57.59890859481586,-20.00952251023196],[57.64081855388816,-20.030477489768117],[57.65478854024559,-20.10731241473401],[57.59890859481586,-20.14922237380631],[57.56398362892227,-20.058417462482993],[57.59890859481586,-20.00952251023196]]]}},{"type":"Feature","id":"islands-71","properties":{"id":72,"name":null,"continent":"Essos","layer":"islands","fid":"islands-71"},"geometry":{"type":"Polygon","coordinates":[[[58.087858117326086,-20.100327421555292],[58.206603001364286,-20.08635743519787],[58.339317871759924,-20.00952251023196],[58.472032742155555,-19.91871759890863],[58.43012278308324,-19.78600272851301],[58.50695770804914,-19.78600272851301],[58.534897680764004,-19.91871759890863],[58.41615279672581,-20.051432469304274],[58.36725784447479,-20.20510231923606],[58.26248294679402,-20.274952251023237],[58.13675306957711,-20.233042291950937],[57.962128240109166,-20.2609822646658],[58.03896316507507,-20.191132332878624],[58.087858117326086,-20.100327421555292]]]}},{"type":"Feature","id":"islands-72","properties":{"id":73,"name":null,"continent":"Essos","layer":"islands","fid":"islands-72"},"geometry":{"type":"Polygon","coordinates":[[[58.46504774897683,-20.59626193724425],[58.472032742155555,-20.701036834925006],[58.45806275579812,-20.791841746248338],[58.37424283765351,-20.87566166439295],[58.332332878581205,-20.847721691678075],[58.43710777626197,-20.721991814461163],[58.41615279672581,-20.610231923601674],[58.46504774897683,-20.59626193724425]]]}},{"type":"Feature","id":"islands-73","properties":{"id":74,"name":null,"continent":"Essos","layer":"islands","fid":"islands-73"},"geometry":{"type":"Polygon","coordinates":[[[59.13560709413372,-20.35877216916785],[59.17751705320603,-20.35178717598913],[59.17751705320603,-20.428622100955025],[59.12163710777629,-20.484502046384762],[59.07274215552527,-20.421637107776306],[59.13560709413372,-20.35877216916785]]]}},{"type":"Feature","id":"islands-74","properties":{"id":75,"name":null,"continent":"Essos","layer":"islands","fid":"islands-74"},"geometry":{"type":"Polygon","coordinates":[[[58.45806275579812,-21.196971350613964],[58.46504774897683,-21.294761255116],[58.395197817189654,-21.280791268758563],[58.41615279672581,-21.21792633015012],[58.45806275579812,-21.196971350613964]]]}},{"type":"Feature","id":"islands-75","properties":{"id":76,"name":null,"continent":"Essos","layer":"islands","fid":"islands-75"},"geometry":{"type":"Polygon","coordinates":[[[58.18564802182813,-20.582291950886813],[58.17866302864942,-20.763901773533462],[58.073888130968655,-20.917571623465264],[58.08087312414737,-21.134106412005494],[58.1297680763984,-21.35762619372447],[57.99705320600276,-21.50431105047754],[57.92021828103686,-21.762755798090083],[57.976098226466604,-22.014215552523922],[57.95514324693045,-22.25170532060031],[57.89227830832199,-22.489195088676723],[57.8992633015007,-22.747639836289267],[57.84338335607097,-22.92924965893593],[57.808458390177385,-23.138799454297455],[57.64081855388816,-23.285484311050524],[57.48714870395637,-23.24357435197821],[57.38935879945432,-23.285484311050524],[57.29156889495228,-23.44613915416103],[57.09598908594819,-23.58583901773538],[57.040109140518446,-23.543929058663068],[57.07503410641203,-23.425184174624874],[57.11694406548434,-23.306439290586667],[57.24267394270126,-23.054979536152842],[57.24965893587997,-22.82447476125516],[57.15186903137793,-22.754624829467986],[57.040109140518446,-22.642864938608497],[57.01216916780358,-22.517135061391585],[57.02613915416101,-22.370450204638516],[57.01216916780358,-22.244720327421604],[57.09598908594819,-22.188840381991866],[57.172824010914084,-22.105020463847254],[57.15186903137793,-21.92341064120059],[57.172824010914084,-21.699890859481627],[57.19377899045023,-21.39255115961805],[57.24965893587997,-21.30873124147344],[57.34744884038202,-21.210941336971388],[57.431268758526635,-21.043301500682176],[57.452223738062784,-20.92455661664397],[57.4172987721692,-20.805811732605775],[57.41031377899048,-20.72897680763988],[57.529058663028685,-20.72897680763988],[57.73860845839021,-20.7359618008186],[57.8154433833561,-20.666111869031425],[57.98308321964532,-20.610231923601674],[58.18564802182813,-20.582291950886813]]]}},{"type":"Feature","id":"islands-76","properties":{"id":77,"name":null,"continent":"Essos","layer":"islands","fid":"islands-76"},"geometry":{"type":"Polygon","coordinates":[[[59.26832196452935,-19.108458390177375],[59.24736698499321,-19.199263301500707],[59.21942701227833,-19.241173260573007],[59.30324693042294,-19.359918144611214],[59.282291950886794,-19.42278308321967],[59.26133697135064,-19.52057298772172],[59.156562073669875,-19.583437926330177],[59.10068212824013,-19.541527967257863],[59.19148703956346,-19.485648021828126],[59.2054570259209,-19.373888130968652],[59.128622100955,-19.255143246930444],[59.18450204638474,-19.199263301500707],[59.26832196452935,-19.108458390177375]]]}},{"type":"Feature","id":"islands-77","properties":{"id":78,"name":"Isle of Cedars","continent":"Essos","layer":"islands","fid":"islands-77","slug":"isle-of-cedars"},"geometry":{"type":"MultiPolygon","coordinates":[[[[60.14144611186906,-15.057162346521167],[60.364965893588014,-15.029222373806292],[60.61642564802185,-15.099072305593467],[60.714215552523896,-15.32259208731243],[60.846930422919534,-15.469276944065513],[60.9517053206003,-15.692796725784461],[61.000600272851315,-15.825511596180093],[61.15427012278311,-15.9442564802183],[61.37778990450207,-16.028076398362913],[61.44065484311052,-16.1817462482947],[61.531459754433854,-16.314461118690332],[61.54542974079129,-16.46813096862212],[61.47557980900411,-16.691650750341083],[61.47557980900411,-16.824365620736714],[61.28000000000002,-16.9780354706685],[61.217135061391566,-17.187585266030027],[61.02155525238747,-17.215525238744902],[61.00758526603004,-17.068840381991834],[61.09140518417465,-16.99899045020466],[61.14728512960439,-16.803410641200557],[61.17522510231925,-16.586875852660313],[61.17522510231925,-16.46813096862212],[60.9936152796726,-16.237626193724438],[60.972660300136454,-16.097926330150088],[60.79803547066851,-15.937271487039581],[60.69326057298775,-15.76963165075037],[60.595470668485696,-15.581036834924987],[60.41386084583905,-15.469276944065513],[60.15541609822649,-15.497216916780374],[60.085566166439314,-15.364502046384743],[60.07159618008188,-15.210832196452955],[60.14144611186906,-15.057162346521167]]],[[[60.65135061391544,-16.27953615279675],[60.714215552523896,-16.349386084583927],[60.721200545702615,-16.447175989085963],[60.77009549795363,-16.544965893588014],[60.89582537517055,-16.5030559345157],[60.860900409276965,-16.57989085948161],[60.77009549795363,-16.677680763983645],[60.66532060027287,-16.628785811732627],[60.63039563437928,-16.447175989085963],[60.65135061391544,-16.27953615279675]]]]}},{"type":"Feature","id":"islands-78","properties":{"id":79,"name":"Yaros","continent":"Essos","layer":"islands","fid":"islands-78","slug":"yaros"},"geometry":{"type":"Polygon","coordinates":[[[64.793451568895,-12.741637107776263],[64.87377899045023,-12.738144611186904],[64.90521145975447,-12.78005457025921],[64.97506139154164,-12.773069577080491],[65.05189631650754,-12.720682128240107],[65.13571623465215,-12.727667121418826],[65.12523874488407,-12.769577080491139],[64.97506139154164,-12.867366984993176],[64.94712141882677,-13.007066848567533],[64.91219645293319,-13.125811732605726],[64.84234652114601,-13.150259208731242],[64.80742155525242,-13.080409276944067],[64.88425648021833,-12.986111869031376],[64.88425648021833,-12.888321964529332],[64.83186903137793,-12.839427012278314],[64.78995907230563,-12.78703956343793],[64.793451568895,-12.741637107776263]]]}},{"type":"Feature","id":"islands-79","properties":{"id":80,"name":null,"continent":"Essos","layer":"islands","fid":"islands-79"},"geometry":{"type":"Polygon","coordinates":[[[55.887585266030044,-19.077025920873126],[55.93997271487043,-19.12592087312416],[55.953942701227874,-19.20275579809004],[55.852660300136456,-19.18529331514324],[55.842182810368385,-19.15386084583902],[55.887585266030044,-19.077025920873126]]]}},{"type":"Feature","id":"islands-80","properties":{"id":81,"name":null,"continent":"Essos","layer":"islands","fid":"islands-80"},"geometry":{"type":"Polygon","coordinates":[[[55.831705320600314,-19.26212824010915],[55.89806275579813,-19.255143246930416],[55.9085402455662,-19.331978171896324],[55.845675306957745,-19.39833560709414],[55.80027285129608,-19.377380627557983],[55.831705320600314,-19.32499317871759],[55.831705320600314,-19.26212824010915]]]}},{"type":"Feature","id":"islands-81","properties":{"id":82,"name":"Isle of Faces","continent":"Westeros","layer":"islands","fid":"islands-81","slug":"isle-of-faces"},"geometry":{"type":"Polygon","coordinates":[[[16.9634466025783,7.620411337983505],[17.124101445688808,7.602948855036708],[17.249831322905724,7.5156364403027425],[17.2603088126738,7.435309018747496],[17.211413860422777,7.354981597192236],[17.197443874065343,7.257191692690192],[17.186966384297268,7.187341760903017],[17.071713996848427,7.127969318883913],[16.959954105988942,7.075581870043536],[16.88661167761241,7.110506835937123],[16.862164201486898,7.281639168815701],[16.8447017185401,7.435309018747496],[16.91105915373792,7.519128936892102],[16.9634466025783,7.620411337983505]]]}},{"type":"Feature","id":"islands-82","properties":{"id":83,"name":null,"continent":"Essos","layer":"islands","fid":"islands-82"},"geometry":{"type":"Polygon","coordinates":[[[30.49798376885742,3.6811172548495956],[30.43233048221949,3.6679865975220096],[30.389655845904837,3.674551926185803],[30.34451921134126,3.7311778859110176],[30.25178394396518,3.756618534483216],[30.232087957973803,3.7927278421340778],[30.29117591594794,3.802575835129767],[30.349443207839105,3.754156536234294],[30.4224824892238,3.727074555496147],[30.49798376885742,3.6811172548495956]]]}},{"type":"Feature","id":"islands-83","properties":{"id":84,"name":null,"continent":"Essos","layer":"islands","fid":"islands-83"},"geometry":{"type":"Polygon","coordinates":[[[30.91535433070868,16.338582677165366],[31.029527559055136,16.303149606299222],[31.074803149606318,16.2224409448819],[31.01574803149608,16.171259842519696],[30.966535433070884,16.16929133858269],[30.903543307086633,16.220472440944892],[30.91535433070868,16.338582677165366]]]}},{"type":"Feature","id":"islands-84","properties":{"id":85,"name":null,"continent":"Essos","layer":"islands","fid":"islands-84"},"geometry":{"type":"Polygon","coordinates":[[[57.669291338582674,-13.40748031496059],[57.740157480314956,-13.419291338582639],[57.78346456692913,-13.45472440944878],[57.75196850393701,-13.557086614173189],[57.87007874015748,-13.749999999999961],[57.826771653543304,-13.816929133858228],[57.64173228346456,-13.769685039370039],[57.669291338582674,-13.40748031496059]]]}},{"type":"Feature","id":"islands-85","properties":{"id":86,"name":null,"continent":"Essos","layer":"islands","fid":"islands-85"},"geometry":{"type":"Polygon","coordinates":[[[64.7086614173228,-18.83267716535428],[64.92913385826768,-18.94291338582672],[65.2362204724409,-19.324803149606247],[65.22047244094485,-19.486220472440895],[65.13779527559052,-19.423228346456643],[64.77559055118107,-18.966535433070817],[64.65354330708658,-18.903543307086565],[64.7086614173228,-18.83267716535428]]]}}]}