{"type":"FeatureCollection","features":[{"type":"Feature","id":"rivers-0","properties":{"id":1,"name":"Blackwater Rush","size":2,"continent":"Westeros","layer":"rivers","fid":"rivers-0","slug":"blackwater-rush"},"geometry":{"type":"MultiLineString","coordinates":[[[13.46073669849935,6.138799454297356],[13.624884038199214,6.107366984993121],[13.719181446111902,6.023547066848515],[14.002073669849965,6.013069577080444],[14.057953615279706,5.97465211459749],[14.153669311007086,5.873390201112734]],[[13.508897647097593,5.357035460724312],[13.692248698928362,5.450480629406847],[13.733119262990733,5.573139110538911],[13.792725649734557,5.665404517376672],[13.895468546340402,5.710947339873165],[13.980795748944397,5.800900011966348],[14.153669311007086,5.873390201112734],[14.415315783318185,5.772866461361588],[14.658179644002885,5.781124794274966],[14.894198878343705,5.758896475004157],[15.047811630899337,5.70604023633129]],[[14.89266030013646,7.507858117326002],[14.89964529331518,7.263383356070889],[14.83678035470672,7.1027285129603825],[14.787885402455698,6.990968622100901],[14.725020463847239,6.830313778990394],[14.773915416098262,6.732523874488351],[14.843765347885437,6.662673942701176],[14.843765347885437,6.571869031377844],[14.913615279672612,6.488049113233238],[15.004420190995944,6.397244201909906],[14.983465211459789,6.320409276944012],[14.95552523874492,6.152769440654794],[14.913615279672612,6.013069577080444],[14.95552523874492,5.908294679399667],[15.047811630899337,5.70604023633129]],[[15.047811630899337,5.70604023633129],[15.14418809904196,5.473841921577474],[15.111482290003073,5.28695158421241],[15.158204874344342,5.184161898661614],[15.312389402670524,5.114078022149712],[15.53665780750861,5.095388988413205],[15.770270729214946,4.964565752257656],[15.873060414765737,4.875792842009247],[15.96650558344827,4.819725740799733],[16.097328819603824,4.880465100443381],[16.24216883106175,4.8430870329703595],[16.312252707573652,4.880465100443381],[16.7047224160403,4.74029734741957],[16.80283984315696,4.558079268488633],[16.891612753405372,4.385205706425943],[17.027108247995045,4.27774376244102],[17.176620517887102,4.25905472870452],[17.39621666429106,4.249710211836266],[17.522367642012483,4.128231492548963],[17.914837350479132,3.628299840097405],[18.0503328450688,3.632972098531532],[18.19517285652673,3.609610806360905],[18.386735452325926,3.6236275816632855],[18.578298048125127,3.586249514190264],[18.65772644150528,3.5441991882831303],[18.839944520436227,3.6002662894926445],[18.984784531894153,3.7497785593847013],[19.10159099274732,3.922652121447399],[19.29315358854652,4.011425031695808],[19.41288520968883,3.9612149970232267]],[[16.715743519781753,6.411214188267337],[16.715743519781753,6.215634379263243],[16.76463847203278,6.131814461118637],[16.75765347885406,5.964174624829418],[16.778608458390213,5.8035197817189115],[16.90433833560713,5.635879945429686],[16.932278308322,5.426330150068161],[16.98815825375174,5.230750341064066],[17.064993178717636,5.132960436562023],[17.19072305593455,5.056125511596129],[17.267557980900445,4.94436562073664],[17.27454297407916,4.7837107776261405],[17.34439290586634,4.699890859481528],[17.351377899045055,4.609085948158196],[17.372332878581208,4.504311050477433],[17.45615279672582,4.434461118690258],[17.477107776261974,4.231896316507452]]]}},{"type":"Feature","id":"rivers-1","properties":{"id":2,"name":"Green Fork","size":0,"continent":"Westeros","layer":"rivers","fid":"rivers-1","slug":"green-fork"},"geometry":{"type":"LineString","coordinates":[[12.563643410852743,16.86352713178298],[12.618217054263596,16.744457364341116],[12.563643410852743,16.590658914728714],[12.40984496124034,16.426937984496156],[12.474341085271346,16.322751937984528],[12.479302325581425,16.248333333333363],[12.40984496124034,16.13918604651166],[12.35031007751941,15.965542635658949],[12.34534883720933,15.79686046511631],[12.484263565891501,15.662906976744218],[12.593410852713207,15.638100775193827],[12.598372093023286,15.56368217054267],[12.504108527131812,15.429728682170577],[12.514031007751967,15.385077519379877],[12.593410852713207,15.345387596899258],[12.652945736434138,15.270968992248093],[12.618217054263596,15.132054263565927],[12.652945736434138,15.037790697674446],[12.742248062015534,15.017945736434136],[12.796821705426385,15.027868217054298],[12.80674418604654,14.943527131782979],[12.801782945736463,14.87903100775197],[12.831550387596929,14.874069767441888],[12.861317829457393,14.735155038759721],[12.93077519379848,14.710348837209331],[12.995271317829486,14.750038759689957],[13.104418604651192,14.705387596899257],[13.203643410852742,14.635930232558174],[13.258217054263596,14.536705426356619],[13.302868217054293,14.353139534883752],[13.352480620155069,14.298565891472897],[13.6104651162791,14.219186046511659],[13.665038759689951,14.139806201550421],[13.694806201550417,14.025697674418637],[13.818837209302355,13.648643410852749],[13.858527131782976,13.51965116279073],[13.927984496124061,13.489883720930266],[13.997441860465146,13.47996124031011],[14.042093023255843,13.430348837209337],[14.08674418604654,13.336085271317863],[14.245503875969021,13.24182170542639],[14.324883720930261,13.226937984496153],[14.364573643410882,13.172364341085306],[14.443953488372122,13.13763565891476],[14.52829457364344,13.107868217054296],[14.627519379844989,12.998720930232594],[14.642403100775221,12.87965116279073],[14.682093023255842,12.825077519379882],[14.781317829457391,12.805232558139565],[14.850775193798476,12.7308139534884],[14.870620155038788,12.631589147286853],[14.855736434108556,12.537325581395386],[14.920232558139562,12.448023255813986],[15.064108527131811,12.363682170542667],[15.183178294573672,12.284302325581429],[15.237751937984525,12.190038759689955],[15.242713178294602,12.090813953488407],[15.317131782945765,11.981666666666698],[15.421317829457392,11.84275193798453],[15.495736434108556,11.738565891472902],[15.590000000000028,11.654224806201583],[15.659457364341113,11.619496124031045],[15.738837209302353,11.589728682170573],[15.788449612403129,11.535155038759726],[15.783488372093052,11.470658914728716],[15.882713178294603,11.376395348837242],[15.996821705426385,11.257325581395385],[16.04643410852716,11.143217054263602],[16.140697674418636,11.043992248062047],[16.215116279069797,10.989418604651192],[16.294496124031035,10.890193798449644],[16.40364341085274,10.850503875969025],[16.502868217054292,10.771124031007787],[16.60705426356592,10.632209302325613],[16.701317829457395,10.463527131782982],[16.795581395348865,10.289883720930263],[16.790620155038788,10.165852713178325],[16.7658139534884,10.09143410852716]]}},{"type":"Feature","id":"rivers-2","properties":{"id":3,"name":"Green Fork","size":0,"continent":"Westeros","layer":"rivers","fid":"rivers-2","slug":"green-fork"},"geometry":{"type":"LineString","coordinates":[[13.258217054263596,14.536705426356619],[13.258217054263596,14.536705426356619],[13.283023255813983,14.764922480620193],[13.320232558139566,14.789728682170576],[13.332635658914757,14.9509689922481],[13.431860465116308,15.060116279069803],[13.382248062015533,15.171744186046546],[13.419457364341115,15.263527131782986],[13.523643410852742,15.318100775193834],[13.657596899224835,15.380116279069803],[13.655116279069796,15.452054263565927],[13.670000000000028,15.573604651162832],[13.60798449612406,15.6356201550388],[13.585658914728711,15.67531007751942],[13.620387596899254,15.71748062015508],[13.677441860465144,15.732364341085315],[13.719612403100802,15.772054263565934],[13.776666666666696,15.76461240310082],[13.856046511627936,15.829108527131822],[13.853565891472897,15.883682170542677],[13.81139534883724,15.910968992248101],[13.794031007751967,15.980426356589192],[13.843643410852742,16.057325581395396],[13.89077519379848,16.139186046511675],[13.970155038759717,16.178875968992294],[14.04705426356592,16.183837209302368],[14.084263565891503,16.2309689922481],[14.104108527131812,16.31531007751942],[14.081782945736464,16.372364341085316],[14.047054263565922,16.464147286821742],[14.056976744186077,16.5509689922481],[14.104108527131814,16.665077519379885],[14.161162790697706,16.704767441860504],[14.218217054263596,16.751899224806245],[14.218217054263596,16.828798449612442],[14.243023255813982,16.97763565891477],[14.265348837209332,17.094224806201588]]}},{"type":"Feature","id":"rivers-3","properties":{"id":4,"name":"Blue Fork","size":0,"continent":"Westeros","layer":"rivers","fid":"rivers-3","slug":"blue-fork"},"geometry":{"type":"MultiLineString","coordinates":[[[13.876821705426385,12.373604651162843],[13.842093023255844,12.42817829457369],[13.790000000000028,12.457945736434155],[13.780077519379873,12.564612403100824],[13.797441860465144,12.639031007751989],[13.715581395348865,12.708488372093072],[13.718062015503904,12.787868217054317],[13.710620155038788,12.85484496124036],[13.745348837209331,12.909418604651215],[13.76519379844964,13.003682170542689],[13.723023255813983,13.048333333333382],[13.74782945736437,13.19468992248067],[13.718062015503904,13.261666666666713]],[[13.876821705426385,12.373604651162843],[13.928914728682198,12.448023255814],[14.000852713178324,12.49515503875974],[13.993410852713208,12.594379844961288],[13.993410852713208,12.693604651162843],[14.020697674418635,12.775465116279115],[13.968604651162819,12.85484496124036],[13.983488372093053,12.941666666666713]],[[16.7658139534884,10.09143410852716],[16.655116279069794,10.153449612403143],[16.58069767441863,10.155930232558184],[16.486434108527156,10.17081395348842],[16.471550387596928,10.242751937984536],[16.46162790697677,10.334534883720977],[16.392170542635682,10.391589147286865],[16.297906976744212,10.490813953488413],[16.228449612403125,10.627248062015553],[16.171395348837237,10.741356589147337],[16.094496124031036,10.815775193798501],[16.005193798449643,10.87282945736439],[15.933255813953515,10.87282945736439],[15.888604651162819,10.91748062015509],[15.801782945736461,10.905077519379894],[15.710000000000027,10.867868217054308],[15.573565891472896,10.882751937984544],[15.48178294573646,10.927403100775237],[15.409844961240335,10.99686046511632],[15.416691472868242,11.080407751938033],[15.377596899224832,11.138255813953535],[15.298217054263594,11.140736434108575],[15.241162790697702,11.19531007751943],[15.201472868217081,11.282131782945783],[15.139457364341112,11.336705426356637],[15.06255813953491,11.40368217054268],[15.005503875969021,11.505387596899268],[14.933565891472895,11.540116279069814],[14.797131782945762,11.55500000000005],[14.68302325581398,11.55748062015509],[14.60860465116282,11.53515503875974],[14.511860465116307,11.530193798449659],[14.477131782945765,11.5773255813954],[14.372945736434138,11.661666666666711],[14.283643410852742,11.708798449612452],[14.194341085271347,11.741046511627957],[14.110000000000028,11.780736434108576],[14.092635658914755,11.840271317829504],[14.015736434108556,11.867558139534935],[13.933875968992277,11.89980620155044],[13.894186046511656,11.974224806201597],[13.856976744186074,12.053604651162843],[13.854496124031037,12.147868217054317],[13.88674418604654,12.254534883720979],[13.876821705426385,12.373604651162843]]]}},{"type":"Feature","id":"rivers-4","properties":{"id":5,"name":"Red Fork","size":0,"continent":"Westeros","layer":"rivers","fid":"rivers-4","slug":"red-fork"},"geometry":{"type":"MultiLineString","coordinates":[[[10.451085271317869,8.895775193798492],[10.401472868217093,8.93050387596903],[10.240232558139574,8.985077519379885]],[[10.451085271317869,8.895775193798492],[10.401472868217093,8.818875968992288],[10.411395348837248,8.737015503876009],[10.314651162790737,8.67996124031012]],[[13.430310077519419,9.590348837209348],[13.28395348837213,9.498565891472907],[13.070620155038798,9.488643410852752],[12.958992248062055,9.431589147286857],[12.802713178294612,9.401821705426393],[12.656356589147324,9.503527131782981],[12.48519379844965,9.538255813953526],[12.356201550387635,9.486162790697712],[12.212325581395387,9.339806201550424],[12.123023255813992,9.307558139534919],[12.02627906976748,9.31500000000004],[11.934496124031046,9.312519379845],[11.872480620155077,9.24802325581399],[11.763333333333371,9.208333333333378],[11.656666666666704,9.22569767441864],[11.56488372093027,9.233139534883762],[11.435891472868255,9.151279069767483],[11.361472868217092,9.071899224806245],[11.267209302325618,9.029728682170578],[11.227519379844999,9.004922480620195],[11.066279069767479,8.95282945736438],[10.895116279069805,8.903217054263607],[10.721472868217093,8.831279069767476],[10.537906976744223,8.90569767441864],[10.451085271317869,8.895775193798492]],[[13.430310077519419,9.590348837209348],[13.395581395348877,9.419186046511669],[13.336046511627947,9.319961240310121],[13.343488372093061,9.208333333333378],[13.276511627907016,9.05949612403105],[13.22937984496128,8.950348837209347],[13.316201550387637,8.885852713178338],[13.256666666666707,8.808953488372133],[13.199612403100815,8.754379844961285],[13.239302325581432,8.647713178294616],[13.214496124031045,8.526162790697718],[13.249224806201587,8.459186046511668],[13.199612403100812,8.382286821705463],[13.078062015503914,8.33515503875973],[12.954031007751976,8.31034883720934],[12.82503875968996,8.260736434108566],[12.832480620155078,8.156550387596937],[12.9044186046512,8.089573643410894],[12.877131782945774,7.985387596899265],[12.862248062015542,7.923372093023289],[12.899457364341123,7.858875968992287],[12.899457364341119,7.76461240310082],[12.872170542635695,7.715000000000046],[12.82255813953492,7.710038759689965],[12.830000000000034,7.635620155038801],[12.770465116279103,7.605852713178336],[12.710930232558173,7.553759689922522],[12.686124031007788,7.459496124031048],[12.740697674418639,7.325542635658955],[12.760542635658949,7.246162790697717],[12.763023255813989,7.169263565891512],[12.760542635658949,7.1370155038760075],[12.78038759689926,7.067558139534924],[12.71837209302329,7.020426356589184],[12.624108527131819,7.012984496124069],[12.567054263565927,6.97329457364345],[12.517441860465151,6.898875968992286],[12.487674418604685,6.851744186046552],[12.408294573643445,6.821976744186088],[12.331395348837246,6.782286821705462],[12.289224806201585,6.710348837209345],[12.20240310077523,6.638410852713221],[12.110620155038793,6.613604651162831],[12.028759689922515,6.630968992248107],[11.924573643410888,6.683062015503921],[11.778217054263601,6.680581395348881],[11.68643410852717,6.626007751938033],[11.574806201550425,6.6284883720930665],[11.492945736434146,6.621046511627952],[11.4259689922481,6.536705426356626],[11.306899224806239,6.452364341085314],[11.239922480620194,6.397790697674459]],[[16.972635658914765,9.821046511627962],[16.82627906976748,9.83096899224811],[16.672480620155074,9.821046511627962],[16.58813953488376,9.8557751937985],[16.488914728682207,9.945077519379893],[16.39961240310081,10.041821705426408],[16.211085271317867,10.126162790697727],[15.975426356589185,10.1311240310078],[15.568604651162827,10.121201550387639],[15.444573643410891,10.173294573643453],[15.352790697674454,10.262596899224853],[15.213875968992285,10.302286821705472],[15.087364341085308,10.294844961240358],[14.98565891472872,10.277480620155082],[14.901317829457401,10.324612403100822],[14.831860465116316,10.42631782945741],[14.64581395348841,10.411434108527175],[14.501937984496161,10.299806201550432],[14.370465116279107,10.240271317829503],[14.263798449612441,10.230348837209348],[14.199302325581431,10.165852713178339],[14.157131782945774,10.036860465116327],[14.06534883720934,9.912829457364388],[13.961162790697713,9.895465116279112],[13.82472868217058,9.892984496124079],[13.646124031007789,9.875620155038803],[13.532015503876007,9.8111240310078],[13.447674418604688,9.694534883720976],[13.430310077519419,9.590348837209348]]]}},{"type":"Feature","id":"rivers-5","properties":{"id":6,"name":null,"size":0,"continent":"Westeros","layer":"rivers","fid":"rivers-5"},"geometry":{"type":"LineString","coordinates":[[16.7658139534884,10.09143410852716],[16.7658139534884,10.09143410852716],[16.784108527131817,9.9971705426357],[16.893255813953523,9.932674418604691],[16.972635658914765,9.821046511627962],[17.06193798449616,9.69949612403105],[17.190930232558177,9.585387596899267],[17.4290697674419,9.570503875969031],[17.716821705426394,9.595310077519422],[17.900387596899265,9.59034883720934],[17.999612403100816,9.520891472868257],[18.12116279069771,9.530813953488412],[18.212945736434143,9.478720930232598],[18.319612403100816,9.36213178294578],[18.44364341085275,9.260426356589186],[18.575116279069807,9.163682170542678],[18.917441860465157,9.01484496124035],[19.214023204445247,8.935756602845657]]}},{"type":"Feature","id":"rivers-6","properties":{"id":7,"name":"Fever","size":0,"continent":"Westeros","layer":"rivers","fid":"rivers-6","slug":"fever"},"geometry":{"type":"MultiLineString","coordinates":[[[12.240671498383843,20.171598890732596],[12.390930232558139,20.16523255813961],[12.505038759689924,20.120581395348907],[12.683643410852715,20.155310077519452],[12.83744186046512,20.130503875969065],[12.98131782945737,20.031279069767514],[13.06069767441861,20.04616279069775],[13.209534883720938,20.145387596899297],[13.368294573643418,20.175155038759762],[13.536976744186054,20.100736434108597],[13.611395348837219,20.08585271317837],[13.735426356589159,20.190038759689998],[13.804883720930244,20.219806201550462],[13.899147286821718,20.170193798449684],[14.052945736434122,20.199961240310152],[14.132325581395362,20.259496124031084]],[[14.132325581395362,20.259496124031084],[14.390310077519393,20.26445736434116]],[[14.132325581395362,20.259496124031084],[14.320852713178308,20.358720930232636]]]}},{"type":"Feature","id":"rivers-7","properties":{"id":8,"name":null,"size":0,"continent":"Westeros","layer":"rivers","fid":"rivers-7"},"geometry":{"type":"MultiLineString","coordinates":[[[10.063399068080678,20.012742103972275],[10.136046511627889,20.160271317829533],[10.242713178294558,20.319031007752013],[10.312170542635643,20.475310077519456],[10.346899224806185,20.6315891472869],[10.468449612403086,20.785387596899305],[10.62224806201549,20.872209302325665],[10.800852713178282,20.95655038759698],[10.89759689922479,21.05825581395357],[10.939767441860452,21.202131782945816],[10.949689922480607,21.390658914728764],[10.985071399428794,21.64819578014813]],[[10.985071399428794,21.64819578014813],[10.909999999999986,21.740426356589232],[10.81821705426355,21.819806201550474],[10.766124031007736,21.914069767441948],[10.691705426356574,22.03810077519389],[10.627209302325566,22.107558139534973],[10.644573643410839,22.23903100775203],[10.664418604651148,22.271279069767534]],[[10.985071399428794,21.64819578014813],[11.037164422684604,21.782149268520225],[11.10596899224805,21.911589147286907],[11.145658914728669,22.08771317829466],[11.138217054263555,22.26879844961249],[11.12581395348836,22.34569767441869]]]}},{"type":"Feature","id":"rivers-8","properties":{"id":9,"name":null,"size":0,"continent":"Westeros","layer":"rivers","fid":"rivers-8"},"geometry":{"type":"MultiLineString","coordinates":[[[9.13387596899222,21.479961240310157],[9.06441860465113,21.465077519379918],[8.999922480620123,21.549418604651237],[8.975116279069734,21.633759689922552]],[[9.03082995413862,20.344472452795294],[9.019767441860436,20.55717054263573],[9.089224806201523,20.666317829457437],[9.19837209302323,20.869728682170617],[9.208294573643384,21.038410852713255],[9.158682170542608,21.207093023255894],[9.13387596899222,21.479961240310157]],[[9.13387596899222,21.479961240310157],[9.292635658914703,21.653604651162873],[9.401782945736409,21.792519379845043],[9.52085271317827,21.926472868217136],[9.62007751937982,22.07531007751946],[9.634961240310053,22.179496124031093]],[[9.634961240310053,22.179496124031093],[9.510930232558112,22.278720930232637],[9.510930232558112,22.412674418604727],[9.510930232558112,22.566472868217133],[9.441472868217026,22.700426356589226]],[[9.634961240310053,22.179496124031093],[9.823488372093,22.40275193798458],[9.937596899224785,22.49205426356598],[10.096356589147264,22.606162790697763],[10.225348837209282,22.824457364341175],[10.245193798449593,22.958410852713268],[10.339457364341065,23.141976744186135],[10.463488372093005,23.330503875969082]],[[10.463488372093005,23.330503875969082],[10.473410852713156,23.514069767441953],[10.463488372093002,23.71251937984505],[10.374186046511607,23.831589147286916],[10.319612403100752,23.901046511628],[10.389069767441837,23.955620155038854],[10.329534883720909,24.02011627906986],[10.364263565891452,24.099496124031102],[10.265038759689899,24.16895348837219],[10.265038759689899,24.253294573643505],[10.369224806201528,24.357480620155137]],[[10.463488372093005,23.330503875969082],[10.617286821705406,23.424767441860556],[10.781007751937963,23.528953488372185],[10.885193798449594,23.63313953488381],[11.019147286821688,23.707558139534974],[11.172945736434093,23.80182170542645],[11.341627906976727,23.910968992248158]]]}},{"type":"Feature","id":"rivers-9","properties":{"id":10,"name":null,"size":0,"continent":"Westeros","layer":"rivers","fid":"rivers-9"},"geometry":{"type":"LineString","coordinates":[[6.054601331599746,22.830113939750834],[6.160732225913571,23.01244584717616],[6.2533798449611915,23.173360132890444],[6.258256035437381,23.32452203765235],[6.375284606865954,23.392788704319017],[6.536198892580241,23.436674418604728],[6.658103654485004,23.422045847176157],[6.765379844961195,23.422045847176157],[6.8921607973421475,23.504941085271398],[6.979932225913577,23.602464894795208],[7.028694130675483,23.724369656699974],[7.1359703211516745,23.763379180509496],[7.277379844961198,23.73412203765235],[7.3846560354373905,23.729245847176163],[7.452922702104056,23.82676965669997],[7.599208416389772,23.98768394241426],[7.721113178294535,24.09496013289045],[7.911284606865965,24.18273156146188],[8.101456035437396,24.12421727574759],[8.23311317829454,24.099836323366638],[8.330636987818348,24.012064894795213],[8.589075083056446,24.031569656699975],[8.667094130675494,24.09008394241426],[8.749989368770732,24.08033156146188],[8.83288460686597,24.0169410852714],[9.00842746400883,24.051074418604735],[9.218103654485022,24.075455370985686],[9.291246511627879,24.158350609080927],[9.403398892580261,24.197360132890452]]}},{"type":"Feature","id":"rivers-10","properties":{"id":11,"name":null,"size":0,"continent":"Westeros","layer":"rivers","fid":"rivers-10"},"geometry":{"type":"LineString","coordinates":[[7.911284606865965,24.18273156146188],[7.911284606865965,24.18273156146188],[8.042941749723111,24.299760132890455],[8.052694130675492,24.299760132890455],[8.086827464008826,24.4314172757476],[8.052694130675492,24.56795060908093],[8.028313178294539,24.66059822812855],[8.116084606865968,24.69960775193808],[8.116084606865968,24.816636323366648],[8.257494130675493,24.962922037652366],[8.433036987818353,25.06532203765236],[8.525684606865973,25.143341085271413],[8.579322702104067,25.274998228128556],[8.628084606865972,25.40177918050951]]}},{"type":"Feature","id":"rivers-11","properties":{"id":12,"name":null,"size":0,"continent":"Westeros","layer":"rivers","fid":"rivers-11"},"geometry":{"type":"LineString","coordinates":[[9.525303654485027,23.8657791805095],[9.535056035437409,23.734122037652355],[9.476541749723122,23.621969656699974],[9.500922702104074,23.446426799557116]]}},{"type":"Feature","id":"rivers-12","properties":{"id":13,"name":null,"size":0,"continent":"Westeros","layer":"rivers","fid":"rivers-12"},"geometry":{"type":"LineString","coordinates":[[9.593570321151692,24.606960132890453],[9.617951273532645,24.733741085271408],[9.676465559246932,24.845893466223792],[9.637456035437408,24.953169656699984],[9.642332225913597,25.104331561461887]]}},{"type":"Feature","id":"rivers-13","properties":{"id":14,"name":"White Knife","size":0,"continent":"Westeros","layer":"rivers","fid":"rivers-13","slug":"white-knife"},"geometry":{"type":"LineString","coordinates":[[17.051929620926085,21.08736154382151],[17.051929620926085,21.08736154382151],[16.944427464008886,21.20581727574758],[16.92248460686603,21.342350609080913],[16.920046511627934,21.476445847176155],[16.800579844961266,21.615417275747582],[16.707932225913645,21.739760132890442],[16.666484606866025,21.842160132890438],[16.671360797342217,22.00795060908092],[16.65917032115174,22.207874418604728],[16.744503654485076,22.398045847176157],[16.764008416389842,22.510198228128534],[16.678675083056504,22.576026799557106],[16.56408460686603,22.66136013289044],[16.576275083056505,22.788141085271395],[16.510446511627933,22.856407751938058],[16.478751273532694,22.94417918050949],[16.52263698781841,23.07096013289044],[16.46168460686603,23.139226799557107],[16.25932270210412,23.266007751938062],[16.215436987818407,23.361093466223778],[16.15692270210412,23.490312513842827],[16.1666750830565,23.675607751938067],[16.127665559246974,23.78288394241426],[16.144732225913643,23.919417275747595],[16.19349413067555,24.073017275747596],[16.256884606866024,24.211988704319023],[16.30077032115174,24.3802172757476],[16.288579844961266,24.546007751938077],[16.195932225913644,24.709360132890456],[16.230065559246977,24.841017275747603],[16.227627464008883,24.958045847176173],[16.19349413067555,24.992179180509506],[16.24469413067555,25.072636323366652],[16.212998892580313,25.136026799557126],[16.169113178294598,25.27987441860475],[16.242256035437453,25.357893466223796],[16.327589368770788,25.45054108527142],[16.39097984496126,25.55294108527142],[16.388541749723167,25.757741085271423],[16.359284606866023,25.925969656699994],[16.37635127353269,26.09176013289047],[16.447056035437456,26.20391251384285],[16.49581794019936,26.291683942414284],[16.554332225913644,26.386769656699997],[16.644541749723167,26.440407751938093],[16.764008416389835,26.513550609080948],[16.924922702104123,26.67690299003333],[17.056579844961266,26.847569656700003],[17.12240841638984,27.01092203765238],[17.080960797342218,27.147455370985718],[17.039513178294598,27.286426799557148],[17.063894130675553,27.396141085271434],[17.151665559246982,27.52292203765239],[17.26625603543746,27.615569656700004],[17.41010365448508,27.713093466223818],[17.65147508305651,27.86669346622382],[17.80751317829461,28.032483942414295],[17.917227464008896,28.15926489479525],[18.00743698781842,28.300674418604775],[18.078141749723184,28.420141085271442],[18.173227464008896,28.45183632336668],[18.309760797342232,28.500598228128588],[18.424351273532704,28.51522679955716],[18.49261794019937,28.622502990033354]]}},{"type":"Feature","id":"rivers-14","properties":{"id":15,"name":null,"size":0,"continent":"Westeros","layer":"rivers","fid":"rivers-14"},"geometry":{"type":"LineString","coordinates":[[17.151665559246982,27.52292203765239],[17.151665559246982,27.52292203765239],[17.137036987818412,27.6716458471762],[17.073646511627935,27.759417275747634],[17.073646511627935,27.92520775193811],[17.18579889258032,28.090998228128587],[17.336960797342222,28.247036323366682],[17.327208416389844,28.383569656700015],[17.23943698781841,28.466464894795255],[17.1419131782946,28.51522679955716],[17.137036987818412,28.646883942414306],[17.171170321151745,28.77854108527145]]}},{"type":"Feature","id":"rivers-15","properties":{"id":16,"name":"Last River","size":0,"continent":"Westeros","layer":"rivers","fid":"rivers-15","slug":"last-river"},"geometry":{"type":"LineString","coordinates":[[16.639665559246975,32.045588704319094],[16.785951273532692,32.01145537098576],[16.96637032115174,31.977322037652428],[17.07364651162793,31.952941085271476],[17.107779844961264,31.91393156146195],[17.268694130675552,31.909055370985758],[17.31501794019936,31.838350609080997],[17.388160797342216,31.82616013289052],[17.495436987818408,31.709131561461948],[17.55638936877079,31.6311125138429],[17.629532225913646,31.526274418604803],[17.783132225913647,31.44581727574766],[17.953798892580316,31.462883942414326],[18.11227508305651,31.42143632336671],[18.35852270210413,31.350731561461945],[18.55357032115175,31.272712513842894],[18.626713178294604,31.160560132890513],[18.699856035437467,30.99964584717623],[18.79006555924699,30.853360132890515],[18.909532225913658,30.79972203765242],[19.080198892580324,30.804598228128608],[19.11920841638985,30.719264894795273],[19.289875083056515,30.697322037652416],[19.521494130675563,30.626617275747652],[19.687284606866044,30.529093466223845],[19.82137984496128,30.441322037652416],[19.882332225913665,30.26334108527146],[19.95547508305652,30.121931561461935],[20.03837032115176,29.987836323366697],[20.087132225913667,29.96101727574765],[20.20659889258033,29.912255370985743],[20.267551273532714,29.77084584717622],[20.34557032115176,29.74402679955717],[20.445532225913666,29.65625537098574],[20.64545603543748,29.653817275747645],[20.83075127353272,29.56360775193812],[20.91364651162796,29.424636323366688],[20.962408416389863,29.24421727574764],[21.006294130675577,28.983341085271444],[21.079436987818436,28.83949346622383],[21.230598892580343,28.6980839424143],[21.294504464644625,28.61991161497975],[21.330560797342248,28.52985537098573],[21.32133382289872,28.426792482437072],[21.289113178294627,28.344560132890493],[21.22328460686606,28.27385537098573],[21.18671317829463,28.17389346622382],[21.242789368770822,28.049550609080967],[21.34762746400892,27.903264894795246],[21.406141749723208,27.73747441860477],[21.43052270210416,27.581436323366674],[21.447589368770824,27.34981727574763],[21.525608416389872,27.2084077519381],[21.67746547071178,27.05383556420164],[21.67746547071178,27.05383556420164]]}},{"type":"Feature","id":"rivers-16","properties":{"id":17,"name":"Weeping Water","size":0,"continent":"Westeros","layer":"rivers","fid":"rivers-16","slug":"weeping-water"},"geometry":{"type":"LineString","coordinates":[[21.588692560463375,26.077333551469106],[21.588692560463375,26.077333551469106],[21.48416079734225,26.133207751938087],[21.347627464008916,26.16490299003333],[21.289113178294627,26.267302990033325],[21.254979844961294,26.40383632336666],[21.194027464008915,26.44772203765238],[21.094065559247007,26.44528394241428],[20.991665559247007,26.37945537098571],[20.864884606866053,26.372141085271426],[20.71859889258034,26.469664894795233],[20.65764651162796,26.552560132890477],[20.584503654485097,26.703722037652376],[20.540617940199386,26.808560132890474],[20.465036987818433,26.891455370985714],[20.34800841638986,26.937779180509523],[20.23097984496129,26.95484584717619],[20.148084606866053,27.030426799557144],[20.052998892580337,27.127950609080955],[19.967665559247003,27.215722037652384],[19.92865603543748,27.29374108527143],[19.865265559247003,27.33518870431905],[19.736046511627958,27.405893466223816],[19.670217940199382,27.481474418604765],[19.56537984496129,27.532674418604763],[19.49223698781843,27.564369656700006]]}},{"type":"Feature","id":"rivers-17","properties":{"id":18,"name":null,"size":0,"continent":"Westeros","layer":"rivers","fid":"rivers-17"},"geometry":{"type":"LineString","coordinates":[[16.127665559246974,23.78288394241426],[16.127665559246974,23.78288394241426],[15.93993222591364,23.829207751938064],[15.827779844961258,23.87796965669997],[15.759513178294592,23.990122037652355],[15.73025603543745,24.087645847176162],[15.65711317829459,24.155912513842832],[15.576656035437448,24.2217410852714],[15.569341749723163,24.326579180509498],[15.588846511627924,24.448483942414263],[15.530332225913638,24.541131561461878],[15.430370321151731,24.541131561461878],[15.308465559246969,24.528941085271402],[15.213379844961253,24.575264894795215],[15.130484606866014,24.70204584717617],[15.052465559246967,24.843455370985694],[14.97932270210411,24.923912513842836],[14.950065559246966,25.02387441860474],[14.925684606866014,25.179912513842837],[14.862294130675537,25.262807751938077],[14.82084651162792,25.32619822812855],[14.745265559246963,25.394464894795224],[14.691627464008869,25.460293466223792],[14.589227464008866,25.457855370985698],[14.52232090406455,25.497919125988304],[14.496579844961248,25.58463632336665],[14.384427464008866,25.745550609080937],[14.296656035437437,25.85282679955713],[14.252770321151722,25.88208394241427],[14.20888460686601,25.955226799557124],[14.125989368770771,25.95035060908094],[14.04797032115172,25.999112513842842],[13.979703654485053,26.047874418604746],[13.94069413067553,26.06737918050951],[13.823665559246956,26.106388704319034],[13.726141749723148,26.17953156146189],[13.701760797342194,26.238045847176178],[13.628617940199337,26.374579180509514],[13.628617940199337,26.496483942414276]]}},{"type":"Feature","id":"rivers-18","properties":{"id":19,"name":"Mander","size":0,"continent":"Westeros","layer":"rivers","fid":"rivers-18","slug":"mander"},"geometry":{"type":"LineString","coordinates":[[17.293075083056458,3.046883942414077],[17.18092270210408,2.939607751937892],[17.07364651162789,2.8957220376521775],[16.951741749723126,2.768941085271223],[16.863970321151697,2.6324077519378903],[16.746941749723128,2.578769656699798],[16.69330365448503,2.461741085271221],[16.649417940199317,2.378845847175988],[16.478751273532648,2.2520648947950406],[16.332465559246934,2.295950609080748],[16.249570321151698,2.1642934662236044],[16.117913178294554,2.0570172757474126],[15.952122702104077,2.013131561461705],[15.883856035437411,1.92048394241408],[15.830217940199317,1.7937029900331325],[15.800960797342173,1.6571696566998],[15.67417984496122,1.55476965669979],[15.46450365448503,1.4182363233664645],[15.35235127353265,1.3987315614617017],[15.17680841638979,1.4279887043188424],[15.035398892580268,1.364598228128358],[14.87448460686598,1.2621982281283621],[14.772084606865981,1.179302990033129],[14.596541749723125,1.1451696566997924],[14.396617940199315,1.0573982281283634],[14.372236987818363,0.8964839424140791],[14.308846511627888,0.7843315614616913],[14.172313178294553,0.6575506090807437],[14.14305603543741,0.5600267995569368],[14.162560797342172,0.4234934662236043],[14.099170321151696,0.2869601328902718],[14.065036987818367,0.14555060908074324],[14.09429413067551,-0.03486843853830379],[13.987017940199319,-0.1323922480621178],[13.923627464008842,-0.2299160575859247],[13.855360797342176,-0.3615732004430612],[13.68469413067551,-0.4639732004430641],[13.49939889258027,-0.5517446290144932],[13.245836987818366,-0.654144629014489],[13.19219889258027,-0.7126589147287845],[13.18244651162789,-0.844316057585921],[13.167817940199319,-0.9954779623478203],[13.055665559246938,-1.0783732004430675],[12.88499889258027,-1.112506533776397],[12.792351273532653,-1.2246589147287779],[12.728960797342175,-1.3563160575859214],[12.689951273532651,-1.5123541528240168],[12.538789368770747,-1.570868438538298],[12.358370321151702,-1.6635160575859231],[12.085303654485033,-1.7025255813954487],[11.890256035437416,-1.7464112956811562],[11.685456035437415,-1.8195541528240113],[11.553798892580271,-1.9170779623478325],[11.461151273532654,-1.9999732004430655],[11.32461794019932,-2.121877962347824],[11.270979844961223,-2.234030343300212],[11.158827464008844,-2.316925581395445],[10.997913178294557,-2.336430343300208],[10.85162746400885,-2.397382724252566],[10.744351273532653,-2.497344629014499],[10.62244651162789,-2.619249390919258],[10.568808416389796,-2.755782724252583],[10.563932225913604,-2.877687486157349],[10.451779844961225,-3.0288493909192624],[10.378636987818368,-3.160506533776399],[10.305494130675509,-3.2726589147287797],[10.251856035437413,-3.3750589147287826],[10.173836987818367,-3.448201771871638],[10.037303654485033,-3.4677065337764006],[9.881265559246938,-3.521344629014493],[9.793494130675509,-3.599363676633537],[9.676465559246937,-3.6725065337763994],[9.569189368770747,-3.6627541528240215],[9.481417940199318,-3.609116057585915],[9.447284606865985,-3.5652303433002075],[9.369265559246937,-3.5798589147287743],[9.227856035437414,-3.5603541528240115],[9.105951273532652,-3.521344629014493],[9.018179844961223,-3.4433255813954418],[8.910903654485033,-3.3604303433002087],[8.837760797342176,-3.253154152824017],[8.76949413067551,-3.126373200443062],[8.734141543571555,-3.048357462269891]]}},{"type":"Feature","id":"rivers-19","properties":{"id":20,"name":"Blueburn","size":0,"continent":"Westeros","layer":"rivers","fid":"rivers-19","slug":"blueburn"},"geometry":{"type":"LineString","coordinates":[[14.09429413067551,-0.03486843853830379],[14.09429413067551,-0.03486843853830379],[14.250332225913608,0.04802679955691502],[14.381989368770748,0.0431506090807261],[14.557532225913606,0.05290299003310395],[14.703817940199322,0.009017275747396525],[14.845227464008845,0.02852203765215222],[14.972008416389798,0.03827441860454428],[15.074408416389797,0.14555060908072903],[15.225570321151702,0.16993156146168076],[15.352351273532655,0.16993156146168076],[15.479132225913606,0.14555060908072903],[15.576656035437416,0.22356965669978024],[15.693684606865986,0.2333220376521581],[15.82046555924694,0.21381727574739529],[15.922865559246938,0.18456013289025464],[16.044770321151702,0.28696013289025046],[16.259322702104082,0.4234934662235901],[16.390979844961226,0.47225537098549353],[16.634789368770747,0.4478744186045418],[16.72256079734218,0.4088648947950162],[16.844465559246938,0.4039887043188273],[17.029760797342178,0.32109346622359425],[17.244313178294558,0.26745537098548766],[17.385722702104083,0.26257918050929874],[17.605151273532655,0.21869346622359132],[17.717303654485033,0.22844584717596916],[17.907475083056465,0.2869601328902647],[18.019627464008845,0.3698553709854977],[18.107398892580274,0.41374108527121223],[18.26831317829456,0.4673791805093046],[18.321951273532655,0.5649029900331115],[18.40484651162789,0.6868077519378772],[18.48774174972313,0.7940839424140691],[18.56576079734218,0.8672267995569314]]}},{"type":"Feature","id":"rivers-20","properties":{"id":21,"name":"Cockleswent","size":0,"continent":"Westeros","layer":"rivers","fid":"rivers-20","slug":"cockleswent"},"geometry":{"type":"MultiLineString","coordinates":[[[12.689951273532651,-1.5123541528240168],[12.93376079734217,-1.4977255813954642],[13.11905603543741,-1.522106533776416],[13.294598892580266,-1.4977255813954642],[13.406751273532645,-1.526982724252612],[13.567665559246933,-1.595249390919271],[13.777341749723123,-1.5708684385383194],[13.987017940199312,-1.595249390919271],[14.16743698781836,-1.6830208194907073],[14.308846511627886,-1.8098017718716548],[14.440503654485028,-1.9122017718716577],[14.698941749723122,-2.0243541528240385],[15.040275083056457,-1.9999732004430868],[15.405989368770744,-1.98534462901452]],[[15.405989368770744,-1.98534462901452],[15.547398892580265,-1.9463351052049873],[15.752198892580266,-1.88294462901451]],[[15.405989368770744,-1.98534462901452],[15.527894130675504,-2.0292303433002274],[15.60591317829455,-2.0974970099668937]]]}},{"type":"Feature","id":"rivers-21","properties":{"id":22,"name":null,"size":0,"continent":"Westeros","layer":"rivers","fid":"rivers-21"},"geometry":{"type":"MultiLineString","coordinates":[[[10.546865559246942,5.026617275747483],[10.42496079734218,4.938845847176054],[10.429836987818371,4.763302990033196],[10.43471317829456,4.602388704318912],[10.390827464008847,4.41221727574748],[10.410332225913608,4.329322037652247],[10.449341749723132,4.261055370985574],[10.376198892580273,4.139150609080815],[10.371322702104084,4.0855125138427155],[10.463970321151704,3.9782363233665237],[10.444465559246941,3.9148458471760463],[10.483475083056465,3.8026934662236656],[10.468846511627895,3.7100458471760547],[10.517608416389798,3.5296267995570005],[10.498103654485037,3.4223506090808016],[10.454217940199324,3.28094108527128],[10.395703654485038,3.212674418604621],[10.400579844961227,3.100522037652233],[10.459094130675512,3.007874418604615],[10.42008460686599,2.9103506090808082],[10.43471317829456,2.7640648947950908],[10.468846511627895,2.5982744186046105],[10.532236987818372,2.451988704318893],[10.532236987818372,2.3252077519379384],[10.498103654485037,2.1594172757474652],[10.473722702104086,1.9838744186046071],[10.463970321151704,1.7449410852712717],[10.551741749723133,1.5937791805093653],[10.639513178294562,1.4621220376522146],[10.776046511627897,1.3645982281284077],[10.806522702104088,1.2743887043188877],[10.800427464008848,1.1744267995569757]],[[10.800427464008848,1.1744267995569757],[10.85650365448503,1.2292839424140496],[10.895513178294555,1.2463506090807144],[10.900389368770746,1.2865791805092854]],[[10.800427464008848,1.1744267995569757],[10.732160797342184,1.0964077519379316],[10.629760797342183,1.0183887043188875],[10.634636987818372,0.9549982281284031],[10.663894130675514,0.867226799556974],[10.659017940199323,0.7404458471760265],[10.60050365448504,0.6477982281284014],[10.571246511627896,0.5502744186045945],[10.59562746400885,0.45275060908078757],[10.61025603543742,0.3405982281283997],[10.604160797342178,0.24916965669983426],[10.540770321151705,0.17480775193791942],[10.55296079734218,0.10410299003316226],[10.515170321151704,0.0358363233664889],[10.539551273532659,-0.05559224806207652],[10.608409565552106,-0.13931537113941772],[10.70290365448504,-0.20553510520493745],[10.733379844961231,-0.32256367663350716],[10.78092270210409,-0.48957320044304],[10.805303654485042,-0.6395160575858867],[10.89795127353266,-0.8199351052049408],[10.933303654485043,-0.930868438538262],[10.92355127353266,-1.1137255813954212],[10.975970321151708,-1.2051541528239866],[11.078370321151711,-1.2149065337763645],[11.128351273532662,-1.2575732004430407]],[[11.128351273532662,-1.2575732004430407],[11.11981794019933,-1.3270589147287524],[11.068617940199331,-1.3624112956811203],[11.029608416389806,-1.4172684385382794],[11.07168913378746,-1.4644802766157312],[11.072275083056468,-1.5147922480620863],[11.040579844961234,-1.5574589147287483],[11.068617940199333,-1.6098779623478094],[11.050332225913614,-1.6525446290144714],[10.990598892580278,-1.6757065337763777],[10.89795127353266,-1.717154152823987],[10.824808416389804,-1.824430343300186],[10.84675127353266,-1.9804684385382743],[10.912579844961233,-2.0926208194906692],[10.890636987818375,-2.219401771871617],[10.85162746400885,-2.397382724252566]],[[11.128351273532662,-1.2575732004430407],[11.132008416389793,-1.1710208194906997],[11.136884606865983,-1.1076303433002153]]]}},{"type":"Feature","id":"rivers-22","properties":{"id":23,"name":"Honeywine","size":0,"continent":"Westeros","layer":"rivers","fid":"rivers-22","slug":"honeywine"},"geometry":{"type":"MultiLineString","coordinates":[[[7.696900171195368,-6.760466788183777],[7.733303654485025,-6.620163676633581],[7.855208416389787,-6.473877962347871],[7.913722702104073,-6.322716057585957],[7.88446555924693,-6.142297009966917],[7.942979844961216,-5.9277446290145335],[7.977113178294549,-5.693687486157387],[8.001494130675502,-5.474258914728814],[7.99174174972312,-5.327973200443104]],[[7.99174174972312,-5.327973200443104],[7.913722702104073,-5.186563676633575],[7.801570321151692,-5.0987922480621535],[7.7528084163897875,-5.025649390919298],[7.7723131782945485,-4.937877962347869],[7.835703654485025,-4.8062208194907186],[7.840579844961215,-4.62092558139549],[7.860084606865977,-4.547782724252627],[7.816198892580262,-4.460011295681198],[7.801570321151692,-4.381992248062154],[7.840579844961215,-4.308849390919299]],[[7.99174174972312,-5.327973200443104],[8.018560797342168,-5.235325581395486],[8.091703654485025,-5.201192248062156],[8.174598892580264,-5.137801771871672],[8.19654174972312,-5.030525581395487],[8.22823698781836,-4.896430343300246],[8.337951273532644,-4.83060177187167],[8.44766555924693,-4.774525581395473],[8.528122702104072,-4.672125581395477],[8.671970321151692,-4.486830343300248]]]}},{"type":"Feature","id":"rivers-23","properties":{"id":24,"name":"Torentine","size":0,"continent":"Westeros","layer":"rivers","fid":"rivers-23","slug":"torentine"},"geometry":{"type":"MultiLineString","coordinates":[[[12.073113178294548,-6.45924939091929],[11.965836987818356,-6.225192248062143],[11.653760797342166,-6.049649390919285],[11.448960797342165,-5.961877962347856],[11.28317032115169,-5.854601771871671],[11.156389368770737,-5.757077962347857],[11.117379844961215,-5.5425255813954735],[11.039360797342166,-5.386487486157385],[10.980846511627881,-5.269458914728816]],[[11.36649194535868,-8.260261745538536],[11.507475083056452,-8.039135105205006],[11.5854941306755,-7.834335105205],[11.614751273532644,-7.6782970099669114],[11.780541749723119,-7.610030343300245],[11.917075083056453,-7.414982724252624],[12.024351273532643,-7.249192248062144],[12.160884606865975,-7.190677962347856],[12.258408416389784,-7.034639867109767],[12.170636987818357,-6.88835415282405],[12.08286555924693,-6.77132558139548],[12.043856035437404,-6.634792248062141],[12.073113178294548,-6.45924939091929]],[[12.073113178294548,-6.45924939091929],[12.287665559246928,-6.166677962347862],[12.355932225913596,-5.9131160575859525],[12.50221794019931,-5.757077962347857],[12.472960797342166,-5.513268438538333],[12.580236987818358,-5.318220819490719],[12.638751273532645,-5.181687486157379],[12.658256035437406,-4.850106533776426],[12.658256035437406,-4.51852558139548],[12.736275083056453,-4.2552112956811925],[12.785036987818359,-4.177192248062148]]]}},{"type":"Feature","id":"rivers-24","properties":{"id":25,"name":"Brimstone","size":0,"continent":"Westeros","layer":"rivers","fid":"rivers-24","slug":"brimstone"},"geometry":{"type":"LineString","coordinates":[[16.639602814114365,-10.451550951144085],[16.59334174972312,-10.267554152824061],[16.442179844961217,-10.01399224806216],[16.315398892580262,-9.872582724252638],[16.222751273532644,-9.755554152824061],[16.25200841638979,-9.589763676633588],[16.16911317829455,-9.501992248062152],[16.208122702104074,-9.302068438538349],[16.227627464008837,-9.204544629014535],[16.325151273532644,-9.077763676633587],[16.203246511627885,-8.93147796234787],[16.095970321151693,-8.721801771871682]]}},{"type":"Feature","id":"rivers-25","properties":{"id":26,"name":"Greenblood","size":0,"continent":"Westeros","layer":"rivers","fid":"rivers-25","slug":"greenblood"},"geometry":{"type":"LineString","coordinates":[[24.045132432205598,-9.264797308875835],[23.93688460686597,-9.175287486157394],[23.771094130675493,-9.175287486157394],[23.55654174972311,-9.06801129568121],[23.361494130675492,-8.989992248062151],[23.21520841638978,-8.999744629014543],[23.029913178294542,-8.98023986710978],[22.903132225913588,-8.882716057585966],[22.844617940199306,-8.804697009966922],[22.854370321151684,-8.716925581395493],[22.669075083056445,-8.716925581395493],[22.249722702104062,-8.775439867109782],[21.927894130675494,-8.775439867109782],[21.762103654485017,-8.833954152824063],[21.411017940199304,-8.775439867109782],[21.313494130675494,-8.668163676633583]]}},{"type":"Feature","id":"rivers-26","properties":{"id":27,"name":"The Vaith","size":0,"continent":"Westeros","layer":"rivers","fid":"rivers-26","slug":"the-vaith"},"geometry":{"type":"LineString","coordinates":[[21.313494130675494,-8.668163676633583],[21.22084651162787,-8.736430343300242],[21.0014179401993,-8.81932558139549],[20.92339889258025,-8.887592248062155],[20.72835127353263,-8.926601771871674],[20.582065559246917,-8.989992248062151],[20.455284606865966,-9.019249390919299],[20.362636987818345,-8.975363676633577],[20.255360797342156,-8.9656112956812],[20.17734174972311,-9.072887486157391],[20.01642746400882,-9.13140177187168],[19.840884606865963,-9.12652558139549],[19.762865559246915,-9.102144629014532],[19.733608416389774,-9.063135105205014],[19.660465559246916,-9.082639867109776]]}},{"type":"Feature","id":"rivers-27","properties":{"id":28,"name":"The Scourge","size":0,"continent":"Westeros","layer":"rivers","fid":"rivers-27","slug":"the-scourge"},"geometry":{"type":"LineString","coordinates":[[21.313494130675494,-8.668163676633583],[21.167208416389773,-8.56576367663358],[21.03067508305644,-8.487744629014536],[20.860008416389775,-8.438982724252632],[20.762484606865964,-8.487744629014536],[20.63570365448501,-8.521877962347865],[20.533303654485014,-8.580392248062154],[20.40164651162787,-8.585268438538343],[20.21147508305644,-8.575516057585965],[20.035932225913584,-8.575516057585965],[19.957913178294536,-8.629154152824057],[19.79212270210406,-8.56576367663358],[19.6165798449612,-8.492620819490725],[19.431284606865965,-8.487744629014536],[19.319132225913584,-8.390220819490722],[19.216732225913585,-8.273192248062152],[19.08019889258025,-8.224430343300249],[19.007056035437394,-8.136658914728827],[18.958294130675487,-8.08302081949072],[18.89002746400882,-8.097649390919294],[18.80225603543739,-7.970868438538346],[18.768122702104055,-7.926982724252632],[18.62183698781834,-7.7660684385383405]]}},{"type":"Feature","id":"rivers-28","properties":{"id":29,"name":null,"size":0,"continent":"Westeros","layer":"rivers","fid":"rivers-28"},"geometry":{"type":"LineString","coordinates":[[16.73304798279691,-6.552551287865128],[16.476313178294532,-6.503135105205004],[16.24713222591358,-6.5080112956812],[16.003322702104057,-6.5567732004430965],[15.813151273532629,-6.68843034330024],[15.627856035437391,-6.668925581395477],[15.491322702104059,-6.737192248062151],[15.3157798449612,-6.639668438538337],[15.10610365448501,-6.62503986710977],[14.945189368770723,-6.693306533776429],[14.80865603543739,-6.717687486157388],[14.623360797342153,-6.678677962347869],[14.4965798449612,-6.717687486157388],[14.321036987818344,-6.668925581395477],[14.184503654485011,-6.639668438538337]]}},{"type":"Feature","id":"rivers-29","properties":{"id":30,"name":null,"size":0,"continent":"Westeros","layer":"rivers","fid":"rivers-29"},"geometry":{"type":"LineString","coordinates":[[17.83453290864234,-4.2292707814954795],[17.607589368770725,-4.221077962347863],[17.422294130675485,-4.260087486157381],[17.315017940199297,-4.323477962347859],[17.154103654485013,-4.269839867109766],[17.03219889258025,-4.216201771871667],[16.920046511627866,-4.230830343300241],[16.759132225913582,-4.372239867109769],[16.66160841638977,-4.464887486157387],[16.583589368770724,-4.5282779623478575],[16.442179844961203,-4.572163676633572],[16.373913178294536,-4.659935105205008],[16.291017940199296,-4.630677962347853],[16.22762746400882,-4.645306533776427],[16.159360797342153,-4.733077962347863],[15.969189368770726,-4.752582724252626],[15.744884606865963,-4.796468438538334],[15.564465559246917,-4.884239867109763],[15.413303654485013,-4.884239867109763],[15.271894130675488,-4.854982724252622]]}},{"type":"Feature","id":"rivers-30","properties":{"id":31,"name":null,"size":0,"continent":"Westeros","layer":"rivers","fid":"rivers-30"},"geometry":{"type":"LineString","coordinates":[[19.89499887809233,-3.4046171678720754],[19.865265559246915,-3.2555922480621504],[19.894522702104055,-3.0702970099669074],[19.962789368770725,-2.914258914728805],[19.962789368770725,-2.816735105204998],[20.089570321151673,-2.719211295681191],[20.05056079734215,-2.631439867109769],[20.01155127353263,-2.533916057585955],[20.070065559246913,-2.4071351052050005],[19.982294130675484,-2.2998589147288158],[19.875017940199292,-2.2120874861573796],[19.884770321151674,-2.0560493909192914],[19.982294130675484,-1.8610017718716705],[20.079817940199295,-1.6952112956811902],[20.187094130675487,-1.6171922480621461],[20.274865559246912,-1.5196684385383392],[20.284617940199293,-1.3148684385383334]]}},{"type":"Feature","id":"rivers-31","properties":{"id":32,"name":"Wendwater","size":0,"continent":"Westeros","layer":"rivers","fid":"rivers-31","slug":"wendwater"},"geometry":{"type":"LineString","coordinates":[[22.238149350788113,3.5165016480884788],[22.239970321151677,3.434541085271192],[22.186332225913585,3.3175125138426225],[22.15219889258025,3.24436965669976],[22.200960797342155,3.156598228128331],[22.147322702104063,3.088331561461665],[22.157075083056437,2.98105537098548],[22.15219889258025,2.878655370985477],[22.093684606865963,2.790883942414048],[21.913265559246916,2.7469982281283336],[21.762103654485013,2.6592267995569117],[21.63532270210406,2.5860839424140494],[21.557303654485015,2.430045847175954],[21.489036987818345,2.33252203765214],[21.43052270210406,2.1911125138426186],[21.33299889258025,2.059455370985475],[21.240351273532635,2.0253220376521384],[21.162332225913584,1.9034172757473797],[21.04530365448501,1.8644077519378612],[20.869760797342156,1.874160132890239],[20.738103654485013,1.874160132890239],[20.684465559246913,1.8400267995569095],[20.60157032115168,1.7278744186045216],[20.52355127353263,1.693741085271192],[20.465036987818348,1.5620839424140485],[20.333379844961204,1.4694363233664234],[20.27486555924692,1.3865410852711975],[20.152960797342157,1.3231506090807201]]}},{"type":"Feature","id":"rivers-32","properties":{"id":33,"name":null,"size":0,"continent":"Westeros","layer":"rivers","fid":"rivers-32"},"geometry":{"type":"LineString","coordinates":[[21.489036987818345,2.33252203765214],[21.37688460686596,2.352026799556917],[21.26960841638977,2.430045847175961],[21.235475083056436,2.5031887043188163],[21.176960797342154,2.5958363233664343],[21.06480841638977,2.620217275747393],[20.942903654485008,2.5714553709854826],[20.757608416389772,2.5860839424140494],[20.67471317829453,2.6543506090807227],[20.582065559246914,2.7469982281283407]]}},{"type":"Feature","id":"rivers-33","properties":{"id":34,"name":"Antler","size":0,"continent":"Westeros","layer":"rivers","fid":"rivers-33","slug":"antler"},"geometry":{"type":"MultiLineString","coordinates":[[[17.49430608416083,37.435854721339574],[17.35460622058648,37.4847496735906],[17.193951377475976,37.526659632662906],[17.117116452510082,37.58253957809265],[17.026311541186754,37.645404516701106],[16.907566657148553,37.75017941438187]],[[17.49430608416083,37.435854721339574],[17.368576206943914,37.4253772315715],[17.246338826316357,37.411407245214065],[17.134578935456872,37.42886972816086],[17.050759017312263,37.48125717700124],[16.928521636684703,37.505704653126756]],[[17.773705811309537,37.31710983730137],[17.689885893164924,37.39743725885663],[17.69337838975428,37.47077968723317],[17.63749844432454,37.526659632662906],[17.56066351935865,37.56507709514585],[17.504783573928904,37.6209570405756],[17.455888621677882,37.72922443484572],[17.382546193301348,37.82002934616905]],[[17.773705811309537,37.31710983730137],[17.654960927271336,37.34504981001625],[17.564156015948008,37.38695976908855],[17.49430608416083,37.435854721339574]],[[19.567940787703463,37.14124152348175],[19.42216420148689,37.170424980548304],[19.331359290163558,37.19137996008446],[19.268494351555102,37.2472599055142],[19.226584392482795,37.21233493962062],[19.163719453874336,37.16343998736959],[19.114824501623318,37.17740997372702],[19.04497456983614,37.19137996008446],[18.982109631227683,37.18439496690574],[18.940199672155376,37.128515021476005],[18.856379754010764,37.121530028297286],[18.772559835866154,37.19137996008446],[18.667784938185388,37.18439496690574],[18.590950013219494,37.156454994190874],[18.48617511553873,37.170424980548304],[18.388385211036685,37.19137996008446],[18.297580299713356,37.16343998736959],[18.17883541567516,37.16343998736959],[18.081045511173112,37.21233493962062],[17.99024059984978,37.275199878229074],[17.878480708990303,37.31710983730137],[17.773705811309537,37.31710983730137]]]}},{"type":"Feature","id":"rivers-34","properties":{"id":35,"name":"Milkwater","size":0,"continent":"Westeros","layer":"rivers","fid":"rivers-34","slug":"milkwater"},"geometry":{"type":"LineString","coordinates":[[15.179522053449706,34.26780258649366],[15.332450695347731,34.386905198829346],[15.360390668062601,34.45675513061652],[15.388330640777472,34.49866508968883],[15.465165565743366,34.57550001465472],[15.521045511173106,34.59645499419087],[15.548985483887977,34.701229891871634],[15.597880436138999,34.799019796373685],[15.709640326998482,34.90379469405445],[15.821400217857963,34.90379469405445],[15.954115088253598,34.938719659948035],[16.03095001321949,35.01555458491393],[16.0728599722918,35.06444953716495],[16.205574842687433,35.10635949623726],[16.345274706261783,35.190179414381866],[16.46401959029998,35.26701433934776],[16.519899535729724,35.336864271134935],[16.561809494802027,35.455609155173136],[16.561809494802027,35.63023398464108],[16.53386952208716,35.77691884139415],[16.53386952208716,35.94455867768337],[16.512914542551005,36.05631856854285],[16.457034597121265,36.13315349350874],[16.38019967215537,36.27285335708309],[16.331304719904345,36.41953821383616],[16.275424774474608,36.496373138802056],[16.289394760832042,36.636073002376406],[16.24049980858102,36.77577286595076],[16.17763486997256,36.90150274316768],[16.079844965470517,37.034217613563314],[15.996025047325903,37.1878874634951],[15.863310176930268,37.33457232024817],[15.723610313355916,37.4672871906438],[15.646775388390024,37.56507709514585],[15.472150558922083,37.61397204739688],[15.136870886343639,37.690806972362765],[14.892396125088522,37.74668691779251],[14.682846329726996,37.809551856400965],[14.564101445688795,37.85146181547327],[14.43138657529316,37.89337177454558],[14.284701718540092,38.088951583549665],[14.193896807216763,38.24262143348145],[14.110076889072152,38.39629128341324],[13.94243705278293,38.54996113334503],[13.837662155102166,38.65473603102579],[13.746857243778836,38.77348091506399]]}},{"type":"Feature","id":"rivers-35","properties":{"id":36,"name":null,"size":0,"continent":"Westeros","layer":"rivers","fid":"rivers-35"},"geometry":{"type":"LineString","coordinates":[[14.43138657529316,37.89337177454558],[14.28819421512945,37.88987927795622],[14.071659426589203,37.90384926431365],[13.949422045961647,37.88638678136686]]}},{"type":"Feature","id":"rivers-36","properties":{"id":37,"name":null,"size":0,"continent":"Westeros","layer":"rivers","fid":"rivers-36"},"geometry":{"type":"LineString","coordinates":[[16.561809494802027,35.455609155173136],[16.638644419767925,35.65468146076659],[16.694524365197665,35.78739633116222],[16.806284256057147,35.93408118791529],[16.91804414691663,36.07378105148965],[17.099653969563285,36.15061597645553],[17.246338826316357,36.30428582638732],[17.386038689890707,36.43001570360424],[17.539708539822495,36.47891065585526],[17.735288348826586,36.534790601285],[17.944838144188115,36.45097068314039],[18.168357925907078,36.3741357581745],[18.217252878158103,36.31127081956604],[18.294087803123993,36.17157095599169],[18.426802673519628,36.10870601738323],[18.608412496166288,36.06679605831093],[18.74811235974064,36.0179011060599],[18.964647148280882,35.94805117427273],[19.055452059604214,35.89217122884298]]}},{"type":"Feature","id":"rivers-37","properties":{"id":38,"name":null,"size":0,"continent":"Westeros","layer":"rivers","fid":"rivers-37"},"geometry":{"type":"LineString","coordinates":[[18.217252878158103,36.31127081956604],[18.363937734911172,36.35318077863835],[18.496652605306803,36.44398568996168],[18.60142750298757,36.45795567631911],[18.80399230517038,36.4928806422127],[18.86685724377884,36.534790601285]]}},{"type":"Feature","id":"rivers-38","properties":{"id":39,"name":null,"size":0,"continent":"Westeros","layer":"rivers","fid":"rivers-38"},"geometry":{"type":"LineString","coordinates":[[16.38019967215537,36.27285335708309],[16.226529822223583,36.3147633161554],[16.104292441596026,36.34270328887027],[15.901727639413217,36.29730083320861],[15.765520272428223,36.29730083320861],[15.643282891800666,36.3147633161554],[15.510568021405032,36.363658268406425]]}},{"type":"Feature","id":"rivers-39","properties":{"id":40,"name":null,"size":0,"continent":"Westeros","layer":"rivers","fid":"rivers-39"},"geometry":{"type":"MultiLineString","coordinates":[[[13.683992305170378,40.04125717700124],[13.589694897257688,40.18095704057559],[13.488412496166283,40.36955185640096],[13.401100081432315,40.48131174726045],[13.226475251964375,40.66641406649646],[13.069312905443228,40.79563644030274],[12.859763110081701,40.949306290234524],[12.754988212400935,41.0191562220217]],[[13.683992305170378,40.04125717700124],[13.600608949099435,40.09277150169428],[13.523337462059871,40.1041221156097],[13.436025047325902,40.153017067860716],[13.376652605306804,40.153017067860716],[13.29632518375155,40.12856959173521],[13.226475251964375,40.139047081503286],[13.135670340641045,40.163494557628795],[13.083282891800664,40.19492702693302]],[[15.646775388390024,37.56507709514585],[15.636297898621951,37.666359496237256],[15.503583028226318,37.82701433934776],[15.391823137366835,38.00513166540506],[15.301018226043505,38.08895158354967],[15.220690804488255,38.169279005104926],[15.060035961377748,38.305486372089916],[14.67935383313764,38.52900615380888],[14.644428867244049,38.595363589006695],[14.543146466152644,38.74554094234912],[14.46281904459739,38.843330846851174],[14.406939099167648,39.02144817290847],[14.375506629863422,39.258937940984865],[14.361536643505985,39.360220342076275],[14.37899912645278,39.496427709061265],[14.354551650327267,39.60818759992075],[14.263746739003938,39.68153002829728],[14.13801686178702,39.71994749078023],[13.977362018676518,39.786304925978044],[13.816707175566012,39.85615485776522],[13.683992305170378,40.04125717700124]]]}},{"type":"Feature","id":"rivers-40","properties":{"id":41,"name":null,"size":0,"continent":"Westeros","layer":"rivers","fid":"rivers-40"},"geometry":{"type":"MultiLineString","coordinates":[[[8.175015497530541,35.97075240210355],[8.00737566124132,35.94281242938868],[7.846720818130815,35.879947490780225],[7.776870886343639,35.79612757263561],[7.546366111445958,35.71929264766972],[7.484312412442598,35.6788246336]],[[8.073016975142595,35.22561556548968],[8.105165565743366,35.502757859129474],[8.133105538458237,35.70532266131228],[8.175015497530541,35.97075240210355]],[[8.175015497530541,35.97075240210355],[8.293760381568742,36.040602333890725],[8.461400217857964,36.05457232024816],[8.524265156466422,36.061557313426874],[8.608085074611033,36.152362224750206],[8.768739917721538,36.23618214289482],[8.88049980858102,36.285077095145844],[9.041154651691524,36.37588200646917],[9.131959563014854,36.48764189732866],[9.180854515265876,36.683221706332745],[9.194824501623312,36.822921569907095],[9.104019590299984,36.941666453945295],[9.05512463804896,37.04644135162606],[9.138944556193572,37.16518623566426],[9.20180949480203,37.26996113334502],[9.25768944023177,37.40267600374066],[9.222764474338183,37.52840588095758],[9.313569385661511,37.64016577181706],[9.43231426969971,37.710015703604235],[9.52311918102304,37.80082061492756],[9.641864065061238,37.94750547168063],[9.711713996848415,38.05926536254012],[9.802518908171743,38.17801024657831],[9.802518908171743,38.26183016472292]],[[9.802518908171743,38.26183016472292],[9.72568398320585,38.30374012379523],[9.572014133274063,38.43645499419086]],[[9.802518908171743,38.26183016472292],[9.900308812673789,38.345650082867536],[10.040008676248142,38.52725990551419]]]}},{"type":"Feature","id":"rivers-41","properties":{"id":42,"name":null,"size":0,"continent":"Westeros","layer":"rivers","fid":"rivers-41"},"geometry":{"type":"LineString","coordinates":[[16.156024066182237,42.822707779380124],[15.991222864515535,42.809060724068075],[15.816598035047596,42.809060724068075],[15.718808130545549,42.809060724068075],[15.662928185115806,42.72524080592347],[15.614033232864786,42.55061597645553],[15.551168294256327,42.4598110651322],[15.439408403396845,42.431871092417325],[15.320663519358646,42.43885608559604],[15.257798580750187,42.341066181094],[15.166993669426859,42.27820124248554],[15.055233778567377,42.285186235664256],[15.02030881267379,42.264231256128106],[14.936488894529177,42.16644135162606],[14.87362395592072,42.13151638573247]]}},{"type":"Feature","id":"rivers-42","properties":{"id":43,"name":null,"size":0,"continent":"Westeros","layer":"rivers","fid":"rivers-42"},"geometry":{"type":"MultiLineString","coordinates":[[[19.26901623520668,15.942033869990219],[19.106410372014498,15.95454201331269],[19.023022749864662,15.942033869990219],[18.88126379220994,15.937864488882731],[18.7478435967702,15.90867882113028],[18.647778450190394,15.82946058008794],[18.635270306867916,15.725226052400643]],[[19.26901623520668,15.942033869990219],[19.24399994856173,15.82946058008794],[19.256508091884204,15.771089244583052],[19.22315304302427,15.666854716895756]],[[22.067599049961384,16.681421840439796],[21.895726332926554,16.650828658263833],[21.829016235206684,16.550763511684032],[21.749797994164332,16.504900319501623],[21.670579753121988,16.559102273899008],[21.608039036509613,16.617473609403902],[21.52882079546727,16.62164299051139],[21.487126984392347,16.559102273899008],[21.487126984392347,16.45486774621172],[21.46628007885489,16.346463837416927],[21.38289245670505,16.271414977482074],[21.33285988341515,16.19636611754722],[21.18276216354544,16.14216416314983],[21.0493419681057,16.092131589859925],[20.924260534880947,16.18802735533224],[20.874227961591046,16.26724559637458],[20.769993433903746,16.3631413618469],[20.694944573968897,16.346463837416927],[20.644912000678993,16.271414977482074],[20.628234476249027,16.204704879762204],[20.532338710776713,16.137994782042334],[20.528169329669222,16.071284684322464],[20.478136756379318,15.950372632205202],[20.411426658659447,15.892001296700315],[20.269667701004725,15.879493153377837],[20.111231218920036,15.871154391162861],[20.00699669123274,15.921186964452758],[19.95696411794284,16.012913348817577],[19.886084639115474,16.12965601982735],[19.769341968105703,16.171349830902273],[19.652599297095932,16.137994782042334],[19.49833219611873,16.06294592210748],[19.323218189604074,15.992066443280123],[19.26901623520668,15.942033869990219]]]}},{"type":"Feature","id":"rivers-43","properties":{"id":44,"name":null,"size":0,"continent":"Westeros","layer":"rivers","fid":"rivers-43"},"geometry":{"type":"LineString","coordinates":[[22.270842291845902,16.06468372713504],[22.095856626086157,15.983727681065133],[22.008299622828826,15.875323772270349],[21.858201902959117,15.729395433508131],[21.599700274294623,15.633499668035817],[21.40790874335,15.566789570315947],[21.261980404587785,15.633499668035817],[21.111882684718076,15.583467094745913],[21.00347877592329,15.450046899306173],[20.96178496484837,15.366659277156337],[20.978462489278336,15.241577843931587],[20.907583010450978,15.195714651749178],[20.778332196118726,15.145682078459274],[20.582371284066614,15.008092501912039],[20.394749134229478,15.012261883019534],[20.232143271037298,14.995584358589568],[20.186280078854885,14.928874260869698],[20.08621493227508,14.857994782042333],[20.032012977877688,14.84965601982735]]}},{"type":"Feature","id":"rivers-44","properties":{"id":45,"name":null,"size":0,"continent":"Westeros","layer":"rivers","fid":"rivers-44"},"geometry":{"type":"LineString","coordinates":[[21.95312871832527,14.75878749479655],[21.84986314074414,14.724574586602593]]}},{"type":"Feature","id":"rivers-45","properties":{"id":46,"name":null,"size":0,"continent":"Westeros","layer":"rivers","fid":"rivers-45"},"geometry":{"type":"MultiLineString","coordinates":[[[18.50185011142818,13.74477002634201],[18.351752391558474,13.811480124061873],[18.247517863871177,13.957408462824084],[18.155791479506355,14.069981752726363],[17.83057975312199,14.049134847188903],[17.651296365499842,14.032457322758944],[17.55956998113502,14.007441036113988],[17.434488547910263,14.06164299051138],[17.42614978569528,14.153369374876199],[17.33442340133046,14.228418234811052],[17.251035779180622,14.290958951423434],[17.171817538138278,14.445226052400628],[17.030058580483555,14.511936150120498],[16.950840339441207,14.541121817872941]],[[18.50185011142818,13.74477002634201],[18.351752391558474,13.619688593117253],[18.268364769408635,13.5988416875798],[18.176638385043816,13.615519212009765],[18.126605811753915,13.519623446537445],[18.043218189604076,13.407050156635172],[17.834749134229483,13.369525726667746],[17.722175844327204,13.348678821130285],[17.530384313382577,13.327831915592824],[17.413641642372806,13.236105531228006],[17.326084639115475,13.073499668035822],[17.263543922503096,12.973434521456014],[17.125954345955865,12.910893804843631]],[[19.535856626086158,13.623857974224748],[19.456638385043814,13.698906834159601],[19.306540665174108,13.786463837416932],[19.21898366191678,13.87819022178175],[19.13142665865945,13.94490031950162],[18.92712698439235,13.915714651749177],[18.68113349905033,13.915714651749177],[18.601915258007985,13.823988267384358],[18.50185011142818,13.74477002634201]],[[19.535856626086158,13.623857974224748],[19.302371284066616,13.461252111032564],[19.077224704262054,13.482099016570025],[18.86458626777997,13.515454065429957],[18.68530288015782,13.490437778785008]],[[21.353706788952604,14.270112045885988],[21.18276216354544,14.153369374876213],[21.091035779180622,14.040796084973927],[20.886736104913517,13.982424749469047],[20.76582405279625,13.886528983996733],[20.607387570711563,13.849004554029307],[20.35722470426205,13.861512697351777],[20.15292502999495,13.87819022178175],[19.98614978569528,13.823988267384358],[19.87774587690049,13.73643126412702],[19.635921772665963,13.719753739697055],[19.535856626086158,13.623857974224748]]]}},{"type":"Feature","id":"rivers-46","properties":{"id":47,"name":null,"size":0,"continent":"Essos","layer":"rivers","fid":"rivers-46"},"geometry":{"type":"LineString","coordinates":[[33.73773255380201,-0.13462029628736616],[33.8535113492132,-0.003764175612396059],[33.903543922503104,0.11714787650486613],[33.91605206582558,0.22972116640715257],[34.05364164237281,0.33395569409444903],[34.21624750556499,0.42985145956676263],[34.383022749864665,0.5757797983289734],[34.42888594204708,0.6925224693387477],[34.52478170751939,0.807180449794771]]}},{"type":"Feature","id":"rivers-47","properties":{"id":48,"name":null,"size":0,"continent":"Essos","layer":"rivers","fid":"rivers-47"},"geometry":{"type":"LineString","coordinates":[[54.17924424823603,-13.15607687919546],[54.16256672380605,-12.801679485058592],[54.11253415051615,-12.593210429684007],[54.01246900393635,-12.351386325449475],[54.00413024172136,-11.901093165840358],[54.00413024172136,-11.617575250530912],[53.85403252185166,-11.384089908511363],[53.93742014400149,-11.125588279846873],[53.97911395507641,-10.792037791247523],[53.88738757071159,-10.525197400368043],[53.67057975312201,-10.400115967143286],[53.42875564888749,-10.250018247273573],[53.362045551167625,-9.974839094179117],[53.186931544652964,-9.866435185384326],[52.978462489278364,-9.741353752159569],[52.81168724497869,-9.707998703299637],[52.653250762894004,-9.657966130009726],[52.561524378529185,-9.499529647925037],[52.53650809188424,-9.366109452485297],[52.36973284758456,-9.282721830335468],[52.219635127714845,-9.232689257045557],[52.04452112120019,-9.057575250530903]]}},{"type":"Feature","id":"rivers-48","properties":{"id":49,"name":null,"size":0,"continent":"Essos","layer":"rivers","fid":"rivers-48"},"geometry":{"type":"LineString","coordinates":[[53.362045551167625,-9.974839094179117],[53.41207812445752,-9.841418898739377],[53.51631265214482,-9.657966130009726],[53.599700274294655,-9.532884696784976],[53.60803903650964,-9.299399354765427]]}},{"type":"Feature","id":"rivers-49","properties":{"id":50,"name":null,"size":0,"continent":"Essos","layer":"rivers","fid":"rivers-49"},"geometry":{"type":"LineString","coordinates":[[54.00413024172136,-11.901093165840358],[54.11253415051615,-11.759334208185628],[54.212599297095956,-11.559203915026018],[54.36686639807316,-11.421614338478783],[54.571166072340255,-11.304871667469016],[54.838006463219735,-11.179790234244258],[55.02145923194938,-10.987998703299631],[55.06315304302429,-10.737835836850117],[55.15487942738912,-10.662786976915271],[55.338332196118756,-10.558552449227975],[55.54313085772706,-10.436114339615322],[55.75110092576045,-10.295881439455982],[55.90953740784515,-10.304220201670958],[56.030449459962405,-10.212493817306154],[56.197224704262084,-10.06239609743644],[56.37233871077674,-9.858096423169336],[56.464065095141564,-9.749692514374544],[56.55162209839889,-9.616272318934811],[56.57246900393635,-9.378617595807775],[56.6975504371611,-9.266044305905496],[56.81846248927837,-9.136793491573243],[56.87266444367576,-9.003373296133503]]}},{"type":"Feature","id":"rivers-50","properties":{"id":51,"name":null,"size":0,"continent":"Essos","layer":"rivers","fid":"rivers-50"},"geometry":{"type":"LineString","coordinates":[[56.61416281501127,-11.688454729358327],[56.718397342698566,-11.63842215606838],[56.876833824783255,-11.575881439456005],[56.93520516028814,-11.434122481801282],[57.00191525800801,-11.292363524146559],[57.122827310125274,-11.292363524146559],[57.33963512771486,-11.284024761931569],[57.48139408536957,-11.158943328706819],[57.56061232641192,-10.967151797762192],[57.689863140744166,-10.854578507859912],[57.76074261957153,-10.708650169097702],[57.714879427389114,-10.516858638153074],[57.7273875707116,-10.408454729358283],[57.76908138178651,-10.304220201670987],[57.898332196118766,-10.18747753066122],[58.02758301045101,-10.099920527403881],[58.14432568146078,-9.937314664211698]]}},{"type":"Feature","id":"rivers-51","properties":{"id":52,"name":"Skahazadban","size":0,"continent":"Essos","layer":"rivers","fid":"rivers-51","slug":"skahazadban"},"geometry":{"type":"LineString","coordinates":[[67.24454189799143,-9.558857574073599],[67.39618235898523,-9.616272318934818],[67.66302274986471,-9.595425413397365],[67.8172898508419,-9.52454593457],[67.90901623520674,-9.50369902903254],[67.91318561631421,-9.549562221214948],[68.05494457396894,-9.54539284010746],[68.19253415051617,-9.50369902903254],[68.31761558374093,-9.54539284010746],[68.40934196810575,-9.616272318934818],[68.61364164237285,-9.653796748902245],[68.7470618378126,-9.707998703299637],[68.85546574660738,-9.808063849879446],[68.9471921309722,-9.89562085313677],[68.98888594204712,-10.02904104857651],[69.08895108862691,-10.091581765188891],[69.21403252185168,-10.187477530661198],[69.23487942738913,-10.329236488315928],[69.33494457396894,-10.470995445970651],[69.46419538830119,-10.625262546947852],[69.48504229383865,-10.733666455742636],[69.43500972054875,-10.883764175612342],[69.37246900393637,-10.88793355671983],[69.28908138178653,-10.962982416654675],[69.20986314074419,-11.083894468771945],[69.0972898508419,-11.179790234244258],[69.00556346647708,-11.275685999716565],[68.95136151207969,-11.42578371958627],[68.97220841761715,-11.567542677240993],[68.98888594204712,-11.688454729358256],[68.91383708211227,-11.763503589293116],[68.79709441110249,-11.855229973657934],[68.75540060002757,-12.005327693527647],[68.73038431338261,-12.122070364537414],[68.67201297787773,-12.247151797762172],[68.7387230755976,-12.372233230986922],[68.74914652836634,-12.561940071377798],[68.76373936224256,-12.664089908511365],[68.80960255442497,-12.839203915026012],[68.84921167494613,-13.001809778218202],[68.88048203325233,-13.156076879195389],[68.93885336875721,-13.306174599065102],[68.88048203325233,-13.364545934569989],[68.80543317331747,-13.40623974564491],[68.78875564888752,-13.489627367794746],[68.78875564888752,-13.59803127658953],[68.83044945996242,-13.681418898739366],[68.82211069774745,-13.756467758674226]]}},{"type":"Feature","id":"rivers-52","properties":{"id":53,"name":null,"size":0,"continent":"Essos","layer":"rivers","fid":"rivers-52"},"geometry":{"type":"LineString","coordinates":[[69.43500972054875,-10.883764175612342],[69.50797388992984,-10.962982416654661],[69.60386965540215,-10.983829322192122],[69.678918515337,-11.046370038804497],[69.72895108862691,-11.138096423169316],[69.83318561631421,-11.18812899645922],[69.97077519286142,-11.242330950856612],[70.07500972054874,-11.367412384081376],[70.12504229383863,-11.513340722843587],[70.15839734269856,-11.667607823820795],[70.11670353162364,-11.80936678147551],[70.07917910165622,-11.946956358022746]]}},{"type":"Feature","id":"rivers-53","properties":{"id":54,"name":"Worm River","size":0,"continent":"Essos","layer":"rivers","fid":"rivers-53","slug":"worm-river"},"geometry":{"type":"LineString","coordinates":[[64.91775719779618,-15.259012863708492],[65.08426053488098,-15.249106195156259],[65.27188268471812,-15.34500196062858],[65.35943968797545,-15.445067107208388],[65.42614978569532,-15.578487302648128],[65.46784359677024,-15.670213687012946],[65.62628007885493,-15.6910605925504],[65.71800646321975,-15.716076879195356],[65.81807160979956,-15.782786976915219],[65.92647551859434,-15.828650169097642],[66.05989571403408,-15.791125739130209],[66.15996086061388,-15.666044305905459],[66.2058240527963,-15.549301634895684],[66.26419538830118,-15.457575250530866],[66.26836476940868,-15.390865152810989],[66.22250157722627,-15.34500196062858],[66.13494457396894,-15.265783719586238],[66.12243643064646,-15.161549191898942],[66.13911395507643,-15.015620853136724],[66.16413024172138,-14.878031276589496],[66.19748529058131,-14.782135511117175],[66.29338105605362,-14.732102937827278],[66.37259929709597,-14.798813035547141],[66.47266444367578,-14.882200657696984],[66.5101888736432,-15.036467758674178],[66.48517258699825,-15.161549191898942],[66.46849506256828,-15.319985673983624],[66.47266444367578,-15.536793491573206],[66.50601949253571,-15.678552449227922],[66.59774587690053,-15.75360130916279],[66.74784359677024,-15.749431928055287],[66.84373936224254,-15.666044305905459],[66.9229576032849,-15.52011596714324],[66.97715955768228,-15.407542677240968],[67.11891851533701,-15.294969387338682],[67.26484685409922,-15.25327557626376],[67.39826704953896,-15.29080000623118],[67.5358566260862,-15.303308149553658],[67.60256672380606,-15.199073621866361],[67.64426053488098,-15.099008475286567],[67.7443256814608,-15.04063713978168],[67.81520516028816,-15.08650033196409],[67.86523773357806,-15.278291862908716],[67.8944234013305,-15.490930299390797],[67.84856020914809,-15.770278833592755],[67.81937454139565,-16.04545798668721],[67.82354392250315,-16.27894332870676],[67.88191525800802,-16.4123635241465],[67.89025402022301,-16.53744495737125],[67.83188268471812,-16.604155055091127],[67.71097063260086,-16.654187628381024],[67.67344620263343,-16.7709302993908],[67.69429310817088,-16.879334208185583],[67.7401563003533,-16.962721830335425],[67.7401563003533,-17.04610945248527],[67.69012372706341,-17.10448078799014],[67.65676867820346,-17.23790098342988],[67.67761558374093,-17.37132117886962],[67.70680125149336,-17.56728209092175]]}},{"type":"Feature","id":"rivers-54","properties":{"id":55,"name":null,"size":0,"continent":"Essos","layer":"rivers","fid":"rivers-54"},"geometry":{"type":"LineString","coordinates":[[78.37064931040823,4.755482187330742],[78.45129636549979,4.592978495397475],[78.50549831989719,4.397017583345352],[78.63474913422942,4.167701622433306],[78.73064489970177,4.000926378133627]]}},{"type":"Feature","id":"rivers-55","properties":{"id":56,"name":"Volaena","size":0,"continent":"Essos","layer":"rivers","fid":"rivers-55","slug":"volaena"},"geometry":{"type":"MultiLineString","coordinates":[[[43.203348482763595,-8.849106195156281],[43.3617849648483,-8.640637139781688],[43.678657929017675,-8.478031276589512],[43.824586267779885,-8.34044170004227],[44.04556346647695,-8.040246260302858],[44.39579147950628,-7.823438442713275],[44.47084033944111,-7.698357009488539],[44.61259929709585,-7.585783719586253],[44.678469118048525,-7.431088274397673],[44.77937454139552,-7.3397902342442265],[44.87943968797533,-7.189692514374521]],[[44.87943968797533,-7.189692514374521],[45.12126379220986,-7.114643654439668],[45.29637779872451,-6.947868410139989],[45.58823447624894,-6.555946586035759],[45.85507486712842,-6.3891713417360805],[46.14693154465285,-6.214057335221426]],[[44.87943968797533,-7.189692514374521],[44.9920129778776,-7.072949843364761],[45.01702926452256,-6.939529647925021],[45.10458626777989,-6.7393993547654105],[45.23383708211213,-6.505914012745862],[45.20882079546718,-6.355816292876156],[45.17963512771474,-6.101484045319147],[45.27970027429455,-5.963894468771926],[45.33390222869194,-5.797119224472247],[45.450644899701715,-5.505262546947819],[45.48399994856165,-5.371842351508079],[45.48399994856165,-5.1758814394559565],[45.65494457396881,-5.01327557626378]]]}},{"type":"Feature","id":"rivers-56","properties":{"id":57,"name":"Rhoyne","size":0,"continent":"Essos","layer":"rivers","fid":"rivers-56","slug":"rhoyne"},"geometry":{"type":"MultiLineString","coordinates":[[[42.57377193553234,-8.699008475286576],[42.24022144693299,-8.290409126752365],[41.94836476940856,-7.898487302648135],[41.53142665865938,-7.639985673983638],[41.356312652144716,-7.314773947599278],[41.381328938789665,-7.022917270074842],[41.247908743349925,-6.764415641410352],[41.06445597462029,-6.572624110465725],[41.20621493227501,-6.397510103951063],[40.964390828040486,-5.997249517631843],[41.03943968797534,-5.588650169097647],[41.08113349905026,-5.188389582778434],[40.97272959025546,-4.9549042407588715],[40.87266444367565,-4.763112709814244],[40.697550437161,-4.613014989944531],[40.54745271729129,-4.371190885710007],[40.40569375963657,-4.0709954459705955],[40.355661186346666,-3.895881439455934],[40.380677472991614,-3.770800006231177],[40.313967375271744,-3.620702286361478],[40.380677472991614,-3.428910755416844],[40.313967375271744,-3.1870866511823195],[40.34732242413168,-2.811842351508048],[40.47240385735644,-2.3782267163289035],[40.564130241721266,-2.1197250876644134],[40.53077519286133,-1.9112560322898204],[40.66419538830107,-1.6193993547653918],[40.73924424823593,-1.2108000062311817],[40.789276821525824,-1.0773798107914487],[40.73924424823593,-0.8772495176318387],[40.830970632600746,-0.7021355111171772],[40.764260534880876,-0.47698893131261855],[40.81846248927826,-0.21640261209437028],[40.89258919129467,-0.05868246945019706],[40.88100320589064,0.15050292536491838]],[[42.367101865482375,-10.717577665737053],[42.4403517400926,-10.53353616258299],[42.49872307559749,-10.366760918283319],[42.57377193553234,-10.058226716328917]],[[42.57377193553234,-10.058226716328917],[42.60712698439227,-9.66630489222468],[42.60712698439227,-9.499529647925009],[42.73220841761703,-9.324415641410354],[42.65715955768218,-8.974187628381031],[42.57377193553234,-8.699008475286576]],[[42.57377193553234,-10.058226716328917],[42.71553089318706,-10.258357009488499],[42.79057975312191,-10.466826064863099],[42.87170577636809,-10.544704103674356]],[[43.22212515892761,-10.030755675920389],[43.1574852905812,-9.949822807534112],[43.01572633292648,-9.77470880101945],[43.01572633292648,-9.599594794504796],[42.940677472991624,-9.374448214700237],[42.82393480198185,-9.224350494830524],[42.7989185153369,-8.940832579521079],[42.57377193553234,-8.699008475286576]],[[42.57377193553234,-8.699008475286576],[43.203348482763595,-8.849106195156281],[43.34093805931084,-9.040897726100887],[43.49103577918055,-9.182656683755603],[43.59123357522364,-9.37663949514262]]]}},{"type":"Feature","id":"rivers-57","properties":{"id":58,"name":"Selhoru","size":0,"continent":"Essos","layer":"rivers","fid":"rivers-57","slug":"selhoru"},"geometry":{"type":"LineString","coordinates":[[41.08113349905026,-5.188389582778434],[41.285433173317344,-4.96324300297384],[41.47722470426197,-4.76311270981423],[41.685693759636564,-4.517119224472218],[41.898332196118645,-4.354513361280034],[41.94836476940855,-4.1293667814754755],[41.95253415051604,-3.958422156068309],[42.1193093948157,-3.7666306251236747],[42.25272959025544,-3.683243002973832],[42.49038431338248,-3.478943328706741],[42.59878822217726,-3.4539270420617854],[42.828104183089316,-3.4330801365243246],[43.11996086061374,-3.2412886055797046],[43.23670353162352,-3.0995296479249816],[43.286736104913416,-2.941093165840293],[43.42849506256814,-2.816011732615536],[43.620286593512766,-2.665914012745823],[43.67031916680266,-2.4908000062311757],[43.72035174009257,-2.3073472375015243],[43.83709441110234,-2.115555706556904],[43.96217584432709,-1.9988130355471299],[44.087257277551856,-1.923764175612277],[44.26237128406651,-1.8820703645373555],[44.36243643064631,-1.6986175958077183],[44.58758301045087,-1.5735361625829611],[44.75435825475055,-1.4984873026481083],[44.90445597462026,-1.4734710160031597],[45.19631265214469,-1.440115967143221],[45.429797994164225,-1.4067609182832896],[45.58823447624892,-1.306695771703481],[45.84673610491342,-1.106565478543871],[45.996833824783124,-1.0648716674689496]]}},{"type":"Feature","id":"rivers-58","properties":{"id":59,"name":null,"size":0,"continent":"Essos","layer":"rivers","fid":"rivers-58"},"geometry":{"type":"LineString","coordinates":[[43.96217584432709,-1.9988130355471299],[44.00386965540201,-1.865392840107397],[44.00386965540201,-1.7069563580227012],[43.96217584432709,-1.4901485404331325],[43.99136151207954,-1.3400508205634196],[44.13728985084175,-1.2066306251236796],[44.26237128406651,-1.039855380824001]]}},{"type":"Feature","id":"rivers-59","properties":{"id":60,"name":null,"size":0,"continent":"Essos","layer":"rivers","fid":"rivers-59"},"geometry":{"type":"LineString","coordinates":[[44.75435825475055,-1.4984873026481083],[44.91279473683523,-1.3984221560683068],[44.95448854791015,-1.2566631984135839],[45.00452112120005,-1.0857185730064174],[45.10041688667236,-1.0065003319640695],[45.2338370821121,-0.9648065208891552],[45.29637779872449,-0.8522332309868759],[45.39644294530429,-0.7563374655145623],[45.554879427388975,-0.6937967489021872],[45.61325076289387,-0.572884696784925],[45.64243643064631,-0.47698893131261144],[45.74667095833361,-0.3393993547653764],[45.755009720548586,-0.24350358929306282]]}},{"type":"Feature","id":"rivers-60","properties":{"id":61,"name":null,"size":0,"continent":"Essos","layer":"rivers","fid":"rivers-60"},"geometry":{"type":"LineString","coordinates":[[42.828104183089316,-3.4330801365243246],[43.04491200067888,-3.416402612094373],[43.22836476940852,-3.3747088010194517],[43.403478775923176,-3.2996599410845917],[43.58693154465282,-3.3163374655145645],[43.837094411102335,-3.345523133267008],[44.04139408536943,-3.349692514374503],[44.13312046973425,-3.2996599410845917],[44.22484685409908,-3.203764175612285],[44.395791479506244,-3.0578358368500673],[44.60009115377334,-2.945262546947788],[44.87110092576031,-2.8618749247979522],[45.029537407845,-2.7784873026481094],[45.32556346647692,-2.807672970400553],[45.45481428080917,-2.7743179215406215],[45.56321818960396,-2.7034384427132636],[45.67996086061374,-2.674252774960813],[45.809211674945985,-2.678422156068308]]}},{"type":"Feature","id":"rivers-61","properties":{"id":62,"name":"Lhorulu","size":0,"continent":"Essos","layer":"rivers","fid":"rivers-61","slug":"lhorulu"},"geometry":{"type":"MultiLineString","coordinates":[[[38.25846248927823,-0.30604430590545206],[38.09168724497855,-0.1809628726806949],[37.9165732384639,-0.09757525053086624],[37.79983056745412,-0.02252639059600625],[37.79983056745412,0.13591009148868238],[37.83318561631406,0.26099152471343245],[37.808169329669106,0.41108924458314533],[37.71644294530429,0.47779934230301535]],[[38.25846248927823,-0.30604430590545206],[38.18341362934337,-0.14760782382076343],[38.275140013708196,0.0358449449088738],[38.39188268471797,0.21929771363852524],[38.33351134921308,0.4611218178730425],[38.366866398073014,0.5945420133127826],[38.475270306867806,0.7446397331824954],[38.45025402022285,0.8780599286222355],[38.33351134921308,1.0114801240619684]],[[40.53077519286133,-1.9112560322898204],[40.30145923194924,-1.7903439801725582],[40.04295760328474,-1.6902788335927497],[39.87618235898507,-1.5568586381530096],[39.60934196810559,-1.5568586381530096],[39.45924424823588,-1.4567934915732081],[39.434227961590935,-1.3734058694233724],[39.32582405279614,-1.273340722843571],[39.31748529058116,-0.9648065208891694],[39.209081381786376,-0.856402612094378],[39.008951088626766,-0.856402612094378],[38.7838045088222,-0.9314514720292308],[38.60035174009256,-0.8480638498793951],[38.375205160288004,-0.647933556719785],[38.25846248927823,-0.30604430590545206]]]}},{"type":"Feature","id":"rivers-62","properties":{"id":63,"name":"Rhoyne","size":0,"continent":"Essos","layer":"rivers","fid":"rivers-62","slug":"rhoyne"},"geometry":{"type":"LineString","coordinates":[[40.62458626777987,1.0406657918144333],[40.52243643064633,1.1574084628242076],[40.44321818960399,1.3200143260163912],[40.40986314074405,1.6160403846483007],[40.3348142808092,1.8912195377427707],[40.18888594204698,2.1038579742248587],[40.00543317331734,2.2622944563095473],[39.90953740784502,2.3957146517492944],[39.88035174009257,2.566659277156461],[39.73859278243785,2.695910091488706],[39.53012372706326,2.816822143605968],[39.22575890621635,2.887701622433333],[38.983934801981825,2.9961055312281246],[38.87553089318704,3.1962358243877276],[38.60035174009257,3.229590873247652],[38.47527030686781,3.363011068687392],[38.23344620263329,3.4130436419773034],[38.10002600719355,3.371349830902382],[37.93325076289387,3.438059928622252],[37.80816932966912,3.5798188862769678],[37.57468398764957,3.646528983996838],[37.20777845019029,3.7966267038665507],[37.049341968105594,3.905030612661342],[36.88256672380592,4.171871003540815],[36.81168724497856,4.397017583345374],[36.69911395507628,4.588809114290008],[36.615726332926435,4.6430110686874],[36.536508091884095,4.613825400934957],[36.45728985084175,4.684704879762322],[36.41142665865934,4.847310742954498],[36.22797388992969,4.939037127319324],[36.05285988341504,5.210046899306292],[35.90276216354533,5.426854716895868]]}},{"type":"Feature","id":"rivers-63","properties":{"id":64,"name":"Little Rhoyne","size":0,"continent":"Essos","layer":"rivers","fid":"rivers-63","slug":"little-rhoyne"},"geometry":{"type":"LineString","coordinates":[[35.90276216354533,5.426854716895868],[35.777680730320576,5.518581101260686],[35.57338105605348,5.593629961195539],[35.4608077661512,5.622815628947983],[35.29403252185153,5.581121817873061],[35.15644294530429,5.543597387905635],[34.985498319897125,5.631154391162966],[34.7937067889525,5.827115303215088],[34.62276216354534,5.956366117547333],[34.4893419681056,5.993890547514759],[34.29338105605348,6.014737453052213],[34.20999343390364,6.085616931879578],[34.214162815011136,6.2440534139642665],[34.02237128406651,6.3816429905115015],[33.84308789644435,6.490046899306286],[33.73885336875706,6.619297713638531],[33.60126379220983,6.773564814615732],[33.49702926452254,6.869460580088045],[33.43448854791016,7.023727681065239],[33.34693154465283,7.048743967710195],[33.26771330361048,7.027897062172734],[33.12595434595576,6.952848202237881],[33.03839734269843,7.002880775527785],[32.90497714725869,7.094607159892604],[32.821589525108855,7.13213158986003]]}},{"type":"Feature","id":"rivers-64","properties":{"id":65,"name":"Upper Rhoyne","size":0,"continent":"Essos","layer":"rivers","fid":"rivers-64","slug":"upper-rhoyne"},"geometry":{"type":"LineString","coordinates":[[35.90276216354533,5.426854716895868],[35.915270306867825,5.601968723410508],[35.915270306867825,5.793760254355135],[35.84022144693297,5.9688742608697964],[35.74015630035317,6.060600645234615],[35.64009115377336,6.127310742954485],[35.54836476940854,6.310763511684122],[35.56504229383851,6.494216280413767],[35.456638385043725,6.627636475853507],[35.33989571403395,6.711024098003342],[35.20647551859421,6.752717909078264],[35.08139408536946,6.886138104518004],[35.098071609799426,6.994542013312795],[35.0063452254346,7.219688593117354],[34.79787617006001,7.444835172921913],[34.6477784501903,7.578255368361653],[34.522697016965544,7.686659277156423],[34.47266444367564,7.828418234811153],[34.322566723805934,7.953499668035903],[34.14745271729128,8.057734195723206],[33.997354997421574,8.141121817873035],[33.83891851533688,8.270372632205287],[33.70549831989714,8.449656019827437],[33.584586267779876,8.512196736439812],[33.55956998113492,8.591414977482152],[33.52621493227499,8.703988267384439],[33.48869050230756,8.824900319501701],[33.42198040458769,8.8791022738991],[33.42198040458769,8.929134847188998],[33.44282731012515,8.995844944908868],[33.41364164237271,9.037538755983789],[33.3677784501903,9.091740710381181],[33.384455974620266,9.133434521456095],[33.384455974620266,9.229330286928409],[33.3677784501903,9.325226052400723],[33.317745876900396,9.450307485625487],[33.259374541395516,9.558711394420271],[33.28856020914796,9.754672306472393],[33.34276216354535,9.900600645234604],[33.326084639115386,10.07154527064177],[33.24686639807304,10.200796084974023],[33.238527635858055,10.313369374876302],[33.18432568146066,10.400926378133633],[33.21351134921311,10.521838430250888],[33.20934196810561,10.646919863475652],[33.14680125149324,10.726138104517993],[33.084260534880855,10.780340058915392],[33.07175239155838,10.880405205495194],[33.038397342698445,10.992978495397473],[32.96334848276359,11.076366117547316],[32.91748529058118,11.151414977482169],[32.91331590947369,11.222294456309527],[32.825758906216365,11.293173935136885],[32.71735499742157,11.368222795071745],[32.62145923194926,11.434932892791615],[32.558918515336885,11.522489896048938],[32.5464103720144,11.63089380484373],[32.45051460654209,11.705942664778583],[32.38380450882222,11.705942664778583],[32.27956998113493,11.739297713638521],[32.1878435967701,11.835193479110828],[32.10028659351278,11.931089244583141],[31.99605206582548,12.006138104518001]]}},{"type":"Feature","id":"rivers-65","properties":{"id":66,"name":"Noyne","size":0,"continent":"Essos","layer":"rivers","fid":"rivers-65","slug":"noyne"},"geometry":{"type":"LineString","coordinates":[[38.87553089318704,3.1962358243877276],[38.85468398764959,3.3379947820424434],[38.800482033252194,3.4547374530522106],[38.821328938789655,3.5964964107069335],[38.842175844327116,3.7924573227590486],[38.80465141435968,3.9342162804137715],[38.77129636549975,4.055128332531041],[38.80465141435968,4.176040384648303],[38.88386965540203,4.309460580088043],[38.88386965540203,4.463727681065237],[38.80882079546717,4.6221641631499395],[38.76295760328476,4.788939407449604],[38.6920781244574,4.859818886276969],[38.687908743349915,4.9473758895342925],[38.68373936224242,5.09330422829651],[38.63787617006001,5.193369374876319],[38.54614978569519,5.318450808101069],[38.58367421566261,5.385160905820939],[38.57116607234014,5.4977341957232255],[38.52530288015773,5.576952436765566],[38.51696411794274,5.685356345560358],[38.52530288015773,5.7645745866026985],[38.67540060002745,6.006398690837223],[38.758788222177294,6.264900319501713],[38.825498319897164,6.565095759241132],[38.87553089318706,7.157147876504965],[38.86719213097208,7.423988267384445],[38.80882079546719,7.640796084974028],[38.79214327103722,7.799232567058716],[38.650384313382496,7.928483381390961],[38.58784359677012,8.02020976575578],[38.60035174009259,8.182815628947964],[38.5461497856952,8.370437778785096],[38.45442340133038,8.491349830902365],[38.27514001370823,8.841577843931674],[38.22510744041833,9.000014326016363],[38.26680125149325,9.233499668035911],[38.2918175381382,9.400274912335583],[38.33351134921312,9.558711394420271],[38.28347877592322,9.667115303215063],[38.26680125149325,9.79219673643982],[38.33351134921312,9.8505680719447],[38.36686639807305,10.000665791814413],[38.3418501114281,10.167441036114084]]}},{"type":"Feature","id":"rivers-66","properties":{"id":67,"name":null,"size":0,"continent":"Essos","layer":"rivers","fid":"rivers-66"},"geometry":{"type":"LineString","coordinates":[[38.52530288015773,5.7645745866026985],[38.44608463911539,5.877147876504978],[38.441915258007896,6.014737453052213],[38.41272959025546,6.13981888627697],[38.30432568146067,6.256561557286737],[38.116703531623536,6.285747225039188],[38.04582405279618,6.389981752726477],[38.008299622828744,6.473369374876313],[38.04165467168868,6.560926378133644],[37.99162209839878,6.660991524713445],[37.84569375963657,6.781903576830707],[37.64139408536946,6.881968723410516],[37.503804508822235,7.007050156635266],[37.33285988341507,7.194672306472405],[37.236964117942755,7.315584358589668],[37.18693154465285,7.42815764849194],[37.203609069082816,7.565747225039175],[37.19943968797533,7.7241837071238635],[37.17442340133038,7.865942664778586],[37.09520516028803,7.97017719246589],[36.98680125149325,8.078581101260681],[36.92009115377338,8.191154391162954],[36.87422796159097,8.282880775527772],[36.878397342698456,8.412131589860024]]}},{"type":"Feature","id":"rivers-67","properties":{"id":68,"name":"Qhoyne","size":0,"continent":"Essos","layer":"rivers","fid":"rivers-67","slug":"qhoyne"},"geometry":{"type":"MultiLineString","coordinates":[[[40.87683382478313,1.2178644888828387],[40.964390828040486,1.3366918504463428],[41.026931544652875,1.4784508081010586],[41.043609069082834,1.6285485279707714],[41.118657929017694,1.7577993423030165],[41.21872307559749,1.8953889188502444],[41.264586267779904,1.9829459221075751],[41.31461884106981,2.0746723064723938],[41.36048203325222,2.208092501912134],[41.443869655402054,2.3039882673844474],[41.49390222869196,2.383206508426788],[41.589797994164265,2.458255368361648],[41.706540665174046,2.533304228296501],[41.898332196118666,2.608353088231354],[42.010905486020945,2.6458775181987875],[42.07344620263332,2.7792977136385275],[42.165172586998146,2.8543465735733733],[42.28191525800792,3.004444293443086],[42.34862535572778,3.1211869644528534],[42.35279473683528,3.304639733182505],[42.452859883415066,3.413043641977275],[42.56126379220986,3.4630762152671792],[42.71136151207957,3.546463837417015],[42.74471656093951,3.6506983651043043],[42.85728985084178,3.800796084974017],[42.9490162352066,3.892522469338836],[43.09494457396882,3.884183707123853],[43.320091153773376,3.9925876159186444],[43.47435825475058,4.042620189208549],[43.59943968797533,4.063467094746002],[43.65781102348022,4.134346573573367],[43.68282731012517,4.217734195723203],[43.74119864563006,4.284444293443073],[43.98302274986459,4.342815628947967],[44.20399994856165,4.442880775527762],[44.29155695181898,4.497082729925161],[44.42497714725872,4.517929635462615],[44.57507486712842,4.5888091142899725],[44.66263187038576,4.63884168757987],[44.7960520658255,4.630502925364887],[45.07956998113494,4.64718044979486]],[[45.07956998113494,4.64718044979486],[45.19631265214472,4.668027355332313],[45.30054717983201,4.622164163149911],[45.59240385735644,4.6513498309023475],[45.72582405279618,4.751414977482156],[45.871752391558395,4.818125075202026],[46.038527635858074,4.8556495051694455],[46.151100925760346,4.8598188862769405],[46.26784359677012,4.9306983651043055],[46.376247505564905,4.9932390817166805],[46.505498319897164,5.005747225039158],[46.61390222869194,5.076626703866523],[46.74315304302419,5.18086123155382],[46.85989571403397,5.264248853703656],[46.984977147258725,5.3434670947460035],[47.076703531623544,5.435193479110822]],[[45.07956998113494,4.64718044979486],[45.08373936224243,4.776431264127105],[45.18797388992973,4.880665791814401],[45.28386965540204,5.005747225039158],[45.32139408536947,5.155844944908864],[45.504846854099114,5.289265140348604],[45.64243643064634,5.380991524713423],[45.78836476940855,5.447701622433293],[45.85090548602094,5.568613674550562],[45.96764815703071,5.710372632205278],[46.051035779180545,5.822945922107564],[46.117745876900415,5.918841687579871],[46.26784359677012,5.960535498654792],[46.38875564888738,6.002229309729707],[46.417941316639826,6.060600645234601]]]}},{"type":"Feature","id":"rivers-68","properties":{"id":69,"name":"Darkwash","size":0,"continent":"Essos","layer":"rivers","fid":"rivers-68","slug":"darkwash"},"geometry":{"type":"MultiLineString","coordinates":[[[41.40217584432713,8.81239217617923],[41.30211069774729,8.922880775527766],[41.27292502999484,9.002099016570106],[41.26875564888734,9.081317257612461],[41.22497714725869,9.195975238068478],[41.12699669123263,9.273108788557082],[41.124912000678876,9.348157648491934],[41.1666058117538,9.423206508426787],[41.13533545344762,9.50450944002288],[41.10406509514143,9.567050156635261],[41.09989571403394,9.654607159892585],[41.09989571403394,9.727571329273694],[41.08738757071146,9.808874260869786]],[[41.40217584432713,8.81239217617923],[41.48139408536947,8.899949179436554],[41.568951088626804,8.995844944908868],[41.64399994856166,9.041708137091277],[41.64399994856166,9.104248853703659],[41.70654066517403,9.216822143605938],[41.81494457396882,9.304379146863262],[41.85246900393625,9.433629961195507],[41.898332196118666,9.60457458660268],[41.90667095833364,9.700470352074987],[41.96087291273104,9.775519212009847],[41.956703531623546,9.867245596374666],[41.90250157722615,9.942294456309519],[41.86497714725873,9.99649641070691],[41.86497714725873,10.134085987254146],[41.88165467168869,10.259167420478896],[41.90250157722615,10.321708137091278]],[[42.35279473683528,3.304639733182505],[42.34862535572778,3.4338905475147286],[42.34028659351279,3.5589719807394786],[42.390319166802705,3.663206508426775],[42.469537407845046,3.821642990511471],[42.47787617006003,3.942555042628733],[42.527908743349926,4.084314000283456],[42.59044945996231,4.230242339045674],[42.67383708211214,4.330307485625468],[42.69051460654211,4.480405205495181],[42.67383708211214,4.63884168757987],[42.65715955768217,4.768092501912115],[42.586280078854806,4.863988267384428],[42.598788222177284,5.005747225039151],[42.652990176574676,5.176691850446311],[42.71553089318705,5.280926378133614],[42.76973284758445,5.468548527970739],[42.773902228691945,5.639493153377913],[42.85728985084178,5.822945922107564],[42.93650809188413,5.968874260869775],[42.96569375963656,6.123141361846983],[42.96569375963656,6.248222795071733],[43.01781102348022,6.408743967710173],[43.00217584432712,6.5004703520749985],[42.945889199375976,6.568222795071733],[42.83227356419683,6.610958951423527],[42.652990176574676,6.652652762498448],[42.5445862677799,6.715193479110823],[42.515400600027455,6.836105531228085],[42.49455369448999,6.957017583345348],[42.45702926452256,7.061252111032644],[42.373641642372725,7.098776541000078],[42.290254020222896,7.1779947820424255],[42.2360520658255,7.28639869083721],[42.20269701696556,7.382294456309516],[42.20269701696556,7.515714651749256],[42.16934196810563,7.6366267038665185],[42.16934196810563,7.770046899306259],[42.115140013708235,7.874281426993562],[41.973381056053505,7.9826853357883465],[41.8733159094737,8.057734195723192],[41.81077519286133,8.207831915592905],[41.7732507628939,8.312066443280202],[41.68152437852908,8.378776541000072],[41.56061232641182,8.457994782042412],[41.448039036509535,8.53721302308476],[41.423022749864586,8.616431264127101],[41.40217584432713,8.81239217617923]]]}},{"type":"Feature","id":"rivers-69","properties":{"id":70,"name":null,"size":0,"continent":"Essos","layer":"rivers","fid":"rivers-69"},"geometry":{"type":"LineString","coordinates":[[43.01781102348022,6.408743967710173],[43.08660581175379,6.469199993768832],[43.17312046973424,6.530698365104335],[43.261719818268446,6.544248853703685],[43.35344620263327,6.606789570316067],[43.45768073032056,6.6547374530522205],[43.51917910165607,6.739167420478935],[43.5838045088222,6.822555042628764],[43.67136151207952,6.91428142699359],[43.72973284758442,7.018515954680886],[43.78185011142806,7.1144117201532]]}},{"type":"Feature","id":"rivers-70","properties":{"id":71,"name":null,"size":0,"continent":null,"layer":"rivers","fid":"rivers-70"},"geometry":{"type":"LineString","coordinates":[[55.09828103683496,-22.824474761255146],[55.03084033944106,-22.78422020167092],[55.00165467168862,-22.66747753066113],[54.94745271729123,-22.442330950856572],[54.864065095141385,-22.400637139781665],[54.672273564196765,-22.3297576609543],[54.53051460654204,-22.25053941991196],[54.57637779872445,-22.092102937827264],[54.58054717983194,-21.83777069027026],[54.505498319897086,-21.620962872680693],[54.451296365499694,-21.53757525053085]]}},{"type":"Feature","id":"rivers-71","properties":{"id":72,"name":null,"size":0,"continent":null,"layer":"rivers","fid":"rivers-71"},"geometry":{"type":"LineString","coordinates":[[52.23443383356073,-20.746439290586665],[52.17898366191661,-20.81627231893475],[52.17064489970162,-20.899659941084593],[52.0288859420469,-20.95803127658948],[51.84543317331726,-21.016402612094367],[51.762045551167425,-21.103959615351698],[51.74953740784495,-21.249887954113916],[51.6703191668026,-21.43751010395104]]}},{"type":"Feature","id":"rivers-72","properties":{"id":73,"name":null,"size":0,"continent":"Sothoryos","layer":"rivers","fid":"rivers-72"},"geometry":{"type":"MultiLineString","coordinates":[[[65.11852419415185,-33.66145897003176],[64.94354392250293,-33.74343844271321],[64.8205471798319,-33.82057199320181],[64.63709441110227,-33.87477394759921],[64.47865792901759,-33.91438306812039],[64.29103577918045,-33.9060443059054],[64.19514001370814,-33.81640261209432],[64.08882079546709,-33.67881303554708],[63.930384313382405,-33.61835700948846],[63.71357649579282,-33.57457850785981],[63.59057975312181,-33.49327557626371],[63.4717523915583,-33.45992052740378],[63.254944573968714,-33.44949707463506],[63.0860846391153,-33.38487166746893],[62.90868607112159,-33.24019944744603]],[[64.75383708211203,-32.99503453391844],[64.54536802673745,-32.86995310069369],[64.53702926452246,-32.70734723750151],[64.4619804045876,-32.61145147202919],[64.30771330361041,-32.61145147202919],[64.22015630035307,-32.61979023424418],[64.08256672380585,-32.54891075541683],[63.98250157722604,-32.51972508766437],[63.83657323846383,-32.56558827984678],[63.67813675637914,-32.598943328706724],[63.540547179831904,-32.56975766095428],[63.382110697747216,-32.47803127658945],[63.31050029645651,-32.4365709967762]],[[64.57872307559737,-32.4446762277295],[64.44530288015764,-32.29457850785981],[64.31605206582539,-32.223699029032446],[64.24517258699804,-32.05275440362527],[64.2159869192456,-31.82343844271324],[64.04921167494591,-31.710865152810953],[63.95748529058109,-31.552428670726258],[63.899204859156505,-31.478758017780166]],[[64.6746188410697,-31.489887954113883],[64.64126379220976,-31.356467758674142],[64.51618235898499,-31.252233230986846],[64.4161172124052,-31.131321178869584],[64.34306941039857,-31.067599275576995]],[[64.57872307559737,-32.4446762277295],[64.57872307559738,-32.31959479450475],[64.57872307559738,-32.14031140688262],[64.54119864562996,-32.03190749808782],[64.60373936224234,-31.84845472935818],[64.64960255442473,-31.677510103951022],[64.6746188410697,-31.489887954113883]],[[64.75383708211203,-32.99503453391844],[64.78719213097197,-32.69483909417903],[64.57872307559737,-32.4446762277295]],[[64.6746188410697,-31.489887954113883],[64.74549831989705,-31.356467758674142],[64.85701783815253,-31.11899411835239]],[[64.86224099090683,-33.15347101600314],[64.75383708211203,-32.99503453391844]],[[64.86224099090683,-33.15347101600314],[64.95813675637913,-33.007542677240934],[65.07487942738892,-32.84493681404875],[65.1332507628938,-32.71151661860901],[65.11240385735634,-32.51972508766437],[65.16660581175374,-32.3529498433647],[65.21663838504364,-32.2528846967849],[65.21663838504364,-32.11529512023766],[65.32921167494591,-31.998552449227887],[65.41259929709575,-31.84845472935818],[65.42927682152572,-31.6316469117686],[65.41259929709575,-31.46070228636144],[65.42510744041823,-31.360637139781645],[65.5251507942327,-31.282523163546827]],[[65.11852419415185,-33.66145897003176],[64.97064489970161,-33.44532769352756],[64.86224099090683,-33.15347101600314]],[[65.82953740784495,-34.279203915025946],[65.47930939481562,-33.995685999716486],[65.31253415051594,-33.84558827984678],[65.1874527172912,-33.76220065769694],[65.11852419415185,-33.66145897003176]],[[65.82953740784495,-34.279203915025946],[65.75865792901756,-34.118682742387506],[65.78367421566251,-34.00819414303896],[65.83579147950616,-33.90604430590541],[65.83370678895241,-33.81431792154061],[65.81702926452245,-33.695490559977074],[65.80452112119997,-33.54956222121487],[65.82536802673744,-33.45575114629629],[65.81702926452246,-33.30565342642659],[65.91500972054851,-33.140962872680646],[66.0004820332521,-32.93040912675231],[66.13181753813808,-32.69692378473276]],[[68.07683382478305,-36.238813035547096],[67.90171981826839,-36.088715315677405],[67.70158952510879,-35.88858502251779],[67.52647551859413,-35.77184235150803],[67.20126379220976,-35.8302136870129],[66.9260846391153,-35.78018111372299],[66.75097063260064,-35.64676091828325],[66.7176155837407,-35.546695771703455],[66.50914652836612,-35.46330814955361],[66.40908138178631,-35.34656547854385],[66.19227356419673,-35.271516618608985],[66.1005471798319,-35.12141889873929],[66.00882079546709,-34.97965994108456],[65.9087556488873,-34.83790098342985],[65.87123121891986,-34.616923784732776],[65.89207812445733,-34.42513225378815],[65.82953740784495,-34.279203915025946]],[[66.13181753813808,-32.69692378473276],[66.14015630035307,-32.598943328706724],[66.11514001370811,-32.48845472935818],[66.09012372706317,-32.32167948505851],[66.08803903650941,-32.1569889313126],[66.10263187038564,-31.942265804276758],[66.0734462026332,-31.737966130009653],[66.07180503102555,-31.5722031864627]],[[66.13181753813808,-32.69692378473276],[66.20895108862669,-32.617705543690406],[66.28399994856154,-32.46760782382073],[66.31943968797522,-32.348780462257196],[66.30693154465274,-32.17575114629629],[66.32152437852896,-32.056923784732774],[66.40074261957132,-31.983959615351665],[66.46745271729118,-31.890148540433103],[66.55304764974062,-31.82450514190556]]]}},{"type":"Feature","id":"rivers-73","properties":{"id":74,"name":null,"size":0,"continent":"Essos","layer":"rivers","fid":"rivers-73"},"geometry":{"type":"MultiLineString","coordinates":[[[31.606944383867546,15.041538793148966],[31.510900355271946,15.079956404587207],[31.434065132395467,15.20161217414163],[31.363632844758694,15.368088490373992],[31.24197707520427,15.52175893612695],[31.24838001044398,15.592191223763727],[31.171544787567502,15.681832317119614],[31.113918370410143,15.771473410475501],[31.102578796954408,15.905242908070441]],[[31.606944383867546,15.041538793148966],[31.55572090194989,14.919883023594544],[31.536512096230773,14.811033124519533],[31.613347319107252,14.695780290204823],[31.619750254346954,14.593333326369518],[31.600541448627837,14.458871686335677],[31.581332642908716,14.314805643442277],[31.645361995305784,14.209157211987119],[31.696585477223437,14.145127859590055]],[[32.97717252516474,13.66490771661207],[32.90033730228826,13.895413385241504],[32.82350207941178,14.023472090035632],[32.71465218033677,14.106710248151813],[32.58659347554264,14.253977758665066],[32.49054944694704,14.420454074897435],[32.349684871673496,14.593333326369518],[32.240834972598485,14.721392031163646],[32.13838800876319,14.772615513081298],[31.952702886811696,14.804630189279827],[31.856658858216097,14.83024193023865],[31.773420700099916,14.900674217875427],[31.6645708010249,15.009524116950438],[31.606944383867546,15.041538793148966]],[[31.696585477223437,14.145127859590055],[31.735003088661674,14.029875025275338],[31.75421189438079,13.863398709042968],[31.715794282942554,13.780160550926787]],[[31.696585477223437,14.145127859590055],[31.81824124677786,14.061889701473874],[31.92709114585287,13.985054478597391],[31.997523433489643,13.90181632048121],[32.00392636872935,13.844189903323851]],[[32.97717252516474,13.66490771661207],[32.9387549137265,13.524043141338524],[32.913143172767676,13.466416724181165],[32.92594904324709,13.408790307023807],[32.97717252516474,13.351163889866449],[32.9387549137265,13.261522796510555]],[[33.54703376149862,13.165478767914962],[33.399766250985365,13.415193242263513],[33.20127525855447,13.600878364215006],[33.16926058235593,13.607281299454712],[33.11163416519857,13.575266623256177],[33.041201877561804,13.600878364215006],[32.97717252516474,13.66490771661207]]]}}]}